VENDOR,SUPPLIER CODE,ITEM CODE,SHORT DESCRIPTION,NOTES,NZ RRP EXCL,NZ DEALER EXCL
Amino,99-680000-20,H200,Standard 4K Digital Signage Media Player *Most popular*,"Incl. 2 years bundled Support & Orchestrate Basic, HDMI, Remote Controls & AUPSU",$725 ,$570 
Amino,99-480P00-00,H200W,WiFi Enabled 4K Digital Signage Media Player,"Incl. 2 years bundled Support & Orchestrate Basic, HDMI, Remote Controls & AUPSU",$921 ,$725 
Amino,99-992108-02,AUPSU,AU Power Supply,Accessories,$35 ,$28 
Amino,99-989100-00A,RRC,Replacement Remote Control,Accessories,$47 ,$37 
Amino,99-970310-00,IRE,IR Extender,Accessories,$35 ,$28 
Amino,X0-080000-01,P-1Y,"Amino Orchestrate Remote Management SaaS, Premium 1 year subscription - manage any connected device from a centralised SaaS solution.",***Purchase directly from Amino,POA,POA
Amino,X0-080000-02,P-2Y,"Amino Orchestrate Remote Management SaaS, Premium 2 year subscription - manage any connected device from a centralised SaaS solution.",***Purchase directly from Amino,POA,POA
Amino,X0-080000-03,P-3Y,"Amino Orchestrate Remote Management SaaS, Premium 3 year subscription - manage any connected device from a centralised SaaS solution.",***Purchase directly from Amino,POA,POA
Amino,X0-080000-05,P-5Y,"Amino Orchestrate Remote Management SaaS, Premium 5 year subscription - manage any connected device from a centralised SaaS solution.",***Purchase directly from Amino,POA,POA
Amino,X0-C00000-01,E-1Y,"Amino Enhanced Managed Support, 1 year subscription - add access to a support ticket system, commited response times & online chat messaging with Amino experts.",***Purchase directly from Amino,POA,POA
Amino,X0-C00000-02,E-2Y,"Amino Enhanced Managed Support, 2 year subscription - add access to a support ticket system, commited response times & online chat messaging with Amino experts.",***Purchase directly from Amino,POA,POA
Amino,X0-C00000-03,E-3Y,"Amino Enhanced Managed Support, 3 year subscription - add access to a support ticket system, commited response times & online chat messaging with Amino experts.",***Purchase directly from Amino,POA,POA
Amino,X0-C00000-05,E-5Y,"Amino Enhanced Managed Support, 5 year subscription - add access to a support ticket system, commited response times & online chat messaging with Amino experts.",***Purchase directly from Amino,POA,POA
Amino,X1-000030-00,WU-H200,Amino 3rd year Warranty Extension - H200,***Purchase directly from Amino,POA,POA
Amino,X1-000030-01,WU-H200W,Amino 3rd year Warranty Extension - H200W,***Purchase directly from Amino,POA,POA
AVPro Edge,AC-10G-AOC-01,AC-10G-AOC-01,1M AOC SFP Cable for connecting to transceivers,,$193 ,$135 
AVPro Edge,AC-10G-AOC-02,AC-10G-AOC-02,2M AOC SFP Cable for connecting to transceivers,,$201 ,$141 
AVPro Edge,AC-10G-AOC-03,AC-10G-AOC-03,3M AOC SFP Cable for connecting to transceivers,,$209 ,$146 
AVPro Edge,AC-10G-SFPP-C100,AC-10G-SFPP-C100,10G SFP+ Copper RJ45 100M Module,,"$1,040 ",$728 
AVPro Edge,AC-10G-SFPP-C30,AC-10G-SFPP-C30,10G SFP+ Copper RJ45 30M Module,,$537 ,$376 
AVPro Edge,AC-10G-SFPP-C80,AC-10G-SFPP-C80,10G SFP+ Copper RJ45 80M Module,,$963 ,$674 
AVPro Edge,AC-10G-SFPP-MM,AC-10G-SFPP-MM,10G SFP+ Multi-Mode Fiber Module,,$139 ,$97 
AVPro Edge,AC-10G-SFPP-SM,AC-10G-SFPP-SM,10G SFP+ Single-Mode Fiber Module,,$209 ,$146 
AVPro Edge,AC-1G-SFP-C,AC-1G-SFP-C,MXnet 1G SFP with Copper RJ-45,,$79 ,$55 
AVPro Edge,AC-1G-SFP-MM,AC-1G-SFP-MM,MXnet 1G SFP with Multimode Fiber,,$104 ,$73 
AVPro Edge,AC-1G-SFP-SM,AC-1G-SFP-SM,MXnet 1G SFP with Single Mode Fiber,,$209 ,$146 
AVPro Edge,AC-25G-AOC-01,AC-25G-AOC-01,25G SFP28 1 Meter Active Optical Cable,,$367 ,$257 
AVPro Edge,AC-25G-AOC-02,AC-25G-AOC-02,25G SFP28 Active Optical Cable 2M,,$383 ,$268 
AVPro Edge,AC-25G-AOC-03,AC-25G-AOC-03,25G SFP28 Active Optical Cable 3M,,$421 ,$295 
AVPro Edge,AC-25G-SFP28-MM,AC-25G-SFP28-MM,25G SFP28 Multi-Mode Fiber Module,,$313 ,$219 
AVPro Edge,AC-25G-SFP28-SM,AC-25G-SFP28-SM,25G SFP28 Multi-Mode Fiber Module,,$383 ,$268 
AVPro Edge,AC-40G-AOC-01,AC-40G-AOC-01,40G QSFP+ Active Optical Cable 1m,,$615 ,$430 
AVPro Edge,AC-40G-AOC-02,AC-40G-AOC-02,40G QSFP+ Active Optical Cable 2m,,$653 ,$457 
AVPro Edge,AC-40G-AOC-03,AC-40G-AOC-03,40G QSFP+ Active Optical Cable 3m,,$692 ,$484 
AVPro Edge,AC-40G-BOC-01,AC-40G-BOC-01,40G QSFP+ Breakout Cable 1m,,$692 ,$484 
AVPro Edge,AC-40G-BOC-02,AC-40G-BOC-02,40G QSFP+ Breakout Cable 2m,,$731 ,$512 
AVPro Edge,AC-40G-BOC-03,AC-40G-BOC-03,40G QSFP+ Breakout Cable 3m,,$769 ,$539 
AVPro Edge,AC-AEX-DEARC-KIT,AC-AEX-DEARC-KIT,Point to point audio extender using eARC over a singl category cable,,$802 ,$562 
AVPro Edge,AC-AEX-KIT,AC-AEX-KIT,130m Stereo/Digital Audio Extender over CAT5e built in DAC (Toslink/LR),,$359 ,$251 
AVPro Edge,AC-AEX-R,AC-AEX-R,Audio Extender Receiver Only,,$179 ,$126 
AVPro Edge,AC-AEX-RC-HUB,AC-AEX-RC-HUB,Audio Receiver Hub with 8 AEX inputs and 4 Stereo Inputs with 12 Stereo Outputs ,,"$2,083 ","$1,458 "
AVPro Edge,AC-AEX-T,AC-AEX-T,Audio Extender Transmitter Only,,$179 ,$126 
AVPro Edge,AC-AVDM-V3,AC-AVDM-V3,"Multi Channel Audio Downmixer with ARC, Dual HDMI Out (one scaled), Dolby Digital (7.1) and DTS (7.1). Atmos/DTS-X Downmix and deembed bitstream audio (Full HDR, 4K60 4:4:4). ",Replacement for AC-AVDM-AUHD,"$1,108 ",$776 
AVPro Edge,AC-AXION-4,AC-AXION-4,"18Gbps 4x4 HDBaseT/HDMI Matrix Switch with ICT and Uncompressed mirrored HDMI, IR Routing, Encapsulated RS232 Command Routing, Audio Matrixing, Scalers, EDID Management, Audio Delay. IR, RS232 and Ethernet Control, Full HDR, 4K60 4:4:4; grounded chassis; 2 U model; with 7.1 Downmixing.",,"$6,503 ","$4,552 "
AVPro Edge,AC-AXION-8,AC-AXION-8,"18Gbps 8x8 HDBaseT/HDMI Matrix Switch with ICT and Uncompressed mirrored HDMI, IR Routing, Encapsulated RS232 Command Routing, Audio Matrixing, Scalers, EDID Management, Audio Delay. IR, RS232 and Ethernet Control, Full HDR, 4K60 4:4:4; grounded chassis; 2 U model; with 7.1 Downmixing.",,"$18,172 ","$12,720 "
AVPro Edge,AC-AXION-IN-AUDIO,AC-AXION-IN-AUDIO,x2 Audio Only Input Card for the AXION-X Chassis. With 2Ch and TOSLINK inputs. ,For AC-AXION-X,$500 ,$350 
AVPro Edge,AC-AXION-IN-AUHD,AC-AXION-IN-AUHD,x2 HDMI Inputs with x2 Loopouts - 18Gbps 4K60 4:4:4,For AC-AXION-X,$500 ,$350 
AVPro Edge,AC-AXION-IN-AVDM,AC-AXION-IN-AVDM,x2 HDMI Inputs with x2 Loopouts - 18Gbps 4K60 4:4:4 with 7.1 Downmixing,For AC-AXION-X,"$1,088 ",$762 
AVPro Edge,AC-AXION-IN-HDBT,AC-AXION-IN-HDBT,x2 HDbaseT Inputs with x1 Loopout - 18Gbps 4K60 4:4:4,For AC-AXION-X,"$1,174 ",$822 
AVPro Edge,AC-AXION-IN-MCS,AC-AXION-IN-MCS,x2 HDMI Inputs with MCS - 18Gbps 4K60 4:4:4 (2CH Audio Only),For AC-AXION-X,$909 ,$636 
AVPro Edge,AC-AXION-OUT-AUHD,AC-AXION-OUT-AUHD,x2 HDMI Outputs - 18Gbps 4K60 4:4:4,For AC-AXION-X,$500 ,$350 
AVPro Edge,AC-AXION-OUT-HDBT,AC-AXION-OUT-HDBT,x2 HDBaseT Outputs - 18Gbps 4K60 4:4:4 (ICT Support),For AC-AXION-X,"$1,429 ","$1,000 "
AVPro Edge,AC-AXION-OUT-HDBT-L,AC-AXION-OUT-HDBT-L,"x2 HDBaseT Outputs - 18Gbps 4K60 4:4:4 (ICT Support, No CEC)",For AC-AXION-X,"$1,455 ","$1,018 "
AVPro Edge,AC-AXION-OUT-MCS,AC-AXION-OUT-MCS,x2 HDMI Outputs with MCS - 18Gbps 4K60 4:4:4 (2CH Audio Only),For AC-AXION-X,$909 ,$636 
AVPro Edge,AC-AXION-X,AC-AXION-X,Empty Modular 16x16 HDBaseT/HDMI Chassis ,,"$11,230 ","$7,861 "
AVPro Edge,AC-BT01-AUHD,AC-BT01-AUHD,Bullet Train 1 Metre HDMI Cable (3.2FT) - 18Gbps Ultra High Speed,Quantity pricing available!,$31 ,$22 
AVPro Edge,AC-BT02-AUHD,AC-BT02-AUHD,Bullet Train 2 Metre HDMI Cable (6.5FT) - 18Gbps Ultra High Speed,Quantity pricing available!,$43 ,$30 
AVPro Edge,AC-BT03-AUHD,AC-BT03-AUHD,Bullet Train 3 Metre HDMI Cable (9.8FT) - 18Gbps Ultra High Speed,Quantity pricing available!,$49 ,$35 
AVPro Edge,AC-BT04-AUHD,AC-BT04-AUHD,Bullet Train 4 Metre HDMI Cable (13.1FT) - 18Gbps Ultra High Speed,Quantity pricing available!,$56 ,$39 
AVPro Edge,AC-BT05-AUHD,AC-BT05-AUHD,Bullet Train 5 Metre HDMI Cable (16.4FT) - 18Gbps Ultra High Speed,Quantity pricing available!,$68 ,$48 
AVPro Edge,AC-BT08-AUHD,AC-BT08-AUHD,Bullet Train 8 Metre HDMI (26.2FT) - 18Gbps Ultra High Speed Directional Cable,Quantity pricing available!,$182 ,$127 
AVPro Edge,AC-BT10-AUHD,AC-BT10-AUHD,Bullet Train 10 Metre HDMI Cable (32.8FT) - 18Gbps Ultra High Speed Directional Cable,Quantity pricing available!,$213 ,$149 
AVPro Edge,AC-BT-10KUHD-003,AC-BT-10KUHD-003,"Bullet Train 0.3 Metre HDMI Cable (1FT) - 10K (48Gbps) VRR,FRL, eARC - 30 AWG",Quantity pricing available!,$45 ,$31 
AVPro Edge,AC-BT-10KUHD-005,AC-BT-10KUHD-005,"Bullet Train 0.5 Metre HDMI Cable (1.6FT) - 10K (48Gbps) VRR,FRL, eARC - 30 AWG",Quantity pricing available!,$48 ,$34 
AVPro Edge,AC-BT-10KUHD-007,AC-BT-10KUHD-007,"Bullet Train 0.7 Metre HDMI Cable (2.3FT) - 10K (48Gbps) VRR,FRL, eARC - 30 AWG",Quantity pricing available!,$51 ,$36 
AVPro Edge,AC-BT-10KUHD-010,AC-BT-10KUHD-010,"Bullet Train 1 Metre HDMI Cable (3.3FT) - 10K (48Gbps) VRR,FRL, eARC - 30 AWG",Quantity pricing available!,$55 ,$38 
AVPro Edge,AC-BT-10KUHD-015,AC-BT-10KUHD-015,"Bullet Train 1.5 Metre HDMI Cable (5FT) - 10K (48Gbps) VRR,FRL, eARC - 30 AWG",Quantity pricing available!,$58 ,$41 
AVPro Edge,AC-BT-10KUHD-020,AC-BT-10KUHD-020,"Bullet Train 2 Metre HDMI Cable (6.5FT) - 10K (48Gbps) VRR,FRL, eARC - 30 AWG",Quantity pricing available!,$62 ,$43 
AVPro Edge,AC-BT-10KUHD-030,AC-BT-10KUHD-030,"Bullet Train 3 Metre HDMI Cable (9.8FT) - 10K (48Gbps) VRR,FRL, eARC - 28 AWG",Quantity pricing available!,$75 ,$53 
AVPro Edge,AC-BT-10KUHD-040,AC-BT-10KUHD-040,"Bullet Train 4 Metre HDMI Cable (13FT) - 10K (48Gbps) VRR,FRL, eARC - 26 AWG",Quantity pricing available!,$134 ,$94 
AVPro Edge,AC-BT15-AUHD,AC-BT15-AUHD,Bullet Train 15 Metre HDMI Cable (49.21FT) - 18Gbps Ultra High Speed Directional Cable,Quantity pricing available!,$275 ,$192 
AVPro Edge,AC-BTJUMP-AUHD,AC-BTJUMP-AUHD,Bullet Train .5 (Half) Metre HDMI Jumper Cable (1.6FT) - 18Gbps Ultra High Speed,Quantity pricing available!,$28 ,$19 
AVPro Edge,AC-BTSSF-10KUHD-05,AC-BTSSF-10KUHD-05,"Bullet Train 5 Metre AOC HDMI Cable w/ 48Gbps Optics & Cleerline SSF Fiber Inside, CL2/3, Plenum, UL (16.40FT)",Quantity pricing available!,$362 ,$253 
AVPro Edge,AC-BTSSF-10KUHD-10,AC-BTSSF-10KUHD-10,"Bullet Train 10 Metre AOC HDMI Cable w/ 48Gbps Optics & Cleerline SSF Fiber Inside, CL2/3, Plenum, UL (32.8FT)",Quantity pricing available!,$443 ,$310 
AVPro Edge,AC-BTSSF-10KUHD-15,AC-BTSSF-10KUHD-15,"Bullet Train 15 Metre AOC HDMI Cable w/ 48Gbps Optics & Cleerline SSF Fiber Inside, CL2/3, Plenum, UL (49.2ft)",Quantity pricing available!,$570 ,$399 
AVPro Edge,AC-BTSSF-10KUHD-20,AC-BTSSF-10KUHD-20,"Bullet Train 20 Metre AOC HDMI Cable w/ 48Gbps Optics & Cleerline SSF Fiber Inside, CL2/3, Plenum, UL (65.6ft)",Quantity pricing available!,$633 ,$443 
AVPro Edge,AC-BTSSF-10KUHD-30,AC-BTSSF-10KUHD-30,"Bullet Train 30 Metre AOC HDMI Cable w/ 48Gbps Optics & Cleerline SSF Fiber Inside, CL2/3, Plenum, UL (98.4ft)",Quantity pricing available!,$721 ,$504 
AVPro Edge,AC-BTSSF-10KUHD-40,AC-BTSSF-10KUHD-40,"Bullet Train 40 Metre AOC HDMI Cable w/ 48Gbps Optics & Cleerline SSF Fiber Inside, CL2/3, Plenum, UL (131.2ft)",Quantity pricing available!,$795 ,$557 
AVPro Edge,AC-BTSSF-10KUHD-60,AC-BTSSF-10KUHD-60,"Bullet Train 60 Metre AOC HDMI Cable w/ 48Gbps Optics & Cleerline SSF Fiber Inside, CL2/3, Plenum, UL (196.85ft)",*Limited stock available*,$640 ,$448 
AVPro Edge,AC-BTSSF-5KUHD-10,AC-BTSSF-5KUHD-10,"Bullet Train 10 Metre AOC HDMI Cable w/ 18Gbps Low Power HDMI & Cleerline Fiber Inside, FT4, CL2/3 (32.8FT)",Quantity pricing available!,$325 ,$227 
AVPro Edge,AC-BTSSF-5KUHD-15,AC-BTSSF-5KUHD-15,"Bullet Train 15 Metre AOC HDMI Cable w/ 18Gbps Low Power HDMI & Cleerline Fiber Inside, FT4, CL2/3 (49.2FT)",Quantity pricing available!,$343 ,$240 
AVPro Edge,AC-BTSSF-5KUHD-20,AC-BTSSF-5KUHD-20,"Bullet Train 20 Metre AOC HDMI Cable w/ 18Gbps Low Power HDMI & Cleerline Fiber Inside, FT4, CL2/3 (65.6FT)",Quantity pricing available!,$397 ,$278 
AVPro Edge,AC-BTSSF-5KUHD-30,AC-BTSSF-5KUHD-30,"Bullet Train 30 Metre AOC HDMI Cable w/ 18Gbps Low Power HDMI & Cleerline Fiber Inside, FT4, CL2/3 (98.4FT)",Quantity pricing available!,$483 ,$338 
AVPro Edge,AC-BTSSF-5KUHD-40,AC-BTSSF-5KUHD-40,"Bullet Train 40 Metre AOC HDMI Cable w/ 18Gbps Low Power HDMI & Cleerline Fiber Inside, FT4, CL2/3 (131.2FT)",*Limited stock available*,$415 ,$291 
AVPro Edge,AC-BTSSF-USB3-A2C-05,AC-BTSSF-USB3-A2C-05,Bullet Train 5 Metre USB 3.1 Long Distance Active Optical Cable (A-C),*Limited stock available*,$195 ,$137 
AVPro Edge,AC-BTSSF-USB3-A2C-10,AC-BTSSF-USB3-A2C-10,Bullet Train 10 Metre USB 3.1 Long Distance Active Optical Cable (A-C ),*Limited stock available*,$234 ,$164 
AVPro Edge,AC-BTSSF-USB3-A2C-15,AC-BTSSF-USB3-A2C-15,Bullet Train 15 Metre USB 3.1 Long Distance Active Optical Cable (A-C),*Limited stock available*,$276 ,$193 
AVPro Edge,AC-BTSSF-USB3-A2C-30,AC-BTSSF-USB3-A2C-30,Bullet Train 30 Metre USB 3.1 Long Distance Active Optical Cable (A-C),*Limited stock available*,$393 ,$275 
AVPro Edge,AC-BTSSF-USB3-A2C-40,AC-BTSSF-USB3-A2C-40,Bullet Train 40 Metre USB 3.1 Long Distance Active Optical Cable (A-C),*Limited stock available*,$464 ,$325 
AVPro Edge,AC-BTSSF-USB3-HUB-05,AC-BTSSF-USB3-HUB-05,Bullet Train 5 Metre USB 3.0 Extension Cable with 4 Port Hub,*Limited stock available*,$365 ,$256 
AVPro Edge,AC-BTSSF-USB3-HUB-10,AC-BTSSF-USB3-HUB-10,Bullet Train 10 Metre USB 3.0 Extension Cable with 4 Port Hub,*Limited stock available*,$413 ,$289 
AVPro Edge,AC-BTSSF-USB3-HUB-15,AC-BTSSF-USB3-HUB-15,Bullet Train 15 Metre USB 3.0 Extension Cable with 4 Port Hub,*Limited stock available*,$455 ,$318 
AVPro Edge,AC-BTSSF-USB3-HUB-20,AC-BTSSF-USB3-HUB-20,Bullet Train 20 Metre USB 3.0 Extension Cable with 4 Port Hub,*Limited stock available*,$494 ,$346 
AVPro Edge,AC-BTSSF-USB3-HUB-30,AC-BTSSF-USB3-HUB-30,Bullet Train 30 Metre USB 3.0 Extension Cable with 4 Port Hub,*Limited stock available*,$585 ,$410 
AVPro Edge,AC-BTSSF-USB3-HUB-40,AC-BTSSF-USB3-HUB-40,Bullet Train 40 Metre USB 3.0 Extension Cable with 4 Port Hub,*Limited stock available*,$675 ,$473 
AVPro Edge,AC-Cable-3PIN-2CH,AC-Cable-3PIN-2CH,3Pin Phoenix Connector to 2 Channel Stereo Female for balanced audio ports,,$40 ,$28 
AVPro Edge,AC-Cable-5PIN-2CH,AC-Cable-5PIN-2CH,5Pin Phoenix Connector to 2 Channel Stereo Female for balanced audio ports,,$40 ,$28 
AVPro Edge,AC-CX42-AUHD,AC-CX42-AUHD,"4x2 ConferX Auto Switching Matrix w/ HDBaseT Inputs and Outputs. Microphone, Volume and Line Level Audio",,"$1,409 ",$986 
AVPro Edge,AC-CX62-AUHD,AC-CX62-AUHD,"6x2 ConferX Auto Switching Matrix w/ HDBaseT Inputs and Outputs. Microphone, Volume and Line Level Audio",,"$1,919 ","$1,343 "
AVPro Edge,AC-CX-84,AC-CX-84,"8x4 ConferX Quick Switch Matrix w/ HDBaseT Inputs and Outputs. Microphone, Volume and Line Level Audio",,"$5,729 ","$4,011 "
AVPro Edge,AC-CXMX-AUHD-RACK,AC-CXMX-AUHD-RACK,Rack Mount for AC-CX42-AUHD and AC-CX62-AUHD,,$87 ,$61 
AVPro Edge,AC-CXWP-150-BKT,AC-CXWP-150-BKT,"Ultra-Stable, Long Distance 150M 4k60 Wall Plate Extender Kit - White",Replacement for AC-CXWP-HDMO-BKT,"$1,236 ",$865 
AVPro Edge,AC-CXWP-150-BKT-B,AC-CXWP-150-BKT-B,"Ultra-Stable, Long Distance 150M 4k60 Wall Plate Extender Kit - Black",Replacement for AC-CXWP-HDMO-BKT-B,"$1,236 ",$865 
AVPro Edge,AC-CXWP-HDMO-T,AC-CXWP-HDMO-T,"HDMI Single Gang, Decora Wall Plate HDBaseT Transmitter ONLY (100M HD, 70M 4K) - White",Use with AC-EX70-444-RNE-P,$878 ,$615 
AVPro Edge,AC-CXWP-HDMO-TB,AC-CXWP-HDMO-TB,"HDMI Single Gang, Decora Wall Plate HDBaseT Transmitter ONLY (100M HD, 70M 4K) - Black",Use with AC-EX70-444-RNE-P,$878 ,$615 
AVPro Edge,AC-CXWP-KVM-KIT,AC-CXWP-KVM-KIT,HDMI and Bi-Directional USB/KVM Wall Plate Transmitter and Receiver via HDBaseT Kit,,"$1,665 ","$1,165 "
AVPro Edge,AC-CXWP-LPDH-CCB,AC-CXWP-LPDH-CCB,ConferX Low-Profile Dual HDMI Wall Plate _ Black ,"Standard with US faceplate. EU/UK version available, but ex-indent & must be specified as ""SKU""-EU",$40 ,$28 
AVPro Edge,AC-CXWP-LPDH-CCS,AC-CXWP-LPDH-CCS,ConferX Low-Profile Dual HDMI Wall Plate Faceplate - Steel,"Standard with US faceplate. EU/UK version available, but ex-indent & must be specified as ""SKU""-EU",$40 ,$28 
AVPro Edge,AC-CXWP-LPDH-KIT,AC-CXWP-LPDH-KIT,ConferX Low-Profile Dual HDMI Wall Plate Transmitter (White) and RX via HDBaseT(100 Meters),"Standard with US faceplate. EU/UK version available, but ex-indent & must be specified as ""SKU""-EU","$2,221 ","$1,555 "
AVPro Edge,AC-CXWP-LPDH-T,AC-CXWP-LPDH-T,ConferX Low-Profile Dual HDMI Wall Plate Transmitter via HDBaseT - White (100 Meters),"Standard with US faceplate. EU/UK version available, but ex-indent & must be specified as ""SKU""-EU","$1,045 ",$732 
AVPro Edge,AC-CXWP-LPDHU-CCB,AC-CXWP-LPDHU-CCB,ConferX Low-Profile HDMI/USB-C Wall Plate Faceplate _ Black,"Standard with US faceplate. EU/UK version available, but ex-indent & must be specified as ""SKU""-EU",$40 ,$28 
AVPro Edge,AC-CXWP-LPDHU-CCS,AC-CXWP-LPDHU-CCS,ConferX Low-Profile HDMI/USB-C Wall Plate Faceplate _ Steel,"Standard with US faceplate. EU/UK version available, but ex-indent & must be specified as ""SKU""-EU",$40 ,$28 
AVPro Edge,AC-CXWP-LPDHU-KIT,AC-CXWP-LPDHU-KIT,ConferX Low-Profile HDMI/USB-C Wall Plate Transmitter (White) and RX via HDBaseT(100 Meters),"Standard with US faceplate. EU/UK version available, but ex-indent & must be specified as ""SKU""-EU","$2,221 ","$1,555 "
AVPro Edge,AC-CXWP-LPDHU-T,AC-CXWP-LPDHU-T,ConferX Low-Profile HDMI/USB-C Wall Plate Transmitter via HDBaseT - White (100 Meters),"Standard with US faceplate. EU/UK version available, but ex-indent & must be specified as ""SKU""-EU","$1,045 ",$732 
AVPro Edge,AC-CXWP-LPH-CCB,AC-CXWP-LPH-CCB,ConferX Low-Profile HDMI Wall Plate Faceplate _ Black,"Standard with US faceplate. EU/UK version available, but ex-indent & must be specified as ""SKU""-EU",$40 ,$28 
AVPro Edge,AC-CXWP-LPH-CCS,AC-CXWP-LPH-CCS,ConferX Low-Profile HDMI Wall Plate Faceplate - Steel,"Standard with US faceplate. EU/UK version available, but ex-indent & must be specified as ""SKU""-EU",$40 ,$28 
AVPro Edge,AC-CXWP-LPH-KIT,AC-CXWP-LPH-KIT,ConferX Low-Profile HDMI Wall Plate Transmitter (White) and RX via HDBaseT (100 Meters),"Standard with US faceplate. EU/UK version available, but ex-indent & must be specified as ""SKU""-EU","$2,221 ","$1,555 "
AVPro Edge,AC-CXWP-LPH-T,AC-CXWP-LPH-T,ConferX Low-Profile HDMI Wall Plate Transmitter via HDBaseT - White (100 Meters),"Standard with US faceplate. EU/UK version available, but ex-indent & must be specified as ""SKU""-EU","$1,045 ",$732 
AVPro Edge,AC-CXWP-LPU-CCB,AC-CXWP-LPU-CCB,ConferX Low-Profile USB-C Wall Plate Faceplate _ Black,"Standard with US faceplate. EU/UK version available, but ex-indent & must be specified as ""SKU""-EU",$40 ,$28 
AVPro Edge,AC-CXWP-LPU-CCS,AC-CXWP-LPU-CCS,ConferX Low-Profile USB-C Wall Plate Faceplate _ Steel,"Standard with US faceplate. EU/UK version available, but ex-indent & must be specified as ""SKU""-EU",$40 ,$28 
AVPro Edge,AC-CXWP-LPU-KIT,AC-CXWP-LPU-KIT,ConferX Low-Profile USB-C Wall Plate Transmitter (White) and RX via HDBaseT(100 Meters),"Standard with US faceplate. EU/UK version available, but ex-indent & must be specified as ""SKU""-EU","$2,221 ","$1,555 "
AVPro Edge,AC-CXWP-LPU-T,AC-CXWP-LPU-T,ConferX Low-Profile USB-C Wall Plate Transmitter via HDBaseT - White (100 Meters),"Standard with US faceplate. EU/UK version available, but ex-indent & must be specified as ""SKU""-EU","$1,045 ",$732 
AVPro Edge,AC-CXWP-USBC-T,AC-CXWP-USBC-T,"USB-C & HDMI Single Gang, Decora Style Wall Plate (White) HDBaseT Transmitter ONLY (100M HD, 70M 4K)",Use with AC-EX70-444-RNE-P,"$1,011 ",$707 
AVPro Edge,AC-CXWP-VGA-T,AC-CXWP-VGA-T,"VGA & HDMI Single Gang, Decora Style Wall Plate (White) HDBaseT Transmitter ONLY (100M HD, 70M 4K)",Use with AC-EX70-444-RNE-P,$883 ,$618 
AVPro Edge,AC-DA-12X2,AC-DA-12X2,"48Gbps HDMI scaling distribution amplifier with one input, dual outputs",Replacement for AC-DA12-AUHD,$365 ,$255 
AVPro Edge,AC-DA-14X2,AC-DA-14X2,"48Gbps HDMI scaling distribution amplifier with one input, and four outputs",Replacement for AC-DA14-AUHD / AC-DA-14X,$504 ,$353 
AVPro Edge,AC-DA-18X2,AC-DA-18X2,"48Gbps HDMI scaling distribution amplifier with one input, and eight outputs",Replacement for AC-DA18-AUHD,$896 ,$627 
AVPro Edge,AC-DA210-HDBT,AC-DA210-HDBT,"HDBaseT 2x10 Distribution Amplifier (2 HDMI In, 2 HDMI Out, 8 HDBT Out) (4K60 4:4:4 Max w/ ICT). NO Receivers included. Compatible Receivers are: AC-EX70-UHD-R2 & AC-EX70-444-RNE",Compatible receivers: AC-EX70-UHD-R2 & AC-EX70-444-RNE (must be purchased separately - not included with DA),"$4,356 ","$3,049 "
AVPro Edge,AC-DAC-CO2,AC-DAC-CO2,Digital to Analog Audio Converter,,$174 ,$121 
AVPro Edge,AC-DANTE-AMP2CH,AC-DANTE-AMP2CH,"1G Networked audio decoder with built in amplifier. 25W per channel at 4 omhs, Dante and AES67 Support",*Special pricing available for SOH*,$763 ,$534 
AVPro Edge,AC-DANTE-D,AC-DANTE-D,"1G Dante Decoder, Standalone, External Power",*Special pricing available for SOH*,$410 ,$287 
AVPro Edge,AC-EDID-X,AC-EDID-X,Plug-and-play HDMI EDID Manager,,$153 ,$107 
AVPro Edge,AC-EX100-444-KIT-GEN2,AC-EX100-444-KIT-GEN2,"HDBaseT (CAT6) Extender Kit. ICT 18G, 100m 4K (100m HD) Extender with I-Pass, Bi-Directional Power, RS232, IR - ICT for full HDR/HDMI Pass-Through. Full HDR, 4K60 4:4:4. PLUS - ARC & Host/Device USB 2.0 (KVM); Has bi-directional USB host. ",,"$2,273 ","$1,591 "
AVPro Edge,AC-EX150-BKT,AC-EX150-BKT,"HDBaseT (CAT6) Extender Kit. 10.2G, 100m 4K (150m HD) Extender Set with Bi Directional 24V Power, RS232, IR, 4K60 4:4:4 / 4:2:2 / 4:2:0",,$958 ,$671 
AVPro Edge,AC-EX40-444-10KIT,AC-EX40-444-10KIT,"10 Pack of AC-EX40-444-KIT HDBaseT (CAT6) Extender Kit. ICT 18G, 40m 4K (70m HD) Slim Extender with I-Pass, Bi-Directional Power, RS232, IR. ICT for full HDR/HDMI Pass-Through. Full HDR, 4K60 4:4:4.",10 Pack,"$11,081 ","$7,757 "
AVPro Edge,AC-EX40-444-KIT,AC-EX40-444-KIT,"HDBaseT (CAT6) Extender Kit. ICT 18G, 40m 4K (70m HD) Slim Extender with I-Pass, Bi-Directional Power, RS232, IR. ICT for full HDR/HDMI Pass-Through. Full HDR, 4K60 4:4:4. ",,"$1,193 ",$835 
AVPro Edge,AC-EX40-444-KIT-TAA,AC-EX40-444-KIT-TAA,"TAA Approved! HDBaseT (CAT6) Extender Kit. ICT 18G, 40m 4K (70m HD) Slim Extender with I-Pass, Bi-Directional Power, RS232, IR. ICT for full HDR/HDMI Pass-Through. Full HDR, 4K60 4:4:4. ",*TAA Approved,"$2,657 ","$1,860 "
AVPro Edge,AC-EX40-444-KIT-W,AC-EX40-444-KIT-W,"Weatherproof! HDBaseT (CAT6) Extender Kit. ICT 18G, 40m 4K (70m HD) Slim Extender with I-Pass, Bi-Directional Power, RS232, IR. ICT for full HDR/HDMI Pass-Through. Full HDR, 4K60 4:4:4. ",*Weatherproof,"$2,639 ","$1,848 "
AVPro Edge,AC-EX40-444-PLUS-KIT,AC-EX40-444-PLUS-KIT,"HDBaseT (CAT6) Extender Kit. ICT 18G, 40m 4K (70m HD) Extender with I-Pass, Bi-Directional Power, RS232, IR - ICT for full HDR/HDMI Pass-Through. Full HDR, 4K60 4:4:4. PLUS - ARC & Selectable Host/Device USB 2.0 (KVM/PTZ)",,"$1,665 ","$1,165 "
AVPro Edge,AC-EX70-444-KIT,AC-EX70-444-KIT,"HDBaseT (CAT6) Extender Kit. ICT 18G, 70m 4K (100m HD) Slim Extender with I-Pass, Bi-Directional Power, RS232, IR and Ethernet. ICT for full HDR/HDMI Pass-Through. Full HDR, 4K60 4:4:4. Features Long Range mode for 150m 1080P transmission",,"$1,554 ","$1,088 "
AVPro Edge,AC-EX70-444-KIT-TAA,AC-EX70-444-KIT-TAA,"TAA Approved! HDBaseT (CAT6) Extender Kit. ICT 18G, 70m 4K (100m HD) Slim Extender with I-Pass, Bi-Directional Power, RS232, IR and Ethernet. ICT for full HDR/HDMI Pass-Through. Full HDR, 4K60 4:4:4. Features Long Range mode for 150m 1080P transmission",*TAA Approved,"$3,383 ","$2,368 "
AVPro Edge,AC-EX70-444-RNE,AC-EX70-444-RNE,"HDBaseT (CAT6) RECEIVER ONLY. ICT 18G, 70m 4K (100m HD) Slim Extender with I-Pass, Bi-Directional Power, RS232, IR - ICT for full HDR/HDMI Pass-Through. Full HDR, 4K60 4:4:4. ","Compatible with AC-MX-44HDBT, AC-MX-88HDBT & AXION Matrixes as well as AC-CXxx line of wall plates.","$1,000 ",$700 
AVPro Edge,AC-EX70-444-RNE-P,AC-EX70-444-RNE-P,"HDBaseT (CAT6) RECEIVER & POWER SUPPLY. ICT 18G, 70m 4K (100m HD) Slim Extender with I-Pass, Bi-Directional Power, RS232, IR - ICT for full HDR/HDMI Pass-Through. Full HDR, 4K60 4:4:4. ",Use with CX Wallplates,"$1,131 ",$791 
AVPro Edge,AC-EX70-444-RNE-W,AC-EX70-444-RNE-W,"Weatherproof! HDBaseT (CAT6) RECEIVER ONLY. ICT 18G, 70m 4K (100m HD) Slim Extender with I-Pass, Bi-Directional Power, RS232, IR - ICT for full HDR/HDMI Pass-Through. Full HDR, 4K60 4:4:4. ",*Weatherproof,"$1,979 ","$1,386 "
AVPro Edge,AC-EX70-444-TNE,AC-EX70-444-TNE,"HDBaseT 100M (CAT6) Transmitter ONLY w/ I-Pass, RS232, IR, ICT for full HDR/HDMI Pass-Through. Full HDR, 4K60 4:4:4. Bi-Directional Power (100M HD, 70M 4K)",,"$1,000 ",$700 
AVPro Edge,AC-EX70-SC2-R,AC-EX70-SC2-R,"HDBaseT 70M Receiver with Scaler/Fixed RGB function, and No-Drop handshake management/custom JPG Compatible to AC-MX-xxHDBT Matrices and all CX Series switchers and Wall Plates. No POE.",Compatible with AC-MXxxHDBT Matrices and all CX Series switchers and Wall Plates.,"$1,080 ",$756 
AVPro Edge,AC-EX70-UHD-10KIT,AC-EX70-UHD-10KIT,"10 Pack of AC-EX70-UHD-KIT HDBaseT (CAT6) Extender Kit. 10.2G, 40m 4K (70m HD) Slim Extender with I-Pass, Bi-Directional Power, RS232, IR. 4K60 4:2:0 Max, HDR/HLG: 4K30 4:2:0 12 BIT, 4K30 4:2:2 12 BIT, Dolby Vision 30 FPS",10 Pack,"$9,010 ","$6,307 "
AVPro Edge,AC-EX70-UHD-ARC,AC-EX70-UHD-ARC,"HDBaseT (CAT6) Extender Kit. 10.2G, 40m 4K (70m HD) Extender with Bi Directional 12V Power, RS232, IR . 4K60 4:2:0 Max. This point to point, HDMI extender uses HDBaseT technology to transfer ARC bi-directionally, alongside the HDMI signal of audio, video, power & control, it features EDID management for maximum interoperability and can carry 1080p signals 70 meters and 4K30 signals 40 meters. ",,"$1,011 ",$707 
AVPro Edge,AC-EX70-UHD-ARC-10KIT,AC-EX70-UHD-ARC-10KIT,"10 Pack of AC-EX70-UHD-ARC HDBaseT (CAT6) Extender Kit. 10.2G, 40m 4K (70m HD) Extender with Bi Directional 12V Power, RS232, IR . 4K60 4:2:0 Max. This point to point, HDMI extender uses HDBaseT technology to transfer ARC bi-directionally, alongside the HDMI signal of audio, video, power & control, it features EDID management for maximum interoperability and can carry 1080p signals 70 meters and 4K30 signals 40 meters. ",10 Pack,"$10,107 ","$7,075 "
AVPro Edge,AC-EX70-UHD-BKT,AC-EX70-UHD-BKT,"HDBaseT (CAT6) Extender Kit. 10.2G, 40m 4K (70m HD) Extender with Bi Directional 12V Power, RS232, IR . 4K60 4:2:0 Max",This must be used as a kit _ not for use as a transmitter or receiver for any matrix switch,$643 ,$450 
AVPro Edge,AC-EX70-UHD-KIT,AC-EX70-UHD-KIT,"HDBaseT (CAT6) Extender Kit. 10.2G, 40m 4K (70m HD) Slim Extender with I-Pass, Bi-Directional Power, RS232, IR. 4K60 4:2:0 Max, HDR/HLG: 4K30 4:2:0 12 BIT, 4K30 4:2:2 12 BIT, Dolby Vision 30 FPS",,$914 ,$640 
AVPro Edge,AC-EX70-UHD-KIT-TAA,AC-EX70-UHD-KIT-TAA,"TAA Approved! HDBaseT (CAT6) Extender Kit. 10.2G, 40m 4K (70m HD) Slim Extender with I-Pass, Bi-Directional Power, RS232, IR. 4K60 4:2:0 Max, HDR/HLG: 4K30 4:2:0 12 BIT, 4K30 4:2:2 12 BIT, Dolby Vision 30 FPS",*TAA Approved,"$1,641 ","$1,148 "
AVPro Edge,AC-EX70-UHD-R2,AC-EX70-UHD-R2,"HDBaseT (CAT6) RECEIVER ONLY 10.2G, 40m 4K (70m HD) Slim Extender with I-Pass, Bi-Directional Power, RS232, IR. 4K60 4:2:0 Max, HDR/HLG: 4K30 4:2:0 12 BIT, 4K30 4:2:2 12 BIT, Dolby Vision 30 FPS ***Does not include PSU***",Formerly AC-EX70-UHD-R,$500 ,$350 
AVPro Edge,AC-EXO-444-KIT,AC-EXO-444-KIT,"Single-mode Fiber HDMI Extender Kit. Transfer HDMI distances as great as 2 km, up to 4K/60 fps Bandwidth (Using Invisible Compression Technology), supports HDMI 2.0a, 2.0b, and HDCP 2.2, EDID Management, including EDID Emulation. TX and RX include HD and UHD Test Patterns.",,"$2,705 ","$1,894 "
AVPro Edge,AC-EXO-X-PLUS-KIT,AC-EXO-X-PLUS-KIT,"8K 48Gbps Fiber Optic Extension Kit 48 Gbps Uncompressed Signal Transmission Bandwidth over OM4 Fiber,eARC/ARC Support, USB 2.0/480 Mbps extension for KVM Applications, full 1Gbps Ethernet extension to smart displays or streaming devices.",*Replaces the AC-EXO-X-KIT,"$2,718 ","$1,903 "
AVPro Edge,AC-EXUSB-2-KIT,AC-EXUSB-2-KIT,USB 2.0 Point to Point Extender Kit over CAT5e--480mbps. ,,$827 ,$579 
AVPro Edge,AC-EXUSB-2-KIT-TAA,AC-EXUSB-2-KIT-TAA,TAA Approved! USB 2.0 Point to Point Extender Kit over CAT5e--480mbps. ,*TAA Approved,"$1,538 ","$1,077 "
AVPro Edge,AC-EXUSB-3-KIT,AC-EXUSB-3-KIT,100-metre extension kit for USB 3.2 Gen 1 with a USB-C host and a four USB-A port hub connected via category cable,,"$1,347 ",$943 
AVPro Edge,AC-EXUSB-3-KIT-TAA,AC-EXUSB-3-KIT-TAA,TAA Approved! 100-metre extension kit for USB 3.2 Gen 1 with a USB-C host and a four USB-A port hub connected via category cable,*TAA Approved,"$2,173 ","$1,521 "
AVPro Edge,AC-EXUSB-3-WP-KIT,AC-EXUSB-3-WP-KIT,100-metre Wall Plate Extension Kit for USB 3.2 Gen 1 with integrated USB-C power delivery for laptop charging (US Wall plate) - White,"*Standard with US faceplate. EU/UK version available, but ex-indent & must be specified as ""SKU""-EU","$2,780 ","$1,946 "
AVPro Edge,AC-EXUSB-3-WP-KIT-B,AC-EXUSB-3-WP-KIT-B,100-metre Wall Plate Extension Kit for USB 3.2 Gen 1 with integrated USB-C power delivery for laptop charging (US Wall plate) - Black,"* Standard with US faceplate. EU/UK version available, but ex-indent & must be specified as ""SKU""-EU","$2,780 ","$1,946 "
AVPro Edge,AC-EZRACK-15,AC-EZRACK-15,"15 Port Extender Rack, with easy to interchange thumb screws. Fits ALL Extenders",,$357 ,$250 
AVPro Edge,AC-EZRACK-15-TAA,AC-EZRACK-15-TAA,"TAA Approved! 15 Port Extender Rack, with easy to interchange thumb screws. Fits ALL Extenders",*TAA Approved,"$2,037 ","$1,426 "
AVPro Edge,AC-FRESCO-44,AC-FRESCO-44,"18Gbps HDMI 4x4 Matrix Switch with Seamless Switching for Video Wall w/ 4 HDMI inputs, Built to display one source across 4 displays. ",,"$4,027 ","$2,819 "
AVPro Edge,AC-FRESCO-4X,AC-FRESCO-4X,8k Plug and Play 2x2 VideoWall Processor,,"$2,859 ","$2,001 "
AVPro Edge,AC-FRESCO-CAP-4,AC-FRESCO-CAP-4,1x4 Video Wall Processor with balanced audio extraction and HDMI loop out for cascading or larger walls; 4K60 4:4:4 support; Universal Scaler,,"$2,246 ","$1,572 "
AVPro Edge,AC-IRTX-VIS-10,AC-IRTX-VIS-10,Visible Light (Red) IR Emitter Eye - 10 Pack,,$105 ,$73 
AVPro Edge,AC-MAX-24,AC-MAX-24,24 port 2 channel audio matrix with dual AEX inputs and outputs,,"$3,219 ","$2,253 "
AVPro Edge,AC-MV-41,AC-MV-41,"Multi Viewer with Four Scalable 4K/60 fps Capable Source Window Channels, Mix SD, HD, and Ultra HD HDMI Sources in Any Combination, Recallable Presets, source-sharing HDMI 2.0 Loop-through Outputs, Standard and Customizable Full Screen, Picture-in-Picture, and Quad Layouts",,"$3,222 ","$2,255 "
AVPro Edge,AC-MX-1616,AC-MX-1616,"18Gbps HDMI 16x16 Matrix w/Audio Deembedding/Matrix (Full HDR, 4K60 4:4:4)",,"$13,313 ","$9,319 "
AVPro Edge,AC-MX-42,AC-MX-42,"18Gbps True 4K60 4:4:4, 4x2 Matrix & Auto Switch/AVR Bypass",,$990 ,$693 
AVPro Edge,AC-MX-42X,AC-MX-42X,8K 4x2 HDMI Matrix Switcher - Handling up to 40Gbps signals with built-in downscaling for legacy devices,,"$1,176 ",$823 
AVPro Edge,AC-MX-44,AC-MX-44,"18Gbps HDMI 4x4 Matrix w/ Dual Audio Deembedding/Matrix with built in scalers and audio delay (Full HDR, 4K60 4:4:4)",,"$2,951 ","$2,065 "
AVPro Edge,AC-MX-44HDBT,AC-MX-44HDBT,"18Gbps 4x4 HDBaseT Matrix with ICT and Uncompressed mirrored HDMI, IR Routing, RS232, Audio Matrixing (Full HDR, 4K60 4:4:4)",,"$5,074 ","$3,552 "
AVPro Edge,AC-MX-44X,AC-MX-44X,8K 48 Gbps HDMI 4x4 Matrix Switcher,,"$3,814 ","$2,670 "
AVPro Edge,AC-MX-82RM,AC-MX-82RM,"18Gbps True 4K60 4:4:4, 8x2 Matrix & Auto Switch/AVR Bypass (RACK VERSION)",,"$1,500 ","$1,050 "
AVPro Edge,AC-MX-88,AC-MX-88,"18Gbps HDMI 8x8 Matrix w/ Dual Audio Deembedding/Matrix with built in scalers and audio delay (Full HDR, 4K60 4:4:4); Updated EDID management and Audio Features ",,"$5,875 ","$4,113 "
AVPro Edge,AC-MX-88HDBT,AC-MX-88HDBT,"18Gbps 8x8 HDBaseT Matrix with ICT and Uncompressed mirrored HDMI, IR Routing, Encapsulated RS232 Command Routing, Audio Matrixing, Scalers, EDID Management, Audio Delay. IR, RS232 and Ethernet Control with Web GUI. Major control drivers and API available. Full HDR, 4K60 4:4:4; grounded chassis; 2 U model",,"$12,455 ","$8,718 "
AVPro Edge,AC-MX-88X,AC-MX-88X,"40Gbps 8 HDMI input, 8 HDMI output 8K Matrix Switcher",,"$10,736 ","$7,516 "
AVPro Edge,AC-MXNET-10G-HDRACK,AC-MXNET-10G-HDRACK,Heavy Duty metal rack chassis for installing MXNet 10G up to 12 transceiver¡¯s or control boxes in a rack (includes 2 blanks),,$573 ,$401 
AVPro Edge,AC-MXNET-10G-HDRACK-BLANK,AC-MXNET-10G-HDRACK-BLANK,Blanks for MXNET 10G Rack - sold individually,,$35 ,$25 
AVPro Edge,AC-MXNET-10G-HDRACK-BRKT,AC-MXNET-10G-HDRACK-BRKT,Brackets for MXNet 10G Rack,,$35 ,$25 
AVPro Edge,AC-MXNET-10G-SW12C,AC-MXNET-10G-SW12C,12X 10G Copper (PoE) and Six 10G/25G SFP28 Stackable Managed Switch,,"$9,161 ","$6,413 "
AVPro Edge,AC-MXNET-10G-SW24C,AC-MXNET-10G-SW24C,24X 10G Copper (PoE++) and Two 40G SFP28 with Six 10G/25G SFP28 Stackable Managed Switch,,"$17,179 ","$12,025 "
AVPro Edge,AC-MXNET-10G-SW24Q,AC-MXNET-10G-SW24Q,24X 10G SFP+ with Two 40G QSFP+ Stackable Managed Switch,,"$14,647 ","$10,253 "
AVPro Edge,AC-MXNET-10G-SW48Q,AC-MXNET-10G-SW48Q,48X 10G SFP+  with Six 40G QSFP+ Stackable Managed Switch,,"$36,427 ","$25,499 "
AVPro Edge,AC-MXNET-10G-TCVR,AC-MXNET-10G-TCVR,10G MXNet SDVOE 4K HDMI AV-over-IP PoE Transceiver (Encoder/Decoder),,"$2,500 ","$1,750 "
AVPro Edge,AC-MXNET-10G-TCVR-AVDM,AC-MXNET-10G-TCVR-AVDM,10G MXNet SDVOE 4K HDMI AV-over-IP PoE Transceiver (Encoder/Decoder) with AVDM downmixing,,"$2,841 ","$1,989 "
AVPro Edge,AC-MXNET-10G-TCVR-PRO,AC-MXNET-10G-TCVR-PRO,10G MXNet SDVOE 4K HDMI AV-over-IP PoE Transceiver (Encoder/Decoder) with the ICRON USB 2.0 and Dante,,"$3,594 ","$2,516 "
AVPro Edge,AC-MXNET-10G-TCVR-TAA,AC-MXNET-10G-TCVR-TAA,TAA Approved! 10G MXNet SDVOE 4K HDMI AV-over-IP PoE Transceiver (Encoder/Decoder),*TAA Approved,"$4,533 ","$3,173 "
AVPro Edge,AC-MXNET-10G-TCVR-USBX,AC-MXNET-10G-TCVR-USBX,10G MXNet SDVOE 4K HDMI AV-over-IP PoE Transceiver (Encoder/Decoder) with the ICRON USB 2.0,,"$3,125 ","$2,188 "
AVPro Edge,AC-MXNET-1G-AVDM-E,AC-MXNET-1G-AVDM-E,"MXNet 1G Encoder; HDMI, HDMI Loop, USB, IR, RS232, Fiber & RJ45 with audio downmixing (7.1 ch)",Not compatible with V2 systems,"$1,551 ","$1,086 "
AVPro Edge,AC-MXNET-1G-AVDM-EV2,AC-MXNET-1G-AVDM-EV2,"MXNet 1G Encoder; Evolution II; HDMI, HDMI Loop, USB, IR, RS232, Fiber & RJ45 with audio downmixing (7.1 ch)",Not compatible with V1 systems,"$1,989 ","$1,392 "
AVPro Edge,AC-MXNET-1G-D,AC-MXNET-1G-D,"MXNet 1G Decoder; HDMI, USB, IR, RS232, Fiber & RJ45",Not compatible with V2 systems,"$1,193 ",$835 
AVPro Edge,AC-MXNET-1G-DANTE-DV2,AC-MXNET-1G-DANTE-DV2,MXnet 1G Decoder; Evolution II; AV-over-IP Decoder with Dante encoding,Not compatible with V1 systems,"$1,812 ","$1,269 "
AVPro Edge,AC-MXNET-1G-DANTE-DV2-TAA,AC-MXNET-1G-DANTE-DV2-TAA,TAA Approved! MXnet 1G Decoder; Evolution II; AV-over-IP Decoder with Dante encoding,*TAA Approved - Not compatible with V1 systems,"$3,625 ","$2,537 "
AVPro Edge,AC-MXNET-1G-DANTE-E,AC-MXNET-1G-DANTE-E,"MXNet 1G Encoder; HDMI, HDMI Loop, USB, IR, RS232, Fiber & RJ45, with DANTE",Not compatible with V2 systems,"$1,558 ","$1,090 "
AVPro Edge,AC-MXNET-1G-DANTE-EV2,AC-MXNET-1G-DANTE-EV2,"MXnet 1G Encoder, Evolution II; AV-over-IP Encoder with Dante encoding",Not compatible with V1 systems,"$1,812 ","$1,269 "
AVPro Edge,AC-MXNET-1G-DANTE-EV2-TAA,AC-MXNET-1G-DANTE-EV2-TAA,"TAA Approved! MXnet 1G Encoder, Evolution II; AV-over-IP Encoder with Dante encoding",*TAA Approved - Not compatible with V1 systems,"$3,625 ","$2,537 "
AVPro Edge,AC-MXNET-1G-DEX-UV2,AC-MXNET-1G-DEX-UV2,"MXNet 1G, Evolution II; USB2.0 over IP Extension (Devices)",,"$1,039 ",$727 
AVPro Edge,AC-MXNET-1G-D-TAA,AC-MXNET-1G-D-TAA,"TAA Approved! MXNet 1G Decoder; HDMI, USB, IR, RS232, Fiber & RJ45",*TAA Approved - Not compatible with V2 systems,"$2,718 ","$1,903 "
AVPro Edge,AC-MXNET-1G-DV2,AC-MXNET-1G-DV2,MXNet 1G Decoder; Evolution II,Not compatible with V1 systems,"$1,671 ","$1,169 "
AVPro Edge,AC-MXNET-1G-DV2-TAA,AC-MXNET-1G-DV2-TAA,TAA Approved! MXNet 1G Decoder; Evolution II,*TAA Approved - Not compatible with V1 systems,"$3,172 ","$2,220 "
AVPro Edge,AC-MXNET-1G-DV2-W,AC-MXNET-1G-DV2-W,Weatherproof! MXNet 1G Decoder; Evolution II,*Weatherproof - Not compatible with V1 systems,"$3,299 ","$2,310 "
AVPro Edge,AC-MXNET-1G-D-W,AC-MXNET-1G-D-W,"Weatherproof! MXNet 1G Decoder; HDMI, USB, IR, RS232, Fiber & RJ45",*Weatherproof - Not compatible with V2 systems,"$2,474 ","$1,732 "
AVPro Edge,AC-MXNET-1G-E,AC-MXNET-1G-E,"MXNet 1G Encoder; HDMI, HDMI Loop, USB, IR, RS232, Fiber & RJ45",Not compatible with V2 systems,"$1,193 ",$835 
AVPro Edge,AC-MXNET-1G-E-TAA,AC-MXNET-1G-E-TAA,"TAA Approved! MXNet 1G Encoder; HDMI, HDMI Loop, USB, IR, RS232, Fiber & RJ45",*TAA Approved - Not compatible with V2 systems,"$2,718 ","$1,903 "
AVPro Edge,AC-MXNET-1G-EV2,AC-MXNET-1G-EV2,MXNet 1G Encoder; Evolution II,Not compatible with V1 systems,"$1,671 ","$1,169 "
AVPro Edge,AC-MXNET-1G-EV2-TAA,AC-MXNET-1G-EV2-TAA,TAA Approved! MXNet 1G Encoder; Evolution II,*TAA Approved - Not compatible with V1 systems,"$3,172 ","$2,220 "
AVPro Edge,AC-MXNET-1G-EV2WP,AC-MXNET-1G-EV2WP,MXNet 1G Wall Plate Encoder; Evolution II; with switchable HDMI and USB-C inputs - White,Not compatible with V1 systems,"$2,229 ","$1,560 "
AVPro Edge,AC-MXNET-1G-EV2WP-B,AC-MXNET-1G-EV2WP-B,MXNet 1G Wall Plate Encoder; Evolution II; with switchable HDMI and USB-C inputs - Black,Not compatible with V1 systems,"$2,229 ","$1,560 "
AVPro Edge,AC-MXNET-1G-EV2WP-CCB,AC-MXNET-1G-EV2WP-CCB,MXNet 1G Wall Plate Encoder (AC-MXNET-1G-EV2WP) Colour Changing Kit,,$71 ,$50 
AVPro Edge,AC-MXNET-1G-EWP,AC-MXNET-1G-EWP,MXNet 1G Wall Plate Encoder in a standard dual-gang wall plate format,Not compatible with V2 systems,"$1,193 ",$835 
AVPro Edge,AC-MXNET-1G-HEX-UV2,AC-MXNET-1G-HEX-UV2,"MXNet 1G, Evolution II; USB2.0 over IP Extension (Host)",,"$1,039 ",$727 
AVPro Edge,AC-MXNET-1G-MV41V2,AC-MXNET-1G-MV41V2,"MXNet 1G, Evolution II; 4k@60 4:4:4 IP Multiviewer - displays up to four 4K60 AV over IP streams in customizable layouts with flexible scaling.",Not compatible with V1 systems,"$9,662 ","$6,763 "
AVPro Edge,AC-MXNET-1G-R15,AC-MXNET-1G-R15,"MXNet 1G rack mount solution, able to hold 15 products, takes up 6U in the rack",,$621 ,$435 
AVPro Edge,AC-MXNET-1G-R15-BLANK,AC-MXNET-1G-R15-BLANK,MXNet 1G Rack blanks - sold individually,,$35 ,$25 
AVPro Edge,AC-MXNET-1G-R15-BRKT,AC-MXNET-1G-R15-BRKT,MXNet 1G Rack brackets,,$35 ,$25 
AVPro Edge,AC-MXNET-1G-R2,AC-MXNET-1G-R2,MXNet Dual unit 2U rack mount for 1G Encoders and Decoders,,$371 ,$259 
AVPro Edge,AC-MXNET-CBOX-HA,AC-MXNET-CBOX-HA,MXNet 1G Control Box for Video over IP Systems with RS232 & Ethernet control ports - HA port for connected two units for redundancy,Formerly AC-MXNET-CBOX / AC-MXNET-CBOX-B,$950 ,$665 
AVPro Edge,AC-MXNET-CBOX-HA-TAA,AC-MXNET-CBOX-HA-TAA,TAA Approved! MXNet 1G Control Box for Video over IP Systems with RS232 & Ethernet control ports - HA port for connected two units for redundancy,*TAA Approved,"$1,810 ","$1,267 "
AVPro Edge,AC-MXNET-POE-PSU24,AC-MXNET-POE-PSU24,MXNet 10G PoE Provider for MXNET End Points and 48v Fiber Extenders,,"$1,384 ",$969 
AVPro Edge,AC-MXNET-STACK-1M,AC-MXNET-STACK-1M,MXNet High Speed DAC Stacking Cable Copper 1m (10G),,$53 ,$37 
AVPro Edge,AC-MXNET-STACK-2M,AC-MXNET-STACK-2M,MXNet High Speed DAC Stacking Cable Copper 2m (10G),,$119 ,$83 
AVPro Edge,AC-MXNET-STACK-3M,AC-MXNET-STACK-3M,MXNet High Speed DAC Stacking Cable Copper 3m (10G),,$142 ,$99 
AVPro Edge,AC-MXNET-STACK-JUMP,AC-MXNET-STACK-JUMP,MXNet High Speed DAC Optic Link Cable 0.5m (10G),,$51 ,$36 
AVPro Edge,AC-MXNET-SW24,AC-MXNET-SW24,"MXNet 24-Port RJ45 switch (1G) w/ Intelligent AV Processing, 24 PoE ports & 4 SFP+",*Special pricing available for SOH*,"$5,253 ","$3,677 "
AVPro Edge,AC-MXNET-SW24E,AC-MXNET-SW24E,MXNet E-series 24 port 1G (copper) switch with 4¡Á10G SFP+ stacking ports,*New!*,"$3,647 ","$2,553 "
AVPro Edge,AC-MXNET-SW24P,AC-MXNET-SW24P,MXNet 24 port 1G switch with 4¡Á10G SFP+ stacking ports,*New!* Replaces the AC-MXNET-SW24,"$7,609 ","$5,326 "
AVPro Edge,AC-MXNET-SW48E,AC-MXNET-SW48E,MXNet E-series 48 port 1G (copper) switch with 6¡Á10G SFP+ stacking ports,*New!*,"$8,756 ","$6,129 "
AVPro Edge,AC-MXNET-SW48P,AC-MXNET-SW48P,"MXNet 48-Port RJ45 switch (1G) w/ Intelligent AV Processing, 6X 25G SFP28 uplink ports",*New!* Replaces the AC-MXNET-SW48,"$13,971 ","$9,780 "
AVPro Edge,AC-MXNET-SW48XF,AC-MXNET-SW48XF,"MXNet 48-Port 10G SFP+ Fiber Network Switch with 6x 100G QSFP28 uplinks, pre-configured, plug and play",*New!*,"$38,768 ","$27,137 "
AVPro Edge,AC-MXNET-SW8P,AC-MXNET-SW8P,MXNet 12-Port Network Switch (1G/10G) with 8 copper ports PoE and 4 fiber ports,Formerly AC-MXNET-SW12,"$2,575 ","$1,802 "
AVPro Edge,AC-MXNET-USP-ES,AC-MXNET-USP-ES,MXnet USP Essential - 1080p60 H.265/264 AVoIP Transceiver | AVPro Flow | 4-Window,,"$1,561 ","$1,092 "
AVPro Edge,AC-MXNET-USP-PL,AC-MXNET-USP-PL,MXnet USP Plus - 4K60 H.265/264 AVoIP Transceiver | AVPro Flow | 7-Window Multiview,,"$2,256 ","$1,579 "
AVPro Edge,AC-MXNET-USP-PR,AC-MXNET-USP-PR,MXnet USP Pro - 4K60 H.265/264 AVoIP Pro Transceiver | AVPro Flow | USB-C + HDMI,,"$2,951 ","$2,065 "
AVPro Edge,AC-PSU-12V-2A-5M,AC-PSU-12V-2A-5M,"PSU locking connector for EX70-UHD-BKT, EXUSB-2-KIT, DA18, DA28, CONVERT-HDDP, MX-82, MX-82RM, FRESCO-CAP-4",Formerly AC-PSU-12V-2A,$154 ,$108 
AVPro Edge,AC-PSU-12V-2A-L,AC-PSU-12V-2A-L,"PSU locking connector for AC-AEX-KIT, AC-AEX-DEARC-KIT, AC-AEX-RC-HUB, AC-CONVERT-HDDP, AC-CXWP-HDMO-BKT, AC-DA-12X2, AC-DA-14X2, AC-DA-18X2, AC-DA18-AUHD-GEN2, AC-DA28-AUHD, AC-EXUSB-2-KIT, AC-EX70-UHD-BKT, AC-FRESCO-CAP-4, AC-MX-82, AC-MX-82RM, Murideo 7G, 8k Murideo 7G, AC-MXNET-CBOX, AC-MXNET-CBOX-B, AC-MXNET-CBOX-HA, AC-MXNET-10G-CBOX, AC-MXNET-1G-E, AC-MXNET-1G-AVDM-E, AC-MXNET-1G-DANTE-E, AC-MXNET-1G-D, AC-MXNET-1G-EV2, AC-MXNET-1G-DV2, AC-MXNET-1G-AVDM-EV2, AC-MXNET-1G-DANTE-EV2, AC-MXNET-1G-DANTE-DV2, AC-MXNET-10G-TCVR, AC-MXNET-10G-TCVR-AVDM, AC-MXNET-10G-TCVR-PRO, AC-MXNET-10G-TCVR-USBX",Formerly AC-MXNET-1G-12VPSU,$119 ,$83 
AVPro Edge,AC-PSU-12V-3A,AC-PSU-12V-3A,"PSU for MX-44, MX-88-UHD-GEN2, MX88-AUHD-NSFS, MXMV122-UHD, AC-MX-44, AC-MX88-UHD-GEN2, AC-MX88-AUHD-NSFS",,$154 ,$108 
AVPro Edge,AC-PSU-12V-5A,AC-PSU-12V-5A,"PSU locking connector end for AC-FRESCO-44, AC-FRESCO-4X, AC-FRESCO-DA116, AC-MX-44X, AC-MX-88, AC-MX88-AUHD-GEN2, AC-MX9XHDL-HDBT-GEN2(Cloud9), AC-MXNET-1G-MV41V2, AC-MV-41, MU-GAX-48G",,$154 ,$108 
AVPro Edge,AC-PSU-24V-5A-L,AC-PSU-24V-5A-L,MXNet Optional Power Supply for use with the MXNet USP Pro,,$132 ,$92 
AVPro Edge,AC-PSU-24V-700MA,AC-PSU-24V-700MA,PSU for AC-EX150-BKT - 24 Volt 700 milliamp Power Supply for 24V Extenders,,$87 ,$61 
AVPro Edge,AC-PSU-48V-1.5A-L,AC-PSU-48V-1.5A-L,PSU for AC-AXION-4 & AC-MX-44HDBT - 48V 1.5A power supply with the 2pin-Large phoenix,Formerly AC-PSU-48V-1.5A,$154 ,$108 
AVPro Edge,AC-PSU-48V-1.5A-S,AC-PSU-48V-1.5A-S,PSU for AC-MX-88HDBT & AC-AXION-8 - 48V 1.5A power supply with the 2pin-small phoenix,Formerly AC-PSU-48V-1.5A,$154 ,$108 
AVPro Edge,AC-PSU-48V-2.7A-L,AC-PSU-48V-2.7A-L,"PSU for AC-AXION-4, AC-AXION-8, AC-CX84-AUHD, AC-CX-84, AC-DA210-HDBT, AC-MX44-AUHD-HDBT, AC-MX44-AUHD-HDBT-AVDM, AC-MX-44HDBT, AC-MX88-AUHD-HDBT, AC-MX88-AUHD-HDBT-GEN2, AC-MX88-AUHD-HDBT-AVDM, AC-MX88-AUHD-HDBT-PLUS, AC-MX-88HDBT, AC-MX-88X, AC-MX9XHDL-HDBT-GEN2(Cloud9) with 2pin-Large phoenix",Formerly AC-PSU-48V-2.7A,$154 ,$108 
AVPro Edge,AC-PSU-48V-2.7A-S,AC-PSU-48V-2.7A-S,"PSU for AC-AXION-8*, AC-CX42-AUHD, AC-CX62-AUHD, AC-CXMF62-AUHD, AC-EXUSB-3-KIT, AC-MX88-AUHD-HDBT*, AC-MX88-AUHD-HDBT-GEN2*, AC-MX88-AUHD-HDBT-AVDM*, AC-MX88-AUHD-HDBT-PLUS*, AC-MX-88HDBT*, AC-MX1616-AUHD-GEN2, AC-MX-1616. *PSU compatible for POC/POE Ports, with 2pin-small phoenix",Formerly AC-PSU-48V-2.7A,$154 ,$108 
AVPro Edge,AC-PSU-48V-EX70,AC-PSU-48V-EX70,"PSU for AC-CXWP-KVM-KIT, AC-CXWP-LPDH-KIT, AC-CXWP-LPDH-KIT-EU, AC-CXWP-LPDHU-KIT, AC-CXWP-LPDHU-KIT-EU, AC-CXWP-LPH-KIT, AC-CXWP-LPH-KIT-EU, AC-CXWP-LPU-KIT, AC-CXWP-LPU-KIT-EU, AC-CXWP-LPH-R, AC-EX40-444, AC-EX40-444-PLUS, AC-EX70-UHD, AC-EX70-UHD-R, AC-EX70-UHD-ARC, AC-EX70-444, AC-EX70-444-TNE, AC-EX70-444-RNE, AC-EX70-SC2-R, AC-EX100-UHD-R3, AC-EX100-444, AC-EXO-X-KIT (A HW)",,$154 ,$108 
AVPro Edge,AC-PSU-5V-2A-L,AC-PSU-5V-2A-L,"PSU locking for AC-DAC-CO2, AC-DA12, AC-DA14, AC-MX-42, AC-MX-42X, AC-AVDM-AUHD/V3, AC-MXNET-CBOX",Formerly AC-PSU-5V-2A,$154 ,$108 
AVPro Edge,AC-PSU-SQUID,AC-PSU-SQUID,Power 8 Extenders with 1 Power supply. 1.25m Leads. This product is compatible with all 48V AVPro Extender Sets.,Does not suit -BKT extender kits,$434 ,$304 
AVPro Edge,AC-SC-1X,AC-SC-1X,"40 Gbps 8K HDMI EDID Manager, Pixel Scaler, Audio Extractor & Reclocker with loop-out, toslink ",,$492 ,$344 
AVPro Edge,AC-TOOL-KIT,AC-TOOL-KIT,AVPro Edge Screwdriver Kit,,$101 ,$70 
AVPro Edge,BT-PHC-003,BT-PHC-003,"Bullet Train 0.3 Metre Premium HDMI Cable (1FT) - 10K (48Gbps). VRR,FRL, eARC. Steel head with a braided cable 18 AWG Gold Connectors",,$56 ,$39 
AVPro Edge,BT-PHC-005,BT-PHC-005,"Bullet Train 0.5 Metre Premium HDMI Cable (1FT) - 10K (48Gbps). VRR,FRL, eARC. Steel head with a braided cable 18 AWG Gold Connectors",,$65 ,$45 
AVPro Edge,BT-PHC-007,BT-PHC-007,"Bullet Train 0.7 Metre Premium HDMI Cable (1FT) - 10K (48Gbps). VRR,FRL, eARC. Steel head with a braided cable 18 AWG Gold Connectors",,$74 ,$51 
AVPro Edge,BT-PHC-01,BT-PHC-01,"Bullet Train 1 Metre Premium HDMI Cable (1FT) - 10K (48Gbps). VRR,FRL, eARC. Steel head with a braided cable 18 AWG Gold Connectors",,$79 ,$56 
AVPro Edge,BT-PHC-015,BT-PHC-015,"Bullet Train 1.5 Metre Premium HDMI Cable (1FT) - 10K (48Gbps). VRR,FRL, eARC. Steel head with a braided cable 18 AWG Gold Connectors",,$88 ,$62 
AVPro Edge,BT-PHC-02,BT-PHC-02,"Bullet Train 2 Metre Premium HDMI Cable (1FT) - 10K (48Gbps). VRR,FRL, eARC. Steel head with a braided cable 18 AWG Gold Connectors",,$97 ,$68 
AVPro Edge,BT-PHC-03,BT-PHC-03,"Bullet Train 3 Metre Premium HDMI Cable (1FT) - 10K (48Gbps). VRR,FRL, eARC. Steel head with a braided cable 18 AWG Gold Connectors",,$106 ,$74 
AVPro Edge,BT-PHC-04,BT-PHC-04,"Bullet Train 4 Metre Premium HDMI Cable (1FT) - 10K (48Gbps). VRR,FRL, eARC. Steel head with a braided cable 18 AWG Gold Connectors",,$144 ,$101 
AVPro Edge,BT-PHC-05,BT-PHC-05,"Bullet Train 5 Metre Premium HDMI Cable (1FT) - 10K (48Gbps). VRR,FRL, eARC. Steel head with a braided cable 18 AWG Gold Connectors",,$162 ,$113 
AVPro Edge,BT-USB-A2C-01,BT-USB-A2C-01,"Bullet Train 1 Metre USB-C to USB-A Cable, 10Gbps, 5V/900A power, USB 3.2 and lower support, including 2.0 and 1.1",,$33 ,$23 
AVPro Edge,BT-USB-A2C-02,BT-USB-A2C-02,"Bullet Train 2 Metre USB-C to USB-A Cable, 10Gbps, 5V/900A power, USB 3.2 and lower support, including 2.0 and 1.1",,$45 ,$32 
AVPro Edge,BT-USB-A2C-03,BT-USB-A2C-03,"Bullet Train 3 Metre USB-C to USB-A Cable, 10Gbps, 5V/900A power, USB 3.2 and lower support, including 2.0 and 1.1",,$51 ,$36 
AVPro Edge,BT-USB-A2C-05,BT-USB-A2C-05,"Bullet Train 5 Metre USB-C to USB-A Cable, 10Gbps, 5V/900A power, USB 3.2 and lower support, including 2.0 and 1.1",,$395 ,$276 
AVPro Edge,BT-USB-A2C-08,BT-USB-A2C-08,"Bullet Train 8 Metre USB-C to USB-A Cable, 10Gbps, 5V/900A power, USB 3.2 and lower support, including 2.0 and 1.1",,$465 ,$325 
AVPro Edge,BT-USB-A2C-15,BT-USB-A2C-15,"Bullet Train 15 Metre USB-C to USB-A Cable, 10Gbps, 5V/900A power, USB 3.2 and lower support, including 2.0 and 1.1",,$479 ,$336 
AVPro Edge,BT-USBC-01,BT-USBC-01,"Bullet Train 1 Metre Copper USB-C to USB-C Cable, 20Gbps, USB 3.2 and lower support, including 2.0 and 1.1, 60w PD",,$45 ,$32 
AVPro Edge,BT-USBC-02,BT-USBC-02,"Bullet Train 2 Metre Copper USB-C to USB-C Cable, 20Gbps, USB 3.2 and lower support, including 2.0 and 1.1, 60w PD",,$64 ,$45 
AVPro Edge,BT-USBC-03,BT-USBC-03,"Bullet Train 3 Metre Copper USB-C to USB-C Cable, 20Gbps, USB 3.2 and lower support, including 2.0 and 1.1, 60w PD",,$76 ,$53 
AVPro Edge,BT-USBC-05,BT-USBC-05,"Bullet Train 5 Metre AOC USB-C to USB-C Cable, 20Gbps, USB 3.2 and lower support, including 2.0 and 1.1, 60w PD",,$833 ,$583 
AVPro Edge,BT-USBC-08,BT-USBC-08,"Bullet Train 8 Metre AOC USB-C to USB-C Cable, 20Gbps, USB 3.2 and lower support, including 2.0 and 1.1, 60w PD",,"$1,000 ",$700 
AVPro Edge,BT-USBC-15,BT-USBC-15,"Bullet Train 15 Metre AOC USB-C to USB-C Cable, 20Gbps, USB 3.2 and lower support, including 2.0 and 1.1, 60w PD",,"$1,167 ",$817 
AVPro Edge,GUIDE-4,GUIDE-4,"ThenAudio HDMI 2.1 48Gbps FRL6 CEC Controlled Switch family 4K120 10/12 bit VRR, 8K60",*1 Year warranty,$525 ,$367 
Murideo,MU-FXHD-KIT-8K,MU-FXHD-KIT-8K,MURIDEO-FXHD-INSTALLER KIT 40Gbps - 8k 2.1 Test Kit with Generator and Analyzer. Designed for field technicians.,3 Year Warranty,,"$5,065 "
AVPro Edge,SHARC-V2,SHARC-V2,"ThenAudio eARC Audio Processor with dual HDMI 2.1 8k 48Gbps FRL6 inputs All format supported: Atmos MAT, TrueHD, DTS: X IMAX, DTS-MA. Only limited TV capabilities. 4K120 10/12bit VRR, 8K60 444 DSC",*1 Year warranty,$495 ,$346 
AVPro Edge,ZONE2-PRO,ZONE2-PRO,"ThenAudio eARC Audio Processor; 48Gbps/FRL6 VRR/ DSC 8K60 444; All audio formats up to Atmos MAT, TrueHD, DTS:X, DTS-MA; CEC control for volume and channel switching",*1 Year warranty,$558 ,$391 
Barco,R9861605NA,C-5-GEN2,"Barco ClickShare Meeting C-5-GEN2 Set (Includes Base Unit only, no buttons) - including 5 year SmartCare*",*pricing valid until 31/12/2026* * 1 year standard warranty _ plus extra 4 years coverage when registering via SmartCare*,"$1,361 ","$1,076 "
Barco,R9861611NAB1,C-10-GEN2,Barco ClickShare Meeting C-10-GEN2 Set (Includes Base Unit + 1 CX-BUTTON-GEN4) - including 5 year SmartCare*,*pricing valid until 31/12/2026* * 1 year standard warranty _ plus extra 4 years coverage when registering via SmartCare*,"$2,161 ","$1,728 "
Barco,R9861611NAB2,C-10-GEN2-2,Barco ClickShare Meeting C-10-GEN2-2 Set (Includes Base Unit + 2 CX-BUTTON-GEN4) - including 5 year SmartCare*,*pricing valid until 31/12/2026* * 1 year standard warranty _ plus extra 4 years coverage when registering via SmartCare*,"$2,458 ","$1,966 "
Barco,R9861612NAB1,CX-20-GEN2,Barco ClickShare Conference CX-20-GEN2 Set (Includes Base Unit + 1 CX-BUTTON-GEN4) - including 5 year SmartCare*,*pricing valid until 31/12/2026* * 1 year standard warranty _ plus extra 4 years coverage when registering via SmartCare*,"$3,258 ","$2,577 "
Barco,R9861613NAB2,CX-30-GEN2,Barco ClickShare Conference CX-30-GEN2 Set (Includes Base Unit + 2 CX-BUTTON-GEN4) - including 5 year SmartCare*,*pricing valid until 31/12/2026* * 1 year standard warranty _ plus extra 4 years coverage when registering via SmartCare*,"$4,087 ","$3,233 "
Barco,R9861622NAB2,CX-50-GEN2,Barco ClickShare Conference CX-50-GEN2 Set (Includes Base Unit + 2 CX-BUTTON-GEN4) for Dual Display Support - including 5 year SmartCare*,*pricing valid until 31/12/2026* * 1 year standard warranty _ plus extra 4 years coverage when registering via SmartCare*,"$5,476 ","$4,331 "
Barco,R9861632USB1,CX-CB-CORE,Barco ClickShare BAR CORE All-In One Video Bar & Wireless Conferencing (Includes 1 CX-BUTTON-GEN4) - including 5 year SmartCare*,*pricing valid until 31/12/2026* * 1 year standard warranty _ plus extra 4 years coverage when registering via SmartCare*,"$4,676 ","$3,732 "
Barco,R9861633USB2,CX-CB-PRO,Barco ClickShare BAR PRO All-In One Video Bar & Wireless Conferencing (Includes 2 CX-BUTTON-GEN4) for Dual Display Support - including 5 year SmartCare *,*pricing valid until 31/12/2026* * 1 year standard warranty _ plus extra 4 years coverage when registering via SmartCare*,"$6,402 ","$5,007 "
Barco,R9861500T01,CS-TRAY,Barco ClickShare Single Button Tray (holds 4 Buttons),,$149 ,$109 
Barco,R9861600D01C,CX-BUTTON,Barco ClickShare Single Button: USB-C GEN4 [use with ClickShare Conference & Meeting],Use with ClickShare Present & ClickShare Conference only * 1 year standard warranty _ plus extra 4 years coverage when registering via SmartCare*,$514 ,$376 
Barco,R9861600P01C,CX-BUTTON-TRAY-PACK,Barco ClickShare Tray & 2 Button Pack: USB-C GEN4 [use with ClickShare Conference & C-Series],Use with ClickShare Present & ClickShare Conference only * 1 year standard warranty _ plus extra 4 years coverage when registering via SmartCare*,$789 ,$577 
Barco,R9861581,HDMI-CONVERTER,Barco ClickShare HDMI In to USB-C Converter Kit,Use with CX-50-GEN2 Only,$216 ,$162 
Barco,B573071K,CX-DISC,Barco ClickShare Replacement Wall Mount Disc,Use with C-5-GEN2; C-10-GEN2; CX-20-GEN2; CX-30-GEN2; CH-HUB,$56 ,$42 
Barco,R8788649K,CX-CB-TM,Barco ClickShare BAR TV Mount,,$216 ,$158 
Barco,R8788066K,CX-CB-WM,Barco ClickShare BAR Wall Mount,,$189 ,$139 
Barco,R8787713K,CX-CB-FC,Barco ClickShare BAR Front Cover,,$160 ,$118 
Barco,R8787714K,CX-CB-PC,Barco ClickShare BAR Privacy Cover,,$67 ,$51 
Barco,B563217K,CX-CB-PA,Barco ClickShare BAR Power Adapter,,$131 ,$97 
Barco,R9461811EU,CH-HUB-CORE-BUNDLE,"Barco ClickShare RS HUB CORE Bundle with 1 Button, Includes: 1x R9861711EUB1 (CH-HUB-CORE); 1x R9861720 (CH-CONTROL); 1x B563235K (CH-HUB-PSU100); 1x Z3406338K (CH-USBC10); 1x Power Cord",*Bundle pricing valid until 31/12/2026* ,"$6,854 ","$4,864 "
Barco,R9461810EU,CH-HUB-PRO-BUNDLE,Barco ClickShare RS HUB PRO Bundle with 2 Buttons: Includes: 1x R9861710EUB2 (CH-HUB-PRO); 1x R9861720 (CH-CONTROL); 1x R9861700T01 (CH-TRAY); 1x B563235K (CH-HUB-PSU100); 1x Z3406338K (CH-USBC10); 1x Power Cord,*Bundle pricing valid until 31/12/2026* ,"$9,148 ","$6,491 "
Barco,R9461811EU-STC-BAR-M,CH-HUB-CORE-BUNDLE-STC-BAR-M,"Barco ClickShare RS HUB CORE & Sennheiser TeamConnect BAR M Bundle with 1 Button for mid-size meeting rooms & collaboration spaces. Includes: 1x R9861711EUB1 (CH-HUB-CORE); 1x R9861720 (CH-CONTROL); 1x B563235K (CH-HUB-PSU100); 1x Z3406338K (CH-USBC10); 1x Power Cord, PLUS 1x 700113 (Sennheiser TC BAR M)",*New**Special bundle promotional pricing valid until 31/12/2026* ,"$10,832 ","$7,480 "
Barco,R9461811EU-STC-BAR-S,CH-HUB-CORE-BUNDLE-STC-BAR-S,"Barco ClickShare RS HUB CORE & Sennheiser TeamConnect BAR S Bundle with 1 Button for small meeting rooms & collaboration spaces. Includes: 1x R9861711EUB1 (CH-HUB-CORE); 1x R9861720 (CH-CONTROL); 1x B563235K (CH-HUB-PSU100); 1x Z3406338K (CH-USBC10); 1x Power Cord, PLUS 1x700107 (Sennheiser TC BAR S)",*New**Special bundle promotional pricing valid until 31/12/2026* ,"$8,278 ","$5,851 "
Barco,R9461810EU-STC-BAR-M,CH-HUB-PRO-BUNDLE-STC-BAR-M,"Barco ClickShare RS HUB PRO & Sennheiser TeamConnect BAR M Bundle with 2 Buttons for mid-size meeting rooms & collaboration spaces. Includes: 1x R9861710EUB2 (CH-HUB-PRO); 1x R9861720 (CH-CONTROL); 1x R9861700T01 (CH-TRAY); 1x B563235K (CH-HUB-PSU100); 1x Z3406338K (CH-USBC10); 1x Power Cord, PLUS 1x 700113 (Sennheiser TC BAR M)",*New**Special bundle promotional pricing valid until 31/12/2026* ,"$13,095 ","$9,077 "
Barco,R9461810EU-STC-BAR-S,CH-HUB-PRO-BUNDLE-STC-BAR-S,"Barco ClickShare RS HUB PRO & Sennheiser TeamConnect BAR S Bundle with 2 Buttons for small meeting rooms & collaboration spaces. Includes: 1x R9861710EUB2 (CH-HUB-PRO); 1x R9861720 (CH-CONTROL); 1x R9861700T01 (CH-TRAY); 1x B563235K (CH-HUB-PSU100); 1x Z3406338K (CH-USBC10); 1x Power Cord, PLUS 1x 700107 (Sennheiser TC BAR S)",*New**Special bundle promotional pricing valid until 31/12/2026* ,"$10,541 ","$7,448 "
Barco,R9861821EU,CH-HUB-CORE-CAT-KIT-BUNDLE,"Barco ClickShare HUB CORE Bundle with 1 Button & USB-C Extender Kit, Includes: 1x R9861711EUB1 (CH-HUB-CORE); 1x R9861721 (CH-CONTROL-NOCABLE); 1x R9861625 (CH-USBC-CAT-KIT); 1x B563235K (CH-HUB-PSU100); 1x Power Cord",*New**Special bundle promotional pricing valid until 31/12/2026* ,"$7,912 ","$5,615 "
Barco,R9861820EU,CH-HUB-PRO-CAT-KIT-BUNDLE,Barco ClickShare HUB PRO Bundle with 2 Buttons & USB-C Extender Kit: Includes: 1x R9861710EUB2 (CH-HUB-PRO); 1x R9861721 (CH-CONTROL-NOCABLE); 1x R9861700T01 (CH-TRAY); 1x R9861625 (CH-USBC-CAT-KIT); 1x B563235K (CH-HUB-PSU100); 1x Power Cord,*New**Special bundle promotional pricing valid until 31/12/2026* ,"$10,205 ","$7,242 "
Barco,R9861821EU-CAT-STC-BAR-M,CH-HUB-CORE-CAT-BUNDLE-STC-BAR-M,"Barco ClickShare HUB CORE & Sennheiser TeamConnect BAR M Bundle with 1 Button & USB-C Extender Kit  for mid-size meeting rooms & collaboration spaces. Includes: 1x R9861711EUB1 (CH-HUB-CORE); 1x R9861721 (CH-CONTROL-NOCABLE); 1x R9861625 (CH-USBC-CAT-KIT); 1x B563235K (CH-HUB-PSU100); 1x Power Cord, PLUS 1x700113 (Sennheiser TC BAR M)",*New**Special bundle promotional pricing valid until 31/12/2026* ,"$11,889 ","$8,231 "
Barco,R9861821EU-CAT-STC-BAR-S,CH-HUB-CORE-CAT-BUNDLE-STC-BAR-S,"Barco ClickShare HUB CORE & Sennheiser TeamConnect BAR S Bundle with 1 Button & USB-C Extender Kit, for small meeting rooms & collaboration spaces. Includes: 1x R9861711EUB1 (CH-HUB-CORE); 1x R9861721 (CH-CONTROL-NOCABLE); 1x R9861625 (CH-USBC-CAT-KIT); 1x B563235K (CH-HUB-PSU100); 1x Power Cord, PLUS 1x 700107 (Sennheiser TC BAR S)",*New**Special bundle promotional pricing valid until 31/12/2026* ,"$9,335 ","$6,602 "
Barco,R9861820EU-CAT-STC-BAR-M,CH-HUB-PRO-CAT-BUNDLE-STC-BAR-M,"Barco ClickShare HUB PRO & Sennheiser TeamConnect BAR M Bundle with 2 Buttons & USB-C Extender Kit  for mid-size meeting rooms & collaboration spaces.Includes: 1x R9861710EUB2 (CH-HUB-PRO); 1x R9861721 (CH-CONTROL-NOCABLE); 1x R9861700T01 (CH-TRAY); 1x R9861625 (CH-USBC-CAT-KIT); 1x B563235K (CH-HUB-PSU100); 1x Power Cord, PLUS 1x 700113 (Sennheiser TC BAR M)",*New**Special bundle promotional pricing valid until 31/12/2026* ,"$14,152 ","$9,828 "
Barco,R9861820EU-CAT-STC-BAR-S,CH-HUB-PRO-CAT-BUNDLE-STC-BAR-S,"Barco ClickShare HUB PRO & Sennheiser TeamConnect BAR S Bundle with 2 Buttons & USB-C Extender Kit for small meeting rooms & collaboration spaces. Includes: 1x R9861710EUB2 (CH-HUB-PRO); 1x R9861721 (CH-CONTROL-NOCABLE); 1x R9861700T01 (CH-TRAY); 1x R9861625 (CH-USBC-CAT-KIT); 1x B563235K (CH-HUB-PSU100); 1x Power Cord, PLUS 1x 700107 (Sennheiser TC BAR S)",*New**Special bundle promotional pricing valid until 31/12/2026* ,"$11,598 ","$8,199 "
Barco,R9861711EUB1,CH-HUB-CORE,"Barco ClickShare HUB CORE with 1 Button - excl Control Panel, Power Supply & Power Cord",*Pricing valid until 31/12/2026* * 3 year standard warranty *,"$4,322 ","$3,379 "
Barco,R9861710EUB2,CH-HUB-PRO,"Barco ClickShare HUB PRO with 2 Buttons - excl Control Panel, Power Supply & Power Cord",*Pricing valid until 31/12/2026* * 3 year standard warranty *,"$6,242 ","$4,881 "
Barco,R9861720,CH-CONTROL,Barco ClickShare HUB Control Panel only,*Pricing  valid until 31/12/2026* Includes 1x Z3406338K (CH-USBC10),"$1,726 ","$1,350 "
Barco,R9861721,CH-CONTROL-NOCABLE,Barco ClickShare HUB Control Panel only NO CABLE,*New**Pricing valid until 31/12/2026* ,"$1,142 ",$894 
Barco,R9861625,CH-USBC-CAT-KIT,Barco ClickShare USBC-C CAT Extender Kit,*New**Pricing valid until 31/12/2026* ,"$1,543 ","$1,207 "
Barco,R9861700T01,CH-TRAY,Barco ClickShare HUB Single Button Tray (holds 2 Buttons),*Pricing valid until 31/12/2026* ,$160 ,$125 
Barco,R9861700D01C,CH-BUTTON,Barco ClickShare HUB Single Button: USB-C GEN5 [use with ClickShare HUB],*Pricing valid until 31/12/2026* Use with ClickShare HUB Only ,$675 ,$527 
Barco,B563235K,CH-HUB-PSU100,ClickShare HUB Power Supply 100W,*Pricing valid until 31/12/2026* Use with ClickShare HUB Only ,$171 ,$134 
Barco,B563236K,CH-HUB-PSU180,ClickShare HUB Power Supply 180W - allows for powered USB as an additional feature,*Pricing valid until 31/12/2026* Use with ClickShare HUB Only ,$240 ,$188 
Barco,B570170K,CH-HUB-WMP,ClickShare HUB Wall Mount Plate with Cable Management,*Pricing valid until 31/12/2026* Compatible with C-5-GEN2; C-10-GEN2; CX-20-GEN2; CX-30-GEN2; CH-HUB-PRO; CH-HUB-CORE,$183 ,$143 
Barco,Z3406338K,CH-USBC10,ClickShare USB-C Cable 10m - Spare,*Pricing valid until 31/12/2026* Already included with each R9861720 (CH-CONTROL),$583 ,$456 
Barco,Z3406437K,CH-USBC-LOCK,ClickShare USB-C Cable Locker Kit,*Pricing valid until 31/12/2026* ,$23 ,$19 
Barco,R9010650,G50-W6,Barco G50-W6 Projector - body only,,"$12,320 ","$8,596 "
Barco,R9010652,G50-W7,Barco G50-W7 Projector - body only ,*Promo pricing valid for SOH only*,"$13,683 ","$6,489 "
Barco,R9010655,G50-W8,Barco G50-W8 Projector - body only ,*Promo pricing valid for SOH only*,"$17,791 ","$7,787 "
Barco,15343,G50-W6-EC,Barco G50-W6 Essential Care + 2 (5 years),,"$1,379 ","$1,086 "
Barco,15345,G50-W7-EC,Barco G50-W7 Essential Care + 2 (5 years),,"$1,576 ","$1,241 "
Barco,15347,G50-W8-EC,Barco G50-W8 Essential Care + 2 (5 years),,"$1,877 ","$1,478 "
Barco,R9802300,G50-SHORT,Barco Short Lens for G50-XX Projector (0.65-0.75:1),,"$6,776 ","$5,190 "
Barco,R9801840,G50-SHORT1,Barco Short Lens for G50-XX Projector (0.75-0.95:1),,"$4,722 ","$3,265 "
Barco,R9832755,G50-SHORT2,Barco Short Lens for G50-XX Projector (WUXGA 0.95-1.22:1),*Promo pricing valid for SOH only*,"$4,722 ","$3,069 "
Barco,R9832756,G50-MIDDLE,Barco Middle Lens for G50-XX Projector (WUXGA 1.52-2.92:1),*Promo pricing valid for SOH only*,"$4,722 ","$3,069 "
Barco,R9832778,G50-LONG,Barco Long Lens for G50-XX Projector (WUXGA 2.90-5.50:1),,"$4,722 ","$3,265 "
Barco,R9801784,G50-STANDARD,Barco Standard Lens for G50-XX Projector (WUXGA 1.22-1.53:1),*Promo pricing valid for SOH only*,"$2,331 ","$1,515 "
Barco,R9410231,G50-UST-G,Barco G UST (Ultra Short Throw) Lens for G50-XX Projector (0.37-0.4:1) + lens support + safety cable,,"$27,819 ","$19,236 "
Barco,R9010263,G62-W9,Barco G62-W9 Projector - body only,,"$17,670 ","$12,762 "
Barco,R9010265,G62-W11,Barco G62-W11 Projector - body only,,"$22,430 ","$16,199 "
Barco,R9010372,G62-W14,Barco G62-W14 Projector - body only,,"$28,814 ","$20,810 "
Barco,R9409750,G62-UST-G,Barco G UST (Ultra Short Throw) Lens for G62-XX Projector (0.37-0.4:1) + lens support + safety cable,,"$28,084 ","$20,283 "
Cleerline,12ACS50125OM3PE,12ACS50125OM3PE,"12 Strand SSF Armored Direct Burial Micro-Distribution LT, PE/OSP/Burial, 50/125, OM3 - 305m spool",,"$12,205 ","$7,704 "
Cleerline,12ACS50125OM4PE,12ACS50125OM4PE,"12 Strand SSF Armored Direct Burial Micro-Distribution LT, PE/OSP/Burial, 50/125, OM4 - 305m spool",,"$14,689 ","$9,272 "
Cleerline,12ACS9125OS2PE,12ACS9125OS2PE,"12 Strand SSF Armored Direct Burial Micro-Distribution LT, PE/OSP/Burial, 9/125, G657 A2/B2 OS2 - 305m spool",,"$6,384 ","$4,030 "
Cleerline,12D50125MOM3P,12D50125MOM3P,"12 Strand SSF Micro-Distribution LT, Plenum I/O, 50/125, OM3 - 305m spool",,"$6,067 ","$3,830 "
Cleerline,12D50125MOM3P-BK,12D50125MOM3P-BK,"12 Strand SSF Micro-Distribution LT, Black Plenum I/O, 50/125, OM3 - 305m spool",,"$6,067 ","$3,830 "
Cleerline,12D50125MOM4P,12D50125MOM4P,"12 Strand SSF Micro-Distribution LT, Plenum I/O, 50/125, OM4 - 305m spool",,"$7,002 ","$4,420 "
Cleerline,12D9125SMOS2P,12D9125SMOS2P,"12 Strand SSF Micro-Distribution LT, Plenum I/O, 9/125, G657 A2/B2 OS2 - 305m spool",,"$2,465 ","$1,556 "
Cleerline,12DJMD50125OM3R,12DJMD50125OM3R,"12 Strand SSF Double Jacket Micro-Distribution LT, Riser I/O, 50/125, OM3 - 305m spool",,"$7,663 ","$4,837 "
Cleerline,12DJMD50125OM4R,12DJMD50125OM4R,"12 Strand SSF Double Jacket Micro-Distribution LT, Riser I/O, 50/125, OM4 - 305m spool",,"$8,713 ","$5,500 "
Cleerline,12DJMD9125OS2R,12DJMD9125OS2R,"12 Strand SSF Double Jacket Micro-Distribution LT, Riser I/O, 9/125, G657 A2/B2 OS2 - 305m spool",,"$3,459 ","$2,184 "
Cleerline,12IAD50125MOM3P,12IAD50125MOM3P,"12 Strand SSF Interlocking Armored Micro-Distribution LT, Plenum, 50/125, OM3 - 305m spool",,"$14,035 ","$8,860 "
Cleerline,12IAD50125MOM4P,12IAD50125MOM4P,"12 Strand SSF Interlocking Armored Micro-Distribution LT, Plenum, 50/125, OM4 - 305m spool",,"$14,747 ","$9,309 "
Cleerline,12IAD9125SMOS2P,12IAD9125SMOS2P,"12 Strand SSF Interlocking Armored Micro-Distribution LT, Plenum, 9/125, G657 A2/B2 OS2 - 305m spool",,"$9,499 ","$5,996 "
Cleerline,12RMD50125OM3R,12RMD50125OM3R,"12 Strand SSF Rugged Micro-Distribution LT, Riser I/O, 50/125, OM3 - 305m spool",,"$8,505 ","$5,369 "
Cleerline,12RMD50125OM4R,12RMD50125OM4R,"12 Strand SSF Rugged Micro-Distribution LT, Riser I/O, 50/125, OM4 - 305m spool",,"$9,796 ","$6,184 "
Cleerline,12RMD9125OS2R,12RMD9125OS2R,"12 Strand SSF Rugged Micro-Distribution LT, Riser I/O, 9/125, G657 A2/B2 OS2 - 305m spool",,"$4,160 ","$2,626 "
Cleerline,24ACS9125OS2PE,24ACS9125OS2PE,"24 Strand SSF Armored Direct Burial Micro-Distribution LT, PE/OSP/Burial, 9/125, G657 A2/B2 OS2 - 305m spool",,"$9,053 ","$5,715 "
Cleerline,24RMD9125OS2R,24RMD9125OS2R,"24 Strand SSF Rugged Micro-Distribution LT, Riser I/O, 9/125, G657 A2/B2 OS2 - 305m spool",,"$6,704 ","$4,232 "
Cleerline,24STD50125MOM3P,24STD50125MOM3P,"24 Strand SSF Single Tube Micro-Distribution LT, Plenum I/O, 50/125, OM3 - 305m spool",,"$13,469 ","$8,502 "
Cleerline,24STD9125SMOS2P,24STD9125SMOS2P,"24 Strand SSF Single Tube Micro-Distribution LT, Plenum I/O, 9/125, G657 A2/B2 OS2 - 305m spool",,"$5,620 ","$3,547 "
Cleerline,2ACS50125OM3PE,2ACS50125OM3PE,"2 Strand SSF Armored Direct Burial Micro-Distribution LT, PE/OSP/Burial, 50/125, OM3 - 305m spool",,"$5,104 ","$3,222 "
Cleerline,2ACS9125OS2PE,2ACS9125OS2PE,"2 Strand SSF Armored Direct Burial Micro-Distribution LT, PE/OSP/Burial, 9/125, G657 A2/B2 OS2 - 305m spool",,"$4,236 ","$2,674 "
Cleerline,2D50125MOM3P,2D50125MOM3P,"2 Strand SSF Micro-Distribution LT, Plenum I/O, 50/125, OM3 - 305m spool",,"$1,587 ","$1,002 "
Cleerline,2D9125SMOS2P,2D9125SMOS2P,"2 Strand SSF Micro-Distribution LT, Plenum I/O, 9/125, G657 A2/B2 OS2 - 305m spool",,$993 ,$627 
Cleerline,2DJMD50125OM3R,2DJMD50125OM3R,"2 Strand SSF Double Jacket Micro-Distribution LT, Riser I/O, 50/125, OM3 - 305m spool",,"$2,705 ","$1,708 "
Cleerline,2DJMD50125OM4R,2DJMD50125OM4R,"2 Strand SSF Double Jacket Micro-Distribution LT, Riser I/O, 50/125, OM4 - 305m spool",,"$3,033 ","$1,914 "
Cleerline,2DJMD9125OS2R,2DJMD9125OS2R,"2 Strand SSF Double Jacket Micro-Distribution LT, Riser I/O, 9/125, G657 A2/B2 OS2 - 305m spool",,"$1,961 ","$1,238 "
Cleerline,2RMD50125OM3R,2RMD50125OM3R,"2 Strand SSF Rugged Micro-Distribution LT, Riser I/O, 50/125, OM3 - 305m spool",,"$3,813 ","$2,407 "
Cleerline,2RMD9125OS2R,2RMD9125OS2R,"2 Strand SSF Rugged Micro-Distribution LT, Riser I/O, 9/125, G657 A2/B2 OS2 - 305m spool",,"$2,978 ","$1,880 "
Cleerline,2TMD9125OS2PU,2TMD9125OS2PU,2 Strand SSFþ Tactical Micro-Distribution OS2 Fiber Blk - 305m spool,*Special price - limited stock remaining*,"$1,362 ",$929 
Cleerline,49991-5ST,49991-5ST,FastCAM OM2 Multi Mode Connector,,$79 ,$44 
Cleerline,4B50125OM3P,4B50125OM3P,"4 Strand SSF Breakout, Plenum I/O, 50/125, OM3 - 305m spool",,"$5,227 ","$3,300 "
Cleerline,4D50125MOM3P,4D50125MOM3P,"4 Strand SSF Micro-Distribution LT, Plenum I/O, 50/125, OM3 - 305m spool",,"$2,455 ","$1,550 "
Cleerline,4D9125SMOS2P,4D9125SMOS2P,"4 Strand SSF Micro-Distribution LT, Plenum I/O, 9/125 G657 A2/B2 OS2 - 305m spool",,"$1,391 ",$878 
Cleerline,6ACS50125OM3PE,6ACS50125OM3PE,"6 Strand SSF Armored Direct Burial Micro-Distribution LT, PE/OSP/Burial, 50/125, OM3 - 305m spool",,"$7,659 ","$4,835 "
Cleerline,6ACS50125OM4PE,6ACS50125OM4PE,"6 Strand SSF Armored Direct Burial Micro-Distribution LT, PE/OSP/Burial, 50/125, OM4 - 305m spool",,"$8,815 ","$5,564 "
Cleerline,6ACS9125OS2PE,6ACS9125OS2PE,"6 Strand SSF Armored Direct Burial Micro-Distribution LT, PE/OSP/Burial, 9/125, G657 A2/B2 OS2 - 305m spool",,"$4,990 ","$3,150 "
Cleerline,6ACS9125OS2PE-B2K,6ACS9125OS2PE-B2K,"6 Strand SSF Armored Direct Burial Micro-Distribution LT, PE/OSP/Burial, 9/125, G657 A2/B2 OS2 - 610m spool",,"$9,981 ","$6,300 "
Cleerline,6D50125MOM3P,6D50125MOM3P,"6 Strand SSF Micro-Distribution LT, Plenum I/O, 50/125, OM3 - 305m spool",,"$3,314 ","$2,092 "
Cleerline,6D50125MOM3P-BK,6D50125MOM3P-BK,"6 Strand SSF Micro-Distribution LT, Black, Plenum I/O, 50/125, OM3 - 305m spool",,"$3,314 ","$2,092 "
Cleerline,6D50125MOM4P,6D50125MOM4P,"6 Strand SSF Micro-Distribution LT, Plenum I/O, 50/125, OM4 - 305m spool",,"$3,827 ","$2,416 "
Cleerline,6D9125SMOS2P,6D9125SMOS2P,"6 Strand SSF Micro-Distribution LT, Plenum I/O, 9/125, G657 A2/B2 OS2 - 305m spool",,"$1,631 ","$1,029 "
Cleerline,6DJMD50125OM3R,6DJMD50125OM3R,"6 Strand SSF Double Jacket Micro-Distribution LT, Riser I/O, 50/125, OM3 - 305m spool",,"$4,807 ","$3,034 "
Cleerline,6DJMD50125OM4R,6DJMD50125OM4R,"6 Strand SSF Double Jacket Micro-Distribution LT, Riser I/O, 50/125, OM4 - 305m spool",,"$5,519 ","$3,484 "
Cleerline,6DJMD9125OS2R,6DJMD9125OS2R,"6 Strand SSF Double Jacket Micro-Distribution LT, Riser I/O, 9/125, G657 A2/B2 OS2 - 305m spool",,"$2,674 ","$1,688 "
Cleerline,6IAD50125MOM3P,6IAD50125MOM3P,"6 Strand SSF Interlocking Armored Micro-Distribution LT, Plenum, 50/125, OM3 - 305m spool",,"$9,720 ","$6,136 "
Cleerline,6IAD50125MOM4P,6IAD50125MOM4P,"6 Strand SSF Interlocking Armored Micro-Distribution LT, Plenum, 50/125, OM4 - 305m spool",,"$11,192 ","$7,065 "
Cleerline,6IAD9125SMOS2P,6IAD9125SMOS2P,"6 Strand SSF Interlocking Armored Micro-Distribution LT, Plenum, 9/125, G657 A2/B2 OS2 - 305m spool",,"$7,236 ","$4,568 "
Cleerline,6RMD50125OM3R,6RMD50125OM3R,"6 Strand SSF Rugged Micro-Distribution LT, Riser I/O, 50/125, OM3 - 305m spool",,"$5,766 ","$3,640 "
Cleerline,6RMD50125OM4R,6RMD50125OM4R,"6 Strand SSF Rugged Micro-Distribution LT, Riser I/O, 5/125, OM4 - 305m spool",,"$6,656 ","$4,201 "
Cleerline,6RMD9125OS2R,6RMD9125OS2R,"6 Strand SSF Rugged Micro-Distribution LT, Riser I/O, 9/125, G657 A2/B2 OS2 - 305m spool",,"$3,591 ","$2,267 "
Cleerline,6RMD9125OS2R-B2K,6RMD9125OS2R-B2K,"6 Strand SSF Rugged Micro-Distribution LT, Riser I/O, 9/125, G657 A2/B2 OS2 - 610m spool",,"$7,182 ","$4,534 "
Cleerline,BC35MMP5,BC35MMP5,3.5mm Mono Female Connectors -BC -5 Pack,,$75 ,$47 
Cleerline,BCBNCP10,BCBNCP10,BNC Male Connectors -BC -10 Pack,,$193 ,$122 
Cleerline,BCFP10,BCFP10,F Male Connectors -BC -10 Pack,,$99 ,$62 
Cleerline,BCRCAFP10,BCRCAFP10,RCA Female Connectors - BC-10 Pack,,$106 ,$67 
Cleerline,BCRCAP50,BCRCAP50,RCA Male Connectors-BC Series - 50 Pack,,$453 ,$286 
Cleerline,BCRTRCAP5,BCRTRCAP5,RCA Male Right Angle Connectors - BC - 5 Pack,,$101 ,$64 
Cleerline,CITK01,CITK01,Cutter/Screwdriver Tool Kit - Each,,$71 ,$45 
Cleerline,CTG-1CLK-MTP,CTG-1CLK-MTP,"MTP/MPO 1 Click Cleaner, 12/24 strand.",,$113 ,$71 
Cleerline,CXDCHD250,CXDCHD250,Planet Waves Dual HD Coax - Black - 76m Box,,$934 ,$589 
Cleerline,CXSCHD250,CXSCHD250,Planet Waves Single HD Coax - Black - 76m Box,,$461 ,$291 
Cleerline,CXSCHD250R,CXSCHD250R,Planet Waves Single HD Coax - Red - 76m Box,,$461 ,$291 
Cleerline,CXSCHD250W,CXSCHD250W,Planet Waves Single HD Coax - White - 76m Box,,$461 ,$291 
Cleerline,D29125SMOSP,D29125SMOSP,"Duplex SSF Plenum I/O, 9/125, G657 A2/B2 OS2 - 305m spool",,"$1,213 ",$766 
Cleerline,D29125SMOSP-500M,D29125SMOSP-500M,"Duplex SSF Plenum I/O, 9/125, G657 A2/B2 OS2 - 500m spool",,"$1,989 ","$1,256 "
Cleerline,D50125MOM3P,D50125MOM3P,"Duplex SSF Plenum I/O, 50/125, OM3 - 305m spool",,"$1,794 ","$1,132 "
Cleerline,D50125MOM3P-BK,D50125MOM3P-BK,"Duplex SSF Black, Plenum I/O, 50/125, OM3 - 305m spool",,"$1,794 ","$1,132 "
Cleerline,D50125MOM3R,D50125MOM3R,"Duplex SSF Riser, 50/125, OM3 - 305m spool",,"$1,525 ",$963 
Cleerline,D50125MOM4P,D50125MOM4P,"Duplex SSF Plenum I/O, 50/125, OM4 - 305m spool",,"$2,062 ","$1,302 "
Cleerline,FAN0436M250,FAN0436M250,"SSF 4 Fiber Buffer Tube Fan-Out Kit, 900 m 36"" Legs, Accepts 250m - Each",,$36 ,$26 
Cleerline,FAN0636M250,FAN0636M250,"SSF 6 Fiber Buffer Tube Fan-Out Kit, 900m 36"" Legs, Accepts 250m - Each",,$44 ,$30 
Cleerline,FAN1236M250,FAN1236M250,"SSF 12 Fiber Buffer Tube Fan-Out Kit, 900m 36"" Legs, Accepts 250m - Each",,$55 ,$35 
Cleerline,FAN2436M250,FAN2436M250,"SSF 24 Fiber Buffer Tube Fan-Out Kit, 900 _m 36"" Legs, Accepts 250 _m - Each",,$112 ,$71 
Cleerline,FS-1x16PLC250,FS-1x16PLC250,"1 x 16 PLC Fiber Splitter, Mini Module, 250um, Bare Fiber, Singlemode",,$58 ,$36 
Cleerline,FS-1x2PLC250,FS-1x2PLC250,"1 x 2 PLC Fiber Splitter, Mini Module, 250um, Bare Fiber, Singlemode",,$26 ,$16 
Cleerline,FS-1x32PLC250,FS-1x32PLC250,"1 x 32 PLC Fiber Splitter, Mini Module, 250um, Bare Fiber, Singlemode",,$96 ,$61 
Cleerline,FS-1x4PLC250,FS-1x4PLC250,"1 x 4 PLC Fiber Splitter, Mini Module, 250um, Bare Fiber, Singlemode",,$28 ,$17 
Cleerline,FS-1x8PLC250,FS-1x8PLC250,"1 x 8 PLC Fiber Splitter, Mini Module, 250um, Bare Fiber, Singlemode",,$30 ,$19 
Cleerline,NRINGS100R,NRINGS100R,Color Rings-BC/ST/ZM - Red,,$28 ,$18 
Cleerline,NRINGS100W,NRINGS100W,Color Rings-BC/ST/ZM - White,,$28 ,$18 
Cleerline,P047NNN,P047NNN,"Intersect ""Y"" Adapter",,$54 ,$34 
Cleerline,PW-LINKD,PW-LINKD,RJ45 to 3.5SP Right Angle adapter cable,,$23 ,$15 
Cleerline,PW-LINKKIT,PW-LINKKIT,2x RJ45 to 3.5SP 1 Straight 1 Rt Angle w/RJ45 Adapter,,$51 ,$32 
Cleerline,PW-MP-06,PW-MP-06,"1/8"" Stereo Mini cable to Planet Waves dual 6ft. cable - Each",,$28 ,$18 
Cleerline,RCAP50,RCAP50,RCA Male Connectors - HD - 50 Pack,,$787 ,$497 
Cleerline,S19125SMOSP,S19125SMOSP,"Simplex SSF Plenum I/O, 9/125, G657 A2/B2 OS2 - 305m spool",,$700 ,$442 
Cleerline,S50125MOM3P,S50125MOM3P,"Simplex SSF Plenum I/O, 50/125, OM3 - 305m spool",,$983 ,$621 
Cleerline,S50125MOM4P,S50125MOM4P,"Simplex SSF Plenum I/O, 50/125, OM4 - 305m spool",,"$1,127 ",$711 
Cleerline,SBOK064OM250,SBOK064OM250,SBOK064OM250: Spider Fan Out Color Coded Breakout,,$87 ,$55 
Cleerline,SBOK124OM250,SBOK124OM250,SBOK124OM250: Spider Fan Out Color Coded Breakout Kit,,$102 ,$64 
Cleerline,SS-40-900,SS-40-900,"40 mm splice sleeve, 3.0 mm, Inner Diameter 1.35 mm - 50 Pack",,$35 ,$22 
Cleerline,SS-60-900,SS-60-900,"60 mm splice sleeve, 3.0 mm, Inner Diameter 1.35 mm - 50 Pack",,$43 ,$27 
Cleerline,SSF-02E-Cleaver,SSF-02E-Cleaver,FKIT02E Cleaver only with case - Each,,$960 ,$606 
Cleerline,SSF-06BLANK,SSF-06BLANK,"Adapter Plate, 6ea Blank Openings, (Holds 6 SC Simplex or 6 LC Duplex Adapters) - Each",,$20 ,$13 
Cleerline,SSF-1CLK-LC,SSF-1CLK-LC,SSF one click cleaner LC @ 1.25mm - Each,,$106 ,$67 
Cleerline,SSF-1CLK-SC,SSF-1CLK-SC,"SSF one click cleaner SC, ST, FC @ 2.5mm - Each",,$106 ,$67 
Cleerline,SSF-1RU-E3,SSF-1RU-E3,"1RU Enclosure, Empty, Holds up to 3 plates, comes w/ Flush Mount Rack Ears - Each",,$513 ,$324 
Cleerline,SSF-1RUME-12AC,SSF-1RUME-12AC,12 slot fiber chassis with one AC power supply and fans for SSF series converters - Each,,"$1,051 ",$663 
Cleerline,SSF-1SFPx4RJ45POE-1G,SSF-1SFPx4RJ45POE-1G,1 x SFP to 4 x RJ45 PoE+ Gigabit Non-Managed Switch,,$291 ,$184 
Cleerline,SSF-1x4POE-RUGGED,SSF-1x4POE-RUGGED,Industrial Gigabit switch PoE+ 120W budget 4x 10/100/1000Base-Tx to 1x 1000Base-X SFP - Each,,$823 ,$519 
Cleerline,SSF-1x4-RUGGED,SSF-1x4-RUGGED,Industrial Gigabit switch 4x 10/100/1000Base-Tx to 1x 1000Base-X SFP,,$511 ,$322 
Cleerline,SSF-2RU-E6,SSF-2RU-E6,"2RU Enclosure, Empty, Holds up to 6 plates, comes w/ Flush Mount Rack Ears - Each",,$641 ,$405 
Cleerline,SSF-2SFPx8RJ45POE-1G,SSF-2SFPx8RJ45POE-1G,2 x SFP to 8 x RJ45 PoE+ Gigabit Non-Managed Switch,,$485 ,$306 
Cleerline,SSF-2x4POE-RUGGED,SSF-2x4POE-RUGGED,Industrial Gigabit switch PoE+ 120W budget 4x 10/100/1000Base-Tx to 2x 1000Base-X SFP,,$878 ,$554 
Cleerline,SSF-2x8POE-RUGGED,SSF-2x8POE-RUGGED,Industrial Gigabit switch PoE+ 240W budget 8x 10/100/1000Base-Tx to 2x 1000Base-X SFP - Each,,"$1,308 ",$826 
Cleerline,SSF-4RU-E12,SSF-4RU-E12,"4RU Enclosure, Empty, Holds up to 12 plates, comes w/ Flush Mount Rack Ears - Each",,"$1,026 ",$647 
Cleerline,SSF-8SFPx2RJ45-1G,SSF-8SFPx2RJ45-1G,8 x SFP to 2 x RJ45 Gigabit Non-Managed Switch,,$633 ,$400 
Cleerline,SSF-ACS-TOOL,SSF-ACS-TOOL,Armored cable slitting tool - Each,,$232 ,$146 
Cleerline,SSF-BLANK,SSF-BLANK,"Adapter Plate, Blank, Black - Each",,$17 ,$11 
Cleerline,SSF-CKIT01E,SSF-CKIT01E,Fiber Optic cleaning kit. Includes a variety of cleaners and consumables - Each,,$661 ,$418 
Cleerline,SSF-CLRMMLCLC-125,SSF-CLRMMLCLC-125,"Transparent SSF MM 50/125_m, 900_m, terminated LCLC, 125ft / 38m - Each",,$111 ,$70 
Cleerline,SSF-CLRMMLCLC-75,SSF-CLRMMLCLC-75,"Transparent SSF MM 50/125_m, 900_m, terminated LCLC, 75ft / 23m - Each",,$91 ,$58 
Cleerline,SSF-CLRMMSCSC-125,SSF-CLRMMSCSC-125,"Transparent SSF MM 50/125_m, 900_m, terminated SCSC, 125ft / 38m - Each",,$108 ,$68 
Cleerline,SSF-CLRMMSCSC-75,SSF-CLRMMSCSC-75,"Transparent SSF MM 50/125_m, 900_m, terminated SCSC, 75ft / 23m - Each",,$88 ,$56 
Cleerline,SSF-FCS1264,SSF-FCS1264,"Fiber cable slitter and ring tool, 1.2mm to 6.4mm - Each",,$95 ,$60 
Cleerline,SSF-FKIT02E,SSF-FKIT02E,Cleerline Basic Fiber Termination Kit - Each,,"$1,658 ","$1,047 "
Cleerline,SSF-FKIT03P,SSF-FKIT03P,Cleerline Professional Fiber Termination Kit - Each,,"$4,417 ","$2,788 "
Cleerline,SSF-LC-MMFPC-02,SSF-LC-MMFPC-02,"Cleerline LC/UPC Multimode OM3-4 Connector for 250_m, 900_m, 2mm, 3mm - 2 Pack",,$74 ,$47 
Cleerline,SSF-LC-MMFPC-10,SSF-LC-MMFPC-10,"Cleerline LC/UPC Multimode OM3-4 Connector for 250m, 900m, 2mm, 3mm - 10 Pack",,$349 ,$220 
Cleerline,SSF-LC-MMFPC-CL,SSF-LC-MMFPC-CL,SSF LC MM Duplex Connector clip w/Polarity Tubes (Aqua) - 100 Pack,,$196 ,$124 
Cleerline,SSF-LC-MMKILA,SSF-LC-MMKILA,"Fiber optic keystone insert, Duplex LC to LC, Multimode, Light Almond",,$14 ,$9 
Cleerline,SSF-LC-MMKIW,SSF-LC-MMKIW,"SSF-LC-MMKIW Fiber optic keystone insert, Duplex LC to LC, Multimode, White",,$14 ,$9 
Cleerline,SSF-LCSC-MMADP,SSF-LCSC-MMADP,Multimode LC Male to SC Female Fiber Optic Adapter,,$48 ,$30 
Cleerline,SSF-LCSC-SMADP,SSF-LCSC-SMADP,Single-mode LC Male to SC Female Fiber Optic Adapter,,$48 ,$30 
Cleerline,SSF-LC-SMAPC-10,SSF-LC-SMAPC-10,"Cleerline LC/APC Single-mode OS2 Connector for 250m, 900m, 2mm, 3mm - 10 Pack",,$449 ,$283 
Cleerline,SSF-LC-SMAPC-CL,SSF-LC-SMAPC-CL,SSF LC SM/APC Duplex Connector clip w/Polarity Tubes (Green) - 100 Pack,,$196 ,$124 
Cleerline,SSF-LC-SMKILA,SSF-LC-SMKILA,"Fiber optic keystone insert, Duplex LC to LC, Single-mode, Light Almond",,$14 ,$9 
Cleerline,SSF-LC-SMKIW,SSF-LC-SMKIW,"Fiber optic keystone insert, Duplex LC to LC, Single-mode, White",,$14 ,$9 
Cleerline,SSF-LC-SMUPC-02,SSF-LC-SMUPC-02,"Cleerline LC/UPC Single-mode OS2 Connector for 250m, 900m, 2mm, 3mm - 2 Pack",,$79 ,$50 
Cleerline,SSF-LC-SMUPC-10,SSF-LC-SMUPC-10,"Cleerline LC/UPC Single-mode OS2 Connector for 250m, 900m, 2mm, 3mm - 10 Pack",,$382 ,$241 
Cleerline,SSF-LC-SMUPC-CL,SSF-LC-SMUPC-CL,SSF LC SM/UPC Duplex Connector clip w/Polarity Tubes (Blue) - 100 Pack,,$196 ,$124 
Cleerline,SSF-MICRO-400X,SSF-MICRO-400X,400x Hand held optical Inspection scope - Each,,$661 ,$418 
Cleerline,SSF-MICROV-250X,SSF-MICROV-250X,250x Fiber Optic Video Microscope with 1.25mm LC and 2.5mm SC one-click cleaners - Each,,"$3,951 ","$2,494 "
Cleerline,SSF-PULLEYE1318,SSF-PULLEYE1318,Heavy duty pulling eyelet/sock/swivel for cable diameters 13mm to 18mm - Each,,$85 ,$54 
Cleerline,SSF-PULLEYE1825,SSF-PULLEYE1825,Heavy duty pulling eyelet/sock/swivel for cable diameters 18mm to 25mm - Each,,$88 ,$56 
Cleerline,SSF-PULLEYE68,SSF-PULLEYE68,Heavy duty pulling eyelet/sock for cable diameters 6mm to 8mm - Each,,$81 ,$51 
Cleerline,SSF-PULLEYE712,SSF-PULLEYE712,Heavy duty pulling eyelet/sock/swivel for cable diameters 7mm to 12mm - Each,,$81 ,$51 
Cleerline,SSF-PULLEYED,SSF-PULLEYED,Pulling eyelet for Duplex or AOC type cables - Each,,$53 ,$33 
Cleerline,SSF-PULLEYEM,SSF-PULLEYEM,Pulling eyelet for Multiple Cable types and terminated cable assemblies - Each,,$95 ,$60 
Cleerline,SSF-QSFP-100GLR1,SSF-QSFP-100GLR1,"QSFP28 100G LR1 optical transceiver, single-mode, single lambda 1310nm, 10Km reach",,"$2,125 ","$1,342 "
Cleerline,SSF-QSFP-100GSR4,SSF-QSFP-100GSR4,"QSFP28 100G SR4 optical transceiver, multimode, 850nm, 100m reach, MPO",,$477 ,$301 
Cleerline,SSF-QSFP-40GLR4,SSF-QSFP-40GLR4,"40G QSFP+ LR4 1310nm, single-mode,10Km reach, Dual LC",,"$1,390 ",$878 
Cleerline,SSF-QSFP-40GSR2,SSF-QSFP-40GSR2,"40G QSFP+ SR2 BiDi 100m/OM3 or 150m/OM4, Dual LC - Each",,"$1,920 ","$1,212 "
Cleerline,SSF-RCS-TOOL,SSF-RCS-TOOL,Radial cable stripper tool - Each,,$84 ,$53 
Cleerline,SSF-SCLC-MMADP,SSF-SCLC-MMADP,Multimode SC Female to LC Male Fiber Optic Adapter - Each,,$50 ,$31 
Cleerline,SSF-SCLC-SMADP,SSF-SCLC-SMADP,Single-mode SC Male to LC Female Fiber Optic Adapter - Each,,$50 ,$31 
Cleerline,SSF-SC-MMFPC-10,SSF-SC-MMFPC-10,"Cleerline SC/UPC Multimode OM3-4 Connector for 250m, 900m, 2mm, 3mm - 10 Pack",,$249 ,$157 
Cleerline,SSF-SC-MMKILA,SSF-SC-MMKILA,"Fiber optic keystone insert, Simplex SC to SC, Multimode, Light Almond",,$14 ,$9 
Cleerline,SSF-SC-MMKIW,SSF-SC-MMKIW,"Fiber optic keystone insert, Simplex SC to SC, Multimode, White",,$14 ,$9 
Cleerline,SSF-SC-SMAPC-10,SSF-SC-SMAPC-10,"Cleerline SC/APC Single-mode OS2 Connector for 250m, 900m, 2mm, 3mm - 10 Pack",,$312 ,$197 
Cleerline,SSF-SC-SMAPCKIW,SSF-SC-SMAPCKIW,"Fiber optic keystone insert, Simplex SC to SC, Single-mode APC, White",,$14 ,$9 
Cleerline,SSF-SC-SMKIBK,SSF-SC-SMKIBK,"Fiber optic keystone insert, Simplex SC to SC, Single-mode, Black",,$14 ,$9 
Cleerline,SSF-SC-SMKILA,SSF-SC-SMKILA,"Fiber optic keystone insert, Simplex SC to SC, Single-mode, Light Almond",,$14 ,$9 
Cleerline,SSF-SC-SMKIW,SSF-SC-SMKIW,"Fiber optic keystone insert, Simplex SC to SC, Single-mode, White",,$14 ,$9 
Cleerline,SSF-SC-SMUPC-10,SSF-SC-SMUPC-10,"Cleerline SC/UPC Single-mode OS2 Connector for 250m, 900m, 2mm, 3mm - 10 Pack",,$263 ,$166 
Cleerline,SSF-SERIAL-RUGGED,SSF-SERIAL-RUGGED,Industrial RS232/RS485/RS422 Serial to Fiber Converter - Set,,"$1,473 ",$930 
Cleerline,SSF-SFP28-25GLR,SSF-SFP28-25GLR,"25G SFP28 LR transceiver SM 1310nm, 10Km reach, Dual LC - Each",,$384 ,$242 
Cleerline,SSF-SFP28-25GSR,SSF-SFP28-25GSR,"25G SFP28 SR transceiver MM 850nm, 100m reach, Dual LC - Each",,$264 ,$167 
Cleerline,SSF-SFP-MM10G,SSF-SFP-MM10G,"10G SFP+ transceiver MM 10GBase-SR, 850nm, 300m max reach - Each",,$122 ,$77 
Cleerline,SSF-SFP-MM1G,SSF-SFP-MM1G,"1.25G SFP transceiver MM 1000Base-SX, 850nm, 550m max reach, w/DDM - Each",,$74 ,$47 
Cleerline,SSF-SFP-RJ45-10G,SSF-SFP-RJ45-10G,"10G Ethernet to 10G Base-X SFP+ extender, AC US power supply - Each",,"$1,245 ",$786 
Cleerline,SSF-SFP-RJ45-1G,SSF-SFP-RJ45-1G,"Gigabit 10/100/1000Base-Tx to 100/1000Base-X SFP extender, AC US power supply - Each",,$279 ,$176 
Cleerline,SSF-SFP-RJ452POE-1G,SSF-SFP-RJ452POE-1G,"Gigabit 10/100/1000Base-Tx 2xRJ45 to 100/1000Base-X SFP extender, PoE+ 30W, AC US power supply - Each",,$587 ,$370 
Cleerline,SSF-SFP-SFP-CON,SSF-SFP-SFP-CON,"Gigabit 1000Base-X to 1000Base-X SFP to SFP converter, AC US power supply - Each",,$279 ,$176 
Cleerline,SSF-SFP-SFP-CON10G,SSF-SFP-SFP-CON10G,"10G Base-X SFP+ to SFP+ converter, AC US power supply - Each",,"$1,245 ",$786 
Cleerline,SSF-SFP-SM10G,SSF-SFP-SM10G,"10G SFP+ transceiver SM 10GBase-LR, 1310nm, 20Km max reach - Each",,$175 ,$111 
Cleerline,SSF-SFP-SM10GBDA,SSF-SFP-SM10GBDA,"10G SFP+ transceiver SM BiDi T:1270/R:1330nm, 20Km max reach - Each",,$295 ,$186 
Cleerline,SSF-SFP-SM10GBDB,SSF-SFP-SM10GBDB,"10G SFP+ transceiver SM BiDi T:1330/R:1270nm, 20Km max reach - Each",,$295 ,$186 
Cleerline,SSF-SFP-SM1G,SSF-SFP-SM1G,"1.25G SFP transceiver SM 1000Base-LX, 1310nm, 20Km max reach, w/DDM - Each",,$76 ,$48 
Cleerline,SSF-SFP-SM1GBDA,SSF-SFP-SM1GBDA,"1.25G SFP transceiver SM BiDi T:1310/R:1550nm, 20Km max reach, w/DDM - Each",,$111 ,$70 
Cleerline,SSF-SFP-SM1GBDB,SSF-SFP-SM1GBDB,"1.25G SFP transceiver SM BiDi T:1550/R:1310nm, 20Km max reach, w/DDM - Each",,$153 ,$97 
Cleerline,SSF-SFP-UMRJ451G,SSF-SFP-UMRJ451G,"1.25G SFP Copper transceiver RJ45 1000Base-T, 100m max reach, w/SGMII",,$170 ,$107 
Cleerline,SSF-SHEARS,SSF-SHEARS,Fiber optic cutting shears - Each,,$129 ,$82 
Cleerline,SSF-SPLICE-10,SSF-SPLICE-10,SSF Mechanical Splice Connectors - 10 Pack,,$130 ,$82 
Cleerline,SSF-SPLICEOC-10,SSF-SPLICEOC-10,SSF Mechanical Splice Outdoor Cover - 10 Pack,,$153 ,$97 
Cleerline,SSF-SPLICE-TOOL,SSF-SPLICE-TOOL,Mechanical Splicer Tool - Each,,$50 ,$31 
Cleerline,SSF-ST-MMUPC-02,SSF-ST-MMUPC-02,"Cleerline ST/UPC Multimode OM3-4 Connector for 250_m, 900_m, 2mm, 3mm - MP (2x1ea)",,$76 ,$48 
Cleerline,SSF-ST-SMAPC-02,SSF-ST-SMAPC-02,"Cleerline ST/APC Single-mode OS2 Connector for 250_m, 900_m, 2mm, 3mm - MP (2x1ea)",,$93 ,$59 
Cleerline,SSF-ST-SMUPC-02,SSF-ST-SMUPC-02,"Cleerline ST/UPC Single-mode OS2 Connector for 250_m, 900_m, 2mm, 3mm - MP (2x1ea)",,$83 ,$52 
Cleerline,SSF-SWM-SOLID-NL-E1,SSF-SWM-SOLID-NL-E1,"Extra small, empty wall mount enclosure. Fits 1 LGX adapter plate - Each",,$197 ,$124 
Cleerline,SSF-SWM-SPLIT-WL-E2,SSF-SWM-SPLIT-WL-E2,"Small, empty wall mount with split metal door, with one lock/key. Fits 2 LGX adapter plates - Each",,$311 ,$196 
Cleerline,SSF-TKITE-200,SSF-TKITE-200,Cleerline Basic Fiber Testing Kit - Each,,"$2,659 ","$1,678 "
Cleerline,SSF-TKITP-500,SSF-TKITP-500,Cleerline Professional Fiber Testing Kit With Data - Each,,"$5,338 ","$3,369 "
Cleerline,SSF-TRIHOLEP,SSF-TRIHOLEP,SSF fiber optic strippers with polymer stripping opening - Each,,$107 ,$68 
Cleerline,SSF-VFL-100,SSF-VFL-100,Visual Fault Locator for SC / 2.5mm - Each,,$161 ,$102 
Cleerline,SSF-VFL-100LC,SSF-VFL-100LC,Visual Fault Locator for LC / 1.25mm - Each,,$145 ,$92 
Cleerline,SSF-VFL-250-ADP,SSF-VFL-250-ADP,Visual Fault Locator with a 650-nm visible red laser diode. 2.5mm with 1.25mm adapter - Each,,$532 ,$336 
Cleerline,SST-24F,SST-24F,"Splice Tray, dual layer, max core 24 fibers",,$35 ,$22 
Cleerline,ST35MMP5,ST35MMP5,3.5mm Mono Male Connectors -ST-5 Pack,,$73 ,$46 
Cleerline,V7+,V7+,FKIT03P Cleaver only with case and side auto trash collector - Each,,"$3,129 ","$1,975 "
Cleerline,VFL-ADP,VFL-ADP,Visual Fault Locator Adaptor Convert f2.5 to f1.25 mm Ferrule - Each,,$126 ,$79 
Flat Panel Audio,BDM,BDM,DML500 Soft Carry Bag with FlatPanel Audio logo,,"$2,562 ","$1,579 "
Flat Panel Audio,C212,C212,LS212 Padded Slip-Cover with FlatPanel Audio logo,,"$2,108 ","$1,300 "
Flat Panel Audio,CB1,CB1,Connector Bar for connecting 2 LS bars on an LS118,,$324 ,$200 
Flat Panel Audio,CB2,CB2,Connector Bar for connecting 2 LS bars on an LS212,,$324 ,$200 
Flat Panel Audio,CS124,CS124,"LEA Connect 124 (1/2U) Networkable Four Channel Amplifier, 120w/ch + DSP","*If the amplifiers and speakers are purchased as a package, the warranty on the DML500, LS212 & LS118 extends from 5 years to a full 6-year warranty","$4,389 ","$3,237 "
Flat Panel Audio,CS124D,CS124D,"LEA Connect 124D (1/2U) Networkable Four Channel Amplifier, 120w/ch w/Dante + DSP","*If the amplifiers and speakers are purchased as a package, the warranty on the DML500, LS212 & LS118 extends from 5 years to a full 6-year warranty","$5,264 ","$3,882 "
Flat Panel Audio,C1504,CS1504,"LEA Connect 1504 (2U) Networkable Four Channel Amplifier, 1500w/ch +DSP",**LEA Professional C1504 and C1504D amplifiers have the potential to draw greater than 20A in certain cases.,"$15,791 ","$11,646 "
Flat Panel Audio,C1504D,CS1504D,"LEA Connect 1504D (2U) Networkable Four Channel Amplifier, 1500w/ch w/Dante +DSP",**LEA Professional C1504 and C1504D amplifiers have the potential to draw greater than 20A in certain cases.,"$18,131 ","$13,371 "
Flat Panel Audio,CS164,CS164,"LEA Connect 164 (1U) Networkable Four Channel Amplifier, 160w/ch + DSP","*If the amplifiers and speakers are purchased as a package, the warranty on the DML500, LS212 & LS118 extends from 5 years to a full 6-year warranty","$6,562 ","$4,839 "
Flat Panel Audio,CS164D,CS164D,"LEA Connect 164D (1U) Networkable Four Channel Amplifier, 160w/ch w/Dante + DSP","*If the amplifiers and speakers are purchased as a package, the warranty on the DML500, LS212 & LS118 extends from 5 years to a full 6-year warranty","$9,168 ","$6,762 "
Flat Panel Audio,CS168,CS168,"LEA Connect 168 (1U) Networkable Eight Channel Amplifier, 160w/c +DSP","*If the amplifiers and speakers are purchased as a package, the warranty on the DML500, LS212 & LS118 extends from 5 years to a full 6-year warranty","$10,043 ","$7,407 "
Flat Panel Audio,CS168D,CS168D,"LEA Connect 168D (1U) Networkable Eight Channel Amplifier, 160w/c w/Dante +DSP","*If the amplifiers and speakers are purchased as a package, the warranty on the DML500, LS212 & LS118 extends from 5 years to a full 6-year warranty","$12,811 ","$9,448 "
Flat Panel Audio,CS3004,CS3004,"LEA Connect 3004 (2U) Networkable Four Channel Amplifier, 3000w/ch +DSP","*If the amplifiers and speakers are purchased as a package, the warranty on the DML500, LS212 & LS118 extends from 5 years to a full 6-year warranty","$19,885 ","$14,665 "
Flat Panel Audio,CS3004D,CS3004D,"LEA Connect 3004D (2U) Networkable Four Channel Amplifier, 3000w/c w/Dante +DSP","*If the amplifiers and speakers are purchased as a package, the warranty on the DML500, LS212 & LS118 extends from 5 years to a full 6-year warranty","$22,809 ","$16,822 "
Flat Panel Audio,CS34,CS34,"LEA Connect 34 (1/2U) Networkable Four Channel Amplifier, 30w/ch + DSP","*If the amplifiers and speakers are purchased as a package, the warranty on the DML500, LS212 & LS118 extends from 5 years to a full 6-year warranty","$3,219 ","$2,374 "
Flat Panel Audio,CS34D,CS34D,"LEA Connect 34D (1/2U) Networkable Four Channel Amplifier, 30w/ch w/Dante + DSP","*If the amplifiers and speakers are purchased as a package, the warranty on the DML500, LS212 & LS118 extends from 5 years to a full 6-year warranty","$4,094 ","$3,019 "
Flat Panel Audio,CS352,CS352,"LEA Connect 352 (1U) Networkable Two Channel Amplifier, 350w/ch + DSP","*If the amplifiers and speakers are purchased as a package, the warranty on the DML500, LS212 & LS118 extends from 5 years to a full 6-year warranty","$5,108 ","$3,767 "
Flat Panel Audio,CS352D,CS352D,"LEA Connect 352D (1U) Networkable Two Channel Amplifier, 350w/ch w/Dante + DSP","*If the amplifiers and speakers are purchased as a package, the warranty on the DML500, LS212 & LS118 extends from 5 years to a full 6-year warranty","$7,642 ","$5,636 "
Flat Panel Audio,CS354,CS354,"LEA Connect 354 (1U) Networkable Four Channel Amplifier, 350w/ch + DSP","*If the amplifiers and speakers are purchased as a package, the warranty on the DML500, LS212 & LS118 extends from 5 years to a full 6-year warranty","$7,297 ","$5,381 "
Flat Panel Audio,CS354D,CS354D,"LEA Connect 354D (1U) Networkable Four Channel Amplifier, 350w/ch w/Dante + DSP","*If the amplifiers and speakers are purchased as a package, the warranty on the DML500, LS212 & LS118 extends from 5 years to a full 6-year warranty","$9,937 ","$7,329 "
Flat Panel Audio,CS64,CS64,"LEA Connect 64 (1/2U) Networkable Four Channel Amplifier, 60w/ch + DSP","*If the amplifiers and speakers are purchased as a package, the warranty on the DML500, LS212 & LS118 extends from 5 years to a full 6-year warranty","$3,804 ","$2,806 "
Flat Panel Audio,CS64D,CS64D,"LEA Connect 64D (1/2U) Networkable Four Channel Amplifier, 60w/ch w/Dante + DSP","*If the amplifiers and speakers are purchased as a package, the warranty on the DML500, LS212 & LS118 extends from 5 years to a full 6-year warranty","$4,679 ","$3,451 "
Flat Panel Audio,C702,CS702,"LEA Connect 702 (1U) Networkable Two Channel Amplifier, 700w/ch + DSP","*If the amplifiers and speakers are purchased as a package, the warranty on the DML500, LS212 & LS118 extends from 5 years to a full 6-year warranty","$7,297 ","$5,381 "
Flat Panel Audio,C702D,CS702D,"LEA Connect 702D (1U) Networkable Two Channel Amplifier, 700w/ch w/Dante + DSP","*If the amplifiers and speakers are purchased as a package, the warranty on the DML500, LS212 & LS118 extends from 5 years to a full 6-year warranty","$9,174 ","$6,766 "
Flat Panel Audio,C704,CS704,"LEA Connect 704 (1U) Networkable Four Channel Amplifier, 700w/ch + DSP","*If the amplifiers and speakers are purchased as a package, the warranty on the DML500, LS212 & LS118 extends from 5 years to a full 6-year warranty","$9,480 ","$6,992 "
Flat Panel Audio,C704D,CS704D,"LEA Connect 704D (1U) Networkable Four Channel Amplifier, 700w/ch w/Dante +DSP","*If the amplifiers and speakers are purchased as a package, the warranty on the DML500, LS212 & LS118 extends from 5 years to a full 6-year warranty","$12,226 ","$9,017 "
Flat Panel Audio,CS84,CS84,"LEA Connect 84 (1U) Networkable Four Channel Amplifier, 80w/ch + DSP","*If the amplifiers and speakers are purchased as a package, the warranty on the DML500, LS212 & LS118 extends from 5 years to a full 6-year warranty","$5,837 ","$4,305 "
Flat Panel Audio,CS84D,CS84D,"LEA Connect 84D (1U) Networkable Four Channel Amplifier, 80w/ch w/Dante + DSP","*If the amplifiers and speakers are purchased as a package, the warranty on the DML500, LS212 & LS118 extends from 5 years to a full 6-year warranty","$8,405 ","$6,199 "
Flat Panel Audio,CS88,CS88,"LEA Connect 88 (1U) Networkable Eight Channel Amplifier, 80w/c +DSP","*If the amplifiers and speakers are purchased as a package, the warranty on the DML500, LS212 & LS118 extends from 5 years to a full 6-year warranty","$8,578 ","$6,326 "
Flat Panel Audio,CS88D,CS88D,"LEA Connect 88D (1U) Networkable Eight Channel Amplifier, 80w/c w/Dante +DSP","*If the amplifiers and speakers are purchased as a package, the warranty on the DML500, LS212 & LS118 extends from 5 years to a full 6-year warranty","$11,279 ","$8,319 "
Flat Panel Audio,CSTOUCH-BLK,CSTOUCH-BLK,Programmable Wall Controller - Black,,"$2,073 ","$1,529 "
Flat Panel Audio,CSTOUCH-WHT,CSTOUCH-WHT,Programmable Wall Controller - White,,"$2,073 ","$1,529 "
Flat Panel Audio,DFB,DFB,DML500 Flyware Bar,,$324 ,$200 
Flat Panel Audio,DFH,DFH,DML Flyware Head,,$324 ,$200 
Flat Panel Audio,DML500A,DML500A,Single Distributed Mode Loudspeaker - architectural,5 Year Warranty [extend to 6 if LEA Amplifiers are bought as a package],"$6,454 ","$3,979 "
Flat Panel Audio,DML500-BLK,DML500-BLK,Single Distributed Mode Loudspeaker (DML) - Black,5 Year Warranty [extend to 6 if LEA Amplifiers are bought as a package],"$9,049 ","$5,578 "
Flat Panel Audio,DML500-CUS,DML500-CUS,Single Distributed Mode Loudspeaker (DML) - Custom select RAL powder coat finishes,5 Year Warranty [extend to 6 if LEA Amplifiers are bought as a package],"$12,941 ","$7,977 "
Flat Panel Audio,DML500W,DML500W,Single Distributed Mode Loudspeaker (DML) - weather resistant,5 Year Warranty [extend to 6 if LEA Amplifiers are bought as a package],"$15,535 ","$9,576 "
Flat Panel Audio,DML500-WHT,DML500-WHT,Single Distributed Mode Loudspeaker (DML) - White,5 Year Warranty [extend to 6 if LEA Amplifiers are bought as a package],"$9,049 ","$5,578 "
Flat Panel Audio,FPARPP,FPARPP,Custom FlatPanel Audio Amplifier Rear Patch Panel,,"$2,562 ","$1,579 "
Flat Panel Audio,HB1,HB1,DML Hanger Bar for flying LS118 Sub from DML500,,$973 ,$600 
Flat Panel Audio,HB2,HB2,DML Hanger Bar for flying LS212 Sub from DML500,,$973 ,$600 
Flat Panel Audio,LS118,LS118,"Single 18"" Front Firing Passive Subwoofer (built to order)",5 Year Warranty [extend to 6 if LEA Amplifiers are bought as a package],"$16,289 ","$9,397 "
Flat Panel Audio,LS118-CB,LS118-CB,LS1180 Caster board for transport w/ locking wheels & integrated latch,,"$1,459 ",$900 
Flat Panel Audio,LS208-BLK,LS208-BLK,"Double 8"" High Output Compact Passive Subwoofer - Black",5 Year Warranty [extend to 6 if LEA Amplifiers are bought as a package],"$6,491 ","$3,745 "
Flat Panel Audio,LS208-WHT,LS208-WHT,"Double 8"" High Output Compact Passive Subwoofer - White",5 Year Warranty [extend to 6 if LEA Amplifiers are bought as a package],"$6,491 ","$3,745 "
Flat Panel Audio,LS212-BLK,LS212-BLK,"Double 12"" Low Profile Compact Passive Subwoofer - Black",5 Year Warranty [extend to 6 if LEA Amplifiers are bought as a package],"$11,390 ","$6,571 "
Flat Panel Audio,LS212-WHT,LS212-WHT,"Double 12"" Low Profile Compact Passive Subwoofer - White",5 Year Warranty [extend to 6 if LEA Amplifiers are bought as a package],"$13,023 ","$7,513 "
Flat Panel Audio,LS218,LS218,"Double 18"" High Output Concert Passive Subwoofer w/ Rigging Points (built-to-order)",5 Year Warranty [extend to 6 if LEA Amplifiers are bought as a package],"$27,719 ","$15,992 "
Flat Panel Audio,LSB,LSB,LS - Series Subwoofer Flyware Bar,,$324 ,$200 
Flat Panel Audio,MPE,MPE,Multi-Purpose Pullback Element,,$324 ,$200 
Flat Panel Audio,PMA,PMA,Pole Mount Adapter for adapting DML500 to a standard speaker pole,,$973 ,$600 
Flat Panel Audio,PRE,PRE,LEA Amplifier Pre-Configuration (for FlatPanel Loudspeakers),"*If the amplifiers and speakers are purchased as a package, the warranty on the DML500, LS212 & LS118 extends from 5 years to a full 6-year warranty. *This service ensures your amplifiers arrive pre-configured with standard base loudspeaker EQ and limiter settings, using our recommended DSP settings for each loudspeaker type. You can modify your EQ later, if necessary. FlatPanel Audio will provide a diagram indicating which amplifier channel applies to which loudspeaker in your design. Any special requirements must be shared and/or discussed with FlatPanel Audio support prior to shipping your order. FlatPanel Audio can offer recommendations on how to balance amplifier loads on multi-amp systems, if desired.","$1,237 ",$912 
Flat Panel Audio,RCAF-2,RCAF-2,RCA to Phoenix Input Cable,,$173 ,$128 
Flat Panel Audio,VESA,VESA,VESA Adapter Plate for 200 x 200,,$324 ,$200 
Flat Panel Audio,VPM,VPM,Vertical Pipe Mount for 1.5¡± NPT,,$973 ,$600 
Flat Panel Audio,XLRF,XLRF,XLRF to Phoenix Input Cable,,$99 ,$73 
Global Cache,GC-100-18R,GC-100-18R,"Network Adapter that allows dual serial, 3 Relay & 6 Infra Red / Sensor devices to connect via a TCP/IP port [with Rack Mount Kit installed]",,"$1,048 ",$736 
Global Cache,GC-100-12,GC-100-12,"Network Adapter that allows dual serial, 3 Relay & 6 Infra Red / Sensor devices to connect via a TCP/IP port",,$838 ,$589 
Global Cache,GC-100-06,GC-100-06,Network Adapter that allows a single serial & 3 Infra Red / Sensor devices to connect via a TCP/IP port,,$445 ,$313 
Global Cache,GC-IP2SL,GC-IP2SL,iTach Wired TCP/IP to Serial: Provides TCP/IP connectivity to serial (RS232) devices; connects via RJ45 TCP/IP Port and requires power from INCLUDED 5VDC Power Supply,,$319 ,$224 
Global Cache,GC-IP2SL-P,GC-IP2SL-P,iTach Wired TCP/IP to Serial with PoE: Provides TCP/IP (PoE) connectivity to serial (RS232) devices; connects via RJ45 TCP/IP Port and requires power from INCLUDED 5VDC Power Supply OR PoE,,$410 ,$288 
Global Cache,GC-IP2IR,GC-IP2IR,iTach Wired TCP/IP to IR: Provides TCP/IP connectivity to infrared (IR) devices; connects via RJ45 TCP/IP Port and requires power from INCLUDED 5VDC Power Supply,,$319 ,$224 
Global Cache,GC-IP2IR-P,GC-IP2IR-P,iTach Wired TCP/IP to IR with PoE: Provides TCP/IP (PoE) connectivity to infrared (IR) devices; connects via RJ45 TCP/IP Port and requires power from INCLUDED 5VDC Power Supply OR PoE,,$410 ,$288 
Global Cache,GC-IP2CC,GC-IP2CC,iTach Wired TCP/IP to Contact Closure/Relay: Provides TCP/IP connectivity to contact closure (relay) devices; connects via RJ45 TCP/IP Port and requires power from INCLUDED 5VDC Power Supply,,$319 ,$224 
Global Cache,GC-IP2CC-P,GC-IP2CC-P,iTach Wired TCP/IP to Contact Closure/Relay with PoE: Provides TCP/IP (PoE) connectivity to contact closure (relay) devices; connects via RJ45 TCP/IP Port and requires power from INCLUDED 5VDC Power Supply OR PoE,,$410 ,$288 
Global Cache,GC-WF2SL,GC-WF2SL,iTach WiFi to Serial: Provides WiFi connectivity to serial (RS232) devices; connects via WiFi and requires power from INCLUDED 5VDC Power Supply,,$384 ,$270 
Global Cache,GC-WF2IR,GC-WF2IR,"iTach WiFi to IR: Provides WiFi connectivity to infrared (IR) devices, connects via WiFi and requires power from INCLUDED 5VDC Power Supply",,$384 ,$270 
Global Cache,GC-WF2CC,GC-WF2CC,iTach WiFi to Contact Closure/Relay: Provides WiFi connectivity to contact closure (relay) devices; connects via WiFi and requires power from INCLUDED 5VDC Power Supply,,$384 ,$270 
Global Cache,GC-IT-PS,GC-IT-PS,iTach Power Supply: Specify AU,,$34 ,$24 
Global Cache,GC-FLEX-WF-AU,GC-FLEX-WF-AU,iTach Flex WiFi: Multi functional smart modular end point that connects almost any electronic device to a TCP/IP network so that it can be controlled and automated; connects via WiFi and requires power from INCLUDED 5VDC Power Supply,,$318 ,$223 
Global Cache,GC-FLEX-IP-AU,GC-FLEX-IP-AU,"iTach Flex IP: Multi functional smart modular end point that connects almost any electronic device to a TCP/IP network so that it can be controlled and automated, connects via RJ45 TCP/IP Port and requires power from INCLUDED 5VDC Power Supply",,$272 ,$191 
Global Cache,GC-FLEX-IP-POE-AU,GC-FLEX-IP-POE-AU,iTach Flex IP with PoE: Multi functional smart modular end point that connects almost any electronic device to a TCP/IP network so that it can be controlled and automated; connects via RJ45 TCP/IP Port and requires power from either INCLUDED 5VDC Power Supply or can utilise PoE,,$318 ,$223 
Global Cache,GC-EXTWARRANTY,GC-EXTWARRANTY,iTach Extended Warranty - extends the warranty from 2 to 5 years for the Global Cache iTach range,Model-dependent: 15% of the unit cost,,POA
Global Cache,GC-IRL,GC-IRL,IR Learner: IR Learner Cable for GC-100 Systems [use with iLearn Software],,$251 ,$177 
Global Cache,GC-IRE,GC-IRE,IR Extender: IR Extender Cable for GC-100 Systems,,$189 ,$132 
Global Cache,GC-CXG,GC-CXG,IR Converter Cable [Xantech to GC-IRE]: IR Converter Cable for conversion from Xantech Systems to GC-100 Systems,,$105 ,$74 
Global Cache,GC-CGX,GC-CGX,IR Converter Cable [GC-100 to Xantech]: IR Converter Cable for conversion to Xantech System Compatibility,,$105 ,$74 
Global Cache,GC-BL2,GC-BL2,IR Blaster: IR Blaster Cable for GC-100 Systems,,$147 ,$103 
Global Cache,GC-IR-E,GC-IR-E,Global IR Emitter: Single Infra Red emitter port cable,,$11 ,$8 
Global Cache,GC7/NE/6SL,GC7/NE/6SL,"GLOBAL CONNECT Preconfigured 7 Slot Chassis incl: 1x Ethernet/Power Module, 6x Serial Modules, Power Supply & Chassis",Popular Pre-Configured Global Connect Configuration,"$1,237 ",$869 
Global Cache,GC7/NE/3RT,GC7/NE/3RT,"GLOBAL CONNECT Preconfigured 7 Slot Chassis incl: 1x Ethernet/Power Module, 3x Relay Modules, Power Supply & Chassis",Popular Pre-Configured Global Connect Configuration,"$1,237 ",$869 
Global Cache,GC7/NE/2SL/2IR/RT,GC7/NE/2SL/2IR/RT,"GLOBAL CONNECT Preconfigured 7 Slot Chassis incl: 1x Ethernet/Power Module, 2x Serial Modules, 2x IR Modules, 1x Relay Module, Power Supply & Chassis",Popular Pre-Configured Global Connect Configuration,"$1,237 ",$869 
Global Cache,GC7/NE/SL/IR/2RT,GC7/NE/SL/IR/2RT,"GLOBAL CONNECT Preconfigured 7 Slot Chassis incl: 1x Ethernet/Power Module, 1x Serial Module, 1x IR Module, 2x Relay Modules, Power Supply & Chassis",Popular Pre-Configured Global Connect Configuration,"$1,237 ",$869 
Global Cache,GC7/NS/2SL/IR/RT,GC7/NS/2SL/IR/RT,"GLOBAL CONNECT Preconfigured 7 Slot Chassis incl: 1x Ethernet/Power 2-Port Switch Module, 2x Serial Modules, 1x IR Module, 1x Relay Module, Power Supply & Chassis",Popular Pre-Configured Global Connect Configuration,"$1,237 ",$869 
Global Cache,GC7/NS/HM/2SL/IR,GC7/NS/HM/2SL/IR,"GLOBAL CONNECT Preconfigured 7 Slot Chassis incl: 1x Ethernet/Power 2-Port Switch Module, 1x HDMI Module, 2x Serial Modules, 1x IR Module, Power Supply & Chassis",Popular Pre-Configured Global Connect Configuration,"$1,237 ",$869 
Global Cache,GC5/NE/4SL,GC5/NE/4SL,"GLOBAL CONNECT Preconfigured 5 Slot Chassis incl: 1x Ethernet/Power Module, 4x Serial Modules, Power Supply & Chassis",Popular Pre-Configured Global Connect Configuration,$884 ,$621 
Global Cache,GC5/NE/3SL/IR,GC5/NE/3SL/IR,"GLOBAL CONNECT Preconfigured 5 Slot Chassis incl: 1x Ethernet/Power Module, 3x Serial Modules, 1x IR Module, Power Supply & Chassis",Popular Pre-Configured Global Connect Configuration,$884 ,$621 
Global Cache,GC5/NE/2RT,GC5/NE/2RT,"GLOBAL CONNECT Preconfigured 5 Slot Chassis incl: 1x Ethernet/Power Module, 2x Relay Module, Power Supply & Chassis",Popular Pre-Configured Global Connect Configuration,$884 ,$621 
Global Cache,GC5/NE/SL/IR/RT,GC5/NE/SL/IR/RT,"GLOBAL CONNECT Preconfigured 5 Slot Chassis incl: 1x Ethernet/Power Module, 1x Serial Module, 1x IR Module, 1x Relay Module, Power Supply & Chassis",Popular Pre-Configured Global Connect Configuration,$884 ,$621 
Global Cache,GC5/NE/HM/2SL,GC5/NE/HM/2SL,"GLOBAL CONNECT Preconfigured 5 Slot Chassis incl: 1x Ethernet/Power Module, 1x HDMI Module, 2x Serial Modules, Power Supply & Chassis",Popular Pre-Configured Global Connect Configuration,$884 ,$621 
Global Cache,GC5/NE/HM/SL/IR,GC5/NE/HM/SL/IR,"GLOBAL CONNECT Preconfigured 5 Slot Chassis incl: 1x Ethernet/Power Module, 1x HDMI Module, 1x Serial Module, 1x IR Module, Power Supply & Chassis",Popular Pre-Configured Global Connect Configuration,$884 ,$621 
Global Cache,GC5/NS/2SL/IR,GC5/NS/2SL/IR,"GLOBAL CONNECT Preconfigured 5 Slot Chassis incl: 1x Ethernet/Power 2-Port Switch Module, 2x Serial Modules, 1x IR Module, Power Supply & Chassis",Popular Pre-Configured Global Connect Configuration,$884 ,$621 
Global Cache,GC5/NS/HM/SL,GC5/NS/HM/SL,"GLOBAL CONNECT Preconfigured 5 Slot Chassis incl: 1x Ethernet/Power 2-Port Switch Module, 1x HDMI Module, 1x Serial Module, Power Supply & Chassis",Popular Pre-Configured Global Connect Configuration,$884 ,$621 
Global Cache,GC3/NE/2SL,GC3/NE/2SL,"GLOBAL CONNECT Preconfigured 3 Slot Chassis incl: 1x Ethernet/Power Module, 2x Serial Module, Power Supply & Chassis",Popular Pre-Configured Global Connect Configuration,$530 ,$373 
Global Cache,GC3/NE/SL/IR,GC3/NE/SL/IR,"GLOBAL CONNECT Preconfigured 3 Slot Chassis incl: 1x Ethernet/Power Module, 1x Serial Module, 1x IR Module, Power Supply & Chassis",Popular Pre-Configured Global Connect Configuration,$530 ,$373 
Global Cache,GC3/NE/RT,GC3/NE/RT,"GLOBAL CONNECT Preconfigured 3 Slot Chassis incl: 1x Ethernet/Power Module, 1x Relay Module, Power Supply & Chassis",Popular Pre-Configured Global Connect Configuration,$530 ,$373 
Global Cache,GC3/NE/HM,GC3/NE/HM,"GLOBAL CONNECT Preconfigured 3 Slot Chassis incl: 1x Ethernet/Power Module, 1x HDMI Module, Power Supply & Chassis",Popular Pre-Configured Global Connect Configuration,$530 ,$373 
Global Cache,GC10/NE/HM/3SL/2IR/RT,GC10/NE/HM/3SL/2IR/RT,"GLOBAL CONNECT Preconfigured 10 Slot Chassis incl: 1x Ethernet/Power Module, 1x HDMI Module, 3x Serial Modules, 2x IR Modules, 1x Relay Module, Power Supply & Chassis",Popular Pre-Configured Global Connect Configuration,"$1,768 ","$1,242 "
Global Cache,GC10/NS/2SL/2IR/2RT,GC10/NS/2SL/2IR/2RT,"GLOBAL CONNECT Preconfigured 10 Slot Chassis incl: 1x Ethernet/Power 2-Port Switch Module, 2x Serial Modules, 2x IR Modules, 2x Relay Modules, Power Supply & Chassis",Popular Pre-Configured Global Connect Configuration,"$1,768 ","$1,242 "
Global Cache,GC10/NS/HM/2SL/2IR/RT,GC10/NS/HM/2SL/2IR/RT,"GLOBAL CONNECT Preconfigured 10 Slot Chassis incl: 1x Ethernet/Power 2-Port Switch Module, 1x HDMI Module, 2x Serial Modules, 2x IR Modules, 1x Relay Module, Power Supply & Chassis",Popular Pre-Configured Global Connect Configuration,"$1,768 ","$1,242 "
Global Cache,GC-RG1,GC-RG1,General IR Receiver: General IR Receiver Cable for GC-100 Systems,,$168 ,$118 
Global Cache,GC-FL-PS,GC-FL-PS,Flex Power Supply: Specify AU,,$34 ,$24 
Global Cache,GC-FLC-T3 ,GC-FLC-T3 ,Flex Link Tri-port Cable: Configurable Triple Infra Red emitter port / Double Infra Red emitter & Single blaster cable for iTach Flex Module,,$11 ,$8 
Global Cache,GC-FLC-SL-485,GC-FLC-SL-485,Flex Link Serial Cable [RS485]: Single RS232 port cable for iTach Flex Module,,$91 ,$64 
Global Cache,GC-FLC-SL-232,GC-FLC-SL-232,Flex Link Serial Cable [RS232]: Single RS232 port cable for iTach Flex Module [old code FLC-SL],,$68 ,$48 
Global Cache,GC-FLC-SL-MJ,GC-FLC-SL-MJ,Flex Link Serial Cable [mini jack]: Single RS232 port cable for iTach Flex Module,,$68 ,$48 
Global Cache,GC-FLC-RS,GC-FLC-RS,Flex Link Relay & Sensor Cable: Quad Relay output & Quad Sensor input cable for iTach Flex Module,,$182 ,$128 
Global Cache,GC-FLC-BL,GC-FLC-BL,Flex Link Blaster Cable: Single Infra Red blaster port cable for iTach Flex Module,,$34 ,$24 
Global Cache,GC-FLC-3E,GC-FLC-3E,Flex Link 3-Emitter Cable: Triple Infra Red emitter port cable for iTach Flex Module,,$23 ,$16 
Global Cache,GC-FLC-2E1B,GC-FLC-2E1B,Flex Link 2E1B Cable: Double Infra Red emitter & Single blaster port cable for iTach Flex Module,,$43 ,$30 
Global Cache,GC-SC1,GC-SC1,Contact Closure Sensor: Power Current sensor for dry contact sensing applications,,$94 ,$66 
Global Cache,GC-SP1 ,GC-SP1 ,"AC/DC Voltage Sensor: Power Current sensor, up to 24VDC sensing applications",,$105 ,$74 
Marshall Electronics,0032-1301-A1,0032-1301-A1,VM mount for V-LCD70-AFHD,MONITOR ACCESSORIES,$304 ,$203 
Marshall Electronics,0071-UNI-PM,0071-UNI-PM,Uni Battery Mount for Panasonic CGA-D54,MONITOR ACCESSORIES,$116 ,$78 
Marshall Electronics,0071-UNI-PV,0071-UNI-PV,Uni battery mount for Panasonic VW-VBG6,MONITOR ACCESSORIES,$116 ,$78 
Marshall Electronics,0071-UNI-SL,0071-UNI-SL,Uni Battery Mount for Sony NP970 SL,MONITOR ACCESSORIES,$116 ,$78 
Marshall Electronics,0071-UNI-SM,0071-UNI-SM,Uni Battery Mount for Sony NP-QM91,MONITOR ACCESSORIES,$116 ,$78 
Marshall Electronics,1003-1400-B-KIT,1003-1400-B-KIT,"Set of 2 1003-1400-B and screws / washers for 17""",MONITOR ACCESSORIES,$44 ,$29 
Marshall Electronics,7-BP970G-CM,7-BP970G-CM,Canon BP-970G Battery Assembly,MONITOR ACCESSORIES,$125 ,$84 
Marshall Electronics,7-NP-QM91-SM,7-NP-QM91-SM,Sony NP-QM91 Battery Assembly,MONITOR ACCESSORIES,$125 ,$84 
Marshall Electronics,AP-AES-TD-DB25-XLR-05,AP-AES-TD-DB25-XLR-05,"AES DB25 to XLR interface, Digi format, 5 ft ",BROADCAST AUDIO ACCESSORIES,$704 ,$469 
Marshall Electronics,AP-DB25-XLRF-05,AP-DB25-XLRF-05,"DB25 to XLRF 8 channel for audio modules, 5 ft",BROADCAST AUDIO ACCESSORIES,$680 ,$453 
Marshall Electronics,AP-DB25-XLRM-05,AP-DB25-XLRM-05,"DB25 to XLRM 8 Channel for audio modules, 5 ft",BROADCAST AUDIO ACCESSORIES,$645 ,$430 
Marshall Electronics,AR-AM4-BG-2,AR-AM4-BG-2,4x1 Stereo Analog Audio Monitoring system,ANALOG MONITORS,"$2,237 ","$1,491 "
Marshall Electronics,ARDM-3GSDI,ARDM-3GSDI,1 3G SDI/HDSDI input w/loop through audio module,BROADCAST AUDIO ACCESSORIES,"$1,655 ","$1,104 "
Marshall Electronics,AR-DM51-B,AR-DM51-B,1RU Digital Audio Rack-Mount monitor w/LCD,DIGITAL MONITORS,"$3,828 ","$2,552 "
Marshall Electronics,ARDM61-BT-DB,ARDM61-BT-DB,Multi-Channel Digital Audio Monitor with Dolby Module ,DIGITAL MONITORS,"$17,842 ","$11,895 "
Marshall Electronics,ARDM-AES-4OUT,ARDM-AES-4OUT,4 Unbalanced AES/EBU Outputs,BROADCAST AUDIO ACCESSORIES,"$1,655 ","$1,104 "
Marshall Electronics,ARDM-AES-BNC,ARDM-AES-BNC,4unbalnc(BNC)AES/EBUinputs w/loopthru audio module,BROADCAST AUDIO ACCESSORIES,"$1,655 ","$1,104 "
Marshall Electronics,ARDM-AES-XLR,ARDM-AES-XLR,4 balnc(XLR)AES/EBU inputs w/loopthru audio module,BROADCAST AUDIO ACCESSORIES,"$1,655 ","$1,104 "
Marshall Electronics,ARDM-D1100,ARDM-D1100,Dolby Card,BROADCAST AUDIO ACCESSORIES,"$8,004 ","$5,336 "
Marshall Electronics,ARDM-D64,ARDM-D64,Dante  64x64 card,BROADCAST AUDIO ACCESSORIES,"$4,470 ","$2,980 "
Marshall Electronics,C1670-8MP,C1670-8MP,8MP 16~70mm F1.4 Varifocal C mount lens ,PRO SERIES LENSES,$850 ,$567 
Marshall Electronics,CS1150-8MP,CS1150-8MP,8MP 11~50mm F1.4 Varifocal CS mount lens,PRO SERIES LENSES,$872 ,$582 
Marshall Electronics,CS-2.8-10MP,CS-2.8-10MP,10MP 2.8mm F1.6 Fixed (wide angle) CS mount Manual Iris,PRO SERIES LENSES,$447 ,$298 
Marshall Electronics,CS-3.2-12MP,CS-3.2-12MP,3.2mm CS 12MP 4K Lens,PRO SERIES LENSES,$313 ,$209 
Marshall Electronics,CS-3610-8MP,CS-3610-8MP,3.6~10mm 8MP Varifocal CS Lens,PRO SERIES LENSES,$591 ,$394 
Marshall Electronics,CS-3816-8MP-V2,CS-3816-8MP-V2,8MP CS Varifocal 3.8 ~16mm (version 2),PRO SERIES LENSES,"$1,527 ","$1,018 "
Marshall Electronics,CS-5.0-12MP,CS-5.0-12MP,5.0mm CS 12MP 4K Lens,PRO SERIES LENSES,$282 ,$188 
Marshall Electronics,CV-0622-5MP,CV-0622-5MP,6~22mm F1.6 M12 5MP Varifocal,PRO SERIES LENSES,$142 ,$94 
Marshall Electronics,CV226-NDF,CV226-NDF,CV226 ND Filter Caps (3-pack),CAMERA ACCESSORIES,$336 ,$224 
Marshall Electronics,CV228,CV228,Lipstick 3GSDI Camera,FIXED CAMERAS,"$1,316 ",$878 
Marshall Electronics,CV-2812-3MP,CV-2812-3MP,2.8~12mm F1.4 M12 3MP Varifocal,PRO SERIES LENSES,$75 ,$50 
Marshall Electronics,CV320,CV320,1080p60 (FHD) IP POV camera with CS/C mount lens (CS/C mount lens is sold separately),FIXED CAMERAS,"$2,367 ","$1,578 "
Marshall Electronics,CV348,CV348,Compact 3GSDI Camera ,FIXED CAMERAS,"$1,570 ","$1,047 "
Marshall Electronics,CV355-10X,CV355-10X,10X Zoom Camera 3GSDI/HDMI (HD60),ZOOM BLOCK CAMERAS,"$2,781 ","$1,854 "
Marshall Electronics,CV355-27X-IP,CV355-27X-IP,UHD 27X with IP and 3G-SDI Box Camera,ZOOM BLOCK CAMERAS,"$5,192 ","$3,461 "
Marshall Electronics,CV355-27X-ND3,CV355-27X-ND3,"UHD, 27x, HDMI, ND3, Box Camera",ZOOM BLOCK CAMERAS,"$6,230 ","$4,153 "
Marshall Electronics,CV355-30X-NDI,CV355-30X-NDI,"25x Zoom Camera 3GSDI, HDMI & NDI (HD60)",ZOOM BLOCK CAMERAS,"$4,385 ","$2,923 "
Marshall Electronics,CV356-10X,CV356-10X,10X Zoom 3GSDI/HDMI (HD60) camera. Compatible for use with lens adapters and close up lens.,ZOOM BLOCK CAMERAS,"$2,904 ","$1,936 "
Marshall Electronics,CV366,CV366,Compact Genlock Camera (CS mount ready),FIXED CAMERAS,"$1,790 ","$1,193 "
Marshall Electronics,CV380-CS,CV380-CS,Compact 6GSDI-HDI Camera,FIXED CAMERAS,"$4,183 ","$2,789 "
Marshall Electronics,CV420/380-CABLE,CV420/380-CABLE,Replacement Breakout Cable for CV380/CV420 cameras,CAMERA ACCESSORIES,$134 ,$89 
Marshall Electronics,CV420-27X,CV420-27X,27X UHD60 Box Camera,ZOOM BLOCK CAMERAS,"$9,391 ","$6,261 "
Marshall Electronics,CV420e,CV420e,Compact IP/HDI/USB Stream Camera,FIXED CAMERAS,"$3,859 ","$2,573 "
Marshall Electronics,CV-4702.3-3MP,CV-4702.3-3MP,2.3mm 3.5MP M12 lens,PRO SERIES LENSES,$109 ,$72 
Marshall Electronics,CV-4702.8-3MP-IR,CV-4702.8-3MP-IR,2.8mm M12 3MP IR Lens,PRO SERIES LENSES,$109 ,$72 
Marshall Electronics,CV-4706-3MP-IR,CV-4706-3MP-IR,6.0mm M12 3MP IR Lens,PRO SERIES LENSES,$109 ,$72 
Marshall Electronics,CV-4708.0-3MP,CV-4708.0-3MP,"8.0mm, F1.8, 3MP M12 Lens",PRO SERIES LENSES,$109 ,$72 
Marshall Electronics,CV-4712.0-3MP,CV-4712.0-3MP,"12.0mm, F1.8, 3MP M12 Lens",PRO SERIES LENSES,$109 ,$72 
Marshall Electronics,CV-4716.0-2MP,CV-4716.0-2MP,"16.0mm, F1.8, 2MP M12 Lens",PRO SERIES LENSES,$109 ,$72 
Marshall Electronics,CV-4804.4-12MP,CV-4804.4-12MP,12MP 4.4mm F2.7 M12 Lens,PRO SERIES LENSES,$188 ,$125 
Marshall Electronics,CV4804-8MP,CV4804-8MP,4.0mm F1.8 8MP M12 Lens,PRO SERIES LENSES,$125 ,$84 
Marshall Electronics,CV4808-8MP,CV4808-8MP,8.0mm F1.8 8MP M12 Lens,PRO SERIES LENSES,$125 ,$84 
Marshall Electronics,CV4812-8MP,CV4812-8MP,12mm F1.8 8MP M12 Lens,PRO SERIES LENSES,$125 ,$84 
Marshall Electronics,CV502WP-CAPS,CV502WP-CAPS,CV502-WPMB/M capes with front glass + cap + tube,CAMERA ACCESSORIES,$45 ,$30 
Marshall Electronics,CV502WP-CBLESET,CV502WP-CBLESET,CV502-WP Replace Cable Set,CAMERA ACCESSORIES,$201 ,$134 
Marshall Electronics,CV503WP-CAPS,CV503WP-CAPS,"Original CAP Replacement for CV503-WP Cameras, compatible replacement for CV504-WP",CAMERA ACCESSORIES,$58 ,$39 
Marshall Electronics,CV503WP-CBLE,CV503WP-CBLE,CV503WP Replacement Cable,CAMERA ACCESSORIES,$235 ,$157 
Marshall Electronics,CV503WP-NDF,CV503WP-NDF,CV503-WP ND Filter Caps (3-pack),CAMERA ACCESSORIES,$358 ,$239 
Marshall Electronics,CV504,CV504,Miniature 3GSDI Camera  ,FIXED CAMERAS,"$1,675 ","$1,116 "
Marshall Electronics,CV504-WP,CV504-WP,All-Weather 3GSDI Camera,FIXED CAMERAS,"$1,795 ","$1,197 "
Marshall Electronics,CV508,CV508,Micro HDMI/3GSDI Camera,FIXED CAMERAS,"$1,738 ","$1,159 "
Marshall Electronics,CV520,CV520,1080p60 (FHD) IP POV camera with camera with M12 lens,FIXED CAMERAS,"$2,367 ","$1,578 "
Marshall Electronics,CV566,CV566,Micro Genlock Camera with 3.6mm,FIXED CAMERAS,"$2,013 ","$1,342 "
Marshall Electronics,CV568,CV568,Miniature Global Camera (4.4mm) with Genlock,FIXED CAMERAS,"$2,483 ","$1,655 "
Marshall Electronics,CV570,CV570,"Miniature HD Camera with NDI|HX3, SRT & HDMI",FIXED CAMERAS,"$2,416 ","$1,611 "
Marshall Electronics,CV574,CV574,"Miniature 4K (UHD60) Camera with NDI|HX3, SRT & HDMI",FIXED CAMERAS,"$3,318 ","$2,212 "
Marshall Electronics,CV574-WP,CV574-WP,Weather proof 4K60 (UHD) NDI HX3 POV camera with M12 lens,FIXED CAMERAS,"$3,933 ","$2,622 "
Marshall Electronics,CV605-CM,CV605-CM,Ceiling Mount for CV605 Cameras (Black),CAMERA ACCESSORIES,$208 ,$139 
Marshall Electronics,CV605-U3,CV605-U3,5x PTZ Camera USB/IP/HDI (Black),PTZ CAMERAS,"$2,537 ","$1,691 "
Marshall Electronics,CV605-WM,CV605-WM,Wall Mount for CV605 & CV612TBI Cameras (Black),CAMERA ACCESSORIES,$208 ,$139 
Marshall Electronics,CV605-WMW,CV605-WMW,Wall Mount for CV605 & CV612TWI Cameras (White),CAMERA ACCESSORIES,$208 ,$139 
Marshall Electronics,CV610-U2-CM,CV610-U2-CM,Ceiling Mount for CV610-U2,CAMERA ACCESSORIES - Special price! Limited stock available! ,$114 ,$76 
Marshall Electronics,CV610-U2-REMOTEBLK,CV610-U2-REMOTEBLK,Replacement Remote for CV610-U2/UB cams - BLACK,CAMERA ACCESSORIES,$81 ,$54 
Marshall Electronics,CV610-U2-WM,CV610-U2-WM,Wall Mount for CV610-UB/U2,CAMERA ACCESSORIES,$134 ,$89 
Marshall Electronics,CV610-U3-CABLE,CV610-U3-CABLE,Orig. Replace I/O Cable for CV610-U3 Cam,CAMERA ACCESSORIES,$157 ,$104 
Marshall Electronics,CV610-U3-CM,CV610-U3-CM,Ceiling mount for CV610-U3,CAMERA ACCESSORIES,$98 ,$66 
Marshall Electronics,CV610-U3-V2-REMOTE,CV610-U3-V2-REMOTE,Remote controller for CV610-U3-V2,CAMERA ACCESSORIES,$134 ,$89 
Marshall Electronics,CV610-U3-WM,CV610-U3-WM,Wall mount for CV610-U3,CAMERA ACCESSORIES,$127 ,$85 
Marshall Electronics,CV610-U3-WMW,CV610-U3-WMW,White Wall Mount for CV610-U3W-V2 cameras,CAMERA ACCESSORIES,$134 ,$89 
Marshall Electronics,CV610-U3W-V2,CV610-U3W-V2,"Compact USB3.0/2.0 10x Optical Zoom AF (3.8~38mm, F1.8~F3.4) UCC Camera with USB 3.0/2.0, HDMI outputs _ Built-in Mic & audio Input _ AOV: 64¡ã(wide)~8¡ã(tele) ",PTZ CAMERAS - Special price! Limited stock available! ,"$2,433 ",$937 
Marshall Electronics,CV610-UB,CV610-UB,"Compact USB 2.0 PTZ 10x Optical Zoom AF 5MP UCC, AOV: 62¡ã (wide) _ Visca & UVC PTZ control, 128 presets - comes with Wall Mount in box",PTZ CAMERAS - Special price! Limited stock available! ,"$1,146 ",$454 
Marshall Electronics,CV612-TBI,CV612-TBI,Compact 12x Auto-Track PTZ (Black),PTZ CAMERAS,"$3,087 ","$2,058 "
Marshall Electronics,CV612-TWI,CV612-TWI,Compact 12x Auto-Track PTZ (White),PTZ CAMERAS,"$3,087 ","$2,058 "
Marshall Electronics,CV620-BI2,CV620-BI2,"HD PTZ 20x Camera with 3GSDI, HDMI, USB 3.0 and IP (Black)",PTZ CAMERAS,"$6,398 ","$4,265 "
Marshall Electronics,CV620-CABLE-06,CV620-CABLE-06,RS232 (VGA/8-pin) to CAT (RJ45) Cable Adapters (controller side) for VS-PTC-200 controllers,CAMERA ACCESSORIES,$191 ,$128 
Marshall Electronics,CV620-CABLE-07,CV620-CABLE-07,RS232 (8-pin) to CAT (RJ45) Cable Adapters (camera side),CAMERA ACCESSORIES,$191 ,$128 
Marshall Electronics,CV620-PWR-CBLE,CV620-PWR-CBLE,Pwr Crd/Adptr CV620 cams,CAMERA ACCESSORIES,$224 ,$149 
Marshall Electronics,CV620-REMOTE,CV620-REMOTE,"Remote for the CV620, CV730,and CV612HT-4K",CAMERA ACCESSORIES,$157 ,$104 
Marshall Electronics,CV620-WI2,CV620-WI2,"HD PTZ 20x Camera with 3GSDI, HDMI, USB 3.0 and IP (White)",PTZ CAMERAS,"$6,398 ","$4,265 "
Marshall Electronics,CV625-TB,CV625-TB,25x PTZ Track & Follow Camera (Black),PTZ CAMERAS,"$10,330 ","$6,887 "
Marshall Electronics,CV625-TBN,CV625-TBN,25X AI Tracking and Follow NDI PTZ Camera (Black),PTZ CAMERAS,"$11,632 ","$7,755 "
Marshall Electronics,CV625-TW,CV625-TW,25x PTZ Track & Follow Camera (White),PTZ CAMERAS,"$10,330 ","$6,887 "
Marshall Electronics,CV625-TWN,CV625-TWN,25X AI Tracking and Follow NDI PTZ Camera (White),PTZ CAMERAS,"$11,632 ","$7,755 "
Marshall Electronics,CV6XX-DH,CV6XX-DH,"Outdoor Dome Housing for CV620, CV612HT4K, & CV630 cameras (Heater/Fan) - **Power Box Mount pn: CV-H20-PWR sold separately.**",CAMERA ACCESSORIES,"$1,566 ","$1,044 "
Marshall Electronics,CV6XX-DH-ARM,CV6XX-DH-ARM,Standard Arm attachment for CV6XX-DH,CAMERA ACCESSORIES,$224 ,$149 
Marshall Electronics,CV-BATT-PAC,CV-BATT-PAC,Portable Camera Power Kit with 12V connector ,CAMERA ACCESSORIES,$201 ,$134 
Marshall Electronics,CV-BSE-10FT,CV-BSE-10FT,10' Breakout Cable for CV503/504/506/508/344/346/348 cameras,CAMERA ACCESSORIES,$101 ,$67 
Marshall Electronics,CV-BSE-CBLE,CV-BSE-CBLE,"Orig. 2¡¯ Replace Cable for CV503~508, 570/574, 344~348, CV355-10X & 370/374",CAMERA ACCESSORIES,$98 ,$66 
Marshall Electronics,CV-GNLK-CBLE,CV-GNLK-CBLE,"Orig Breakout Cable for Genlock Cameras (CV565, CV566, CV568, CV365, CV366, CV368)",CAMERA ACCESSORIES,$134 ,$89 
Marshall Electronics,CV-H20-HF,CV-H20-HF,Outdoor IP68 Universal Weatherproof Housing (Heater/Fan) - **Power Box Mount pn: CV-H20-PWR sold separately.** Added: cable seal & caps x2,CAMERA ACCESSORIES,$662 ,$441 
Marshall Electronics,CV-H20-HFL,CV-H20-HFL,"Large Weatherproof Camera Housing for CV420-18X, CV355-30X, CV420-30X cameras.",CAMERA ACCESSORIES,$895 ,$597 
Marshall Electronics,CV-H20-PWR,CV-H20-PWR,Power Box & Mount Enclosure for CV-6XX-DH & CV-H20-HF Housing.,CAMERA ACCESSORIES,$658 ,$438 
Marshall Electronics,CV-HIROS-PWR,CV-HIROS-PWR,Hirose Power Cable for CV505/565/345/365,CAMERA ACCESSORIES,$89 ,$60 
Marshall Electronics,CV-LENS-PACK,CV-LENS-PACK,"M12 Lens Pack with Case; 2.3mm, 2.8mm, 6.0mm, 8.0mm, 12.0mm, 16mm",PRO SERIES LENSES,$564 ,$376 
Marshall Electronics,CVM-11,CVM-11,"Articulating 11"" Arm with 1/4""-20",CAMERA ACCESSORIES,$132 ,$88 
Marshall Electronics,CVM-12,CVM-12,"Mini Clamp w female 1/4""-20",CAMERA ACCESSORIES,$94 ,$63 
Marshall Electronics,CV-M12-RING-SET,CV-M12-RING-SET,M12 Spring Washer & Tension Ring,CAMERA ACCESSORIES,$9 ,$6 
Marshall Electronics,CVM-13,CVM-13,Gooseneck 10-inch Flexible Arm,CAMERA ACCESSORIES,$56 ,$38 
Marshall Electronics,CVM-14,CVM-14,Table-top Tripod Stand,CAMERA ACCESSORIES,$66 ,$44 
Marshall Electronics,CVM-16,CVM-16,Desktop Tripod Stand,CAMERA ACCESSORIES,$225 ,$150 
Marshall Electronics,CVM-18,CVM-18,"Pole Clamp (3"") Camera Mount (1/4"" 20)  [3"" Pole Clamp to 1/4""-20] ",CAMERA ACCESSORIES,$141 ,$94 
Marshall Electronics,CVM-19,CVM-19,Wall Mount Plate,CAMERA ACCESSORIES,$47 ,$31 
Marshall Electronics,CVM-2,CVM-2,"Cold Shoe to 1/4""-20 Male",CAMERA ACCESSORIES,$51 ,$34 
Marshall Electronics,CVM-20,CVM-20,Clamp Ball Mount,CAMERA ACCESSORIES,$141 ,$94 
Marshall Electronics,CVM-22,CVM-22,"Pole/Tree 1/4""-20 Mount with Strap ",CAMERA ACCESSORIES,$275 ,$183 
Marshall Electronics,CVM-25,CVM-25,58¡± floor Tri-pod for cameras.,CAMERA ACCESSORIES,$187 ,$125 
Marshall Electronics,CVM-26,CVM-26,Compact and Miniature housing and Sun hood. Compatible with Compact and Miniature cameras ,CAMERA ACCESSORIES,$447 ,$298 
Marshall Electronics,CVM-5,CVM-5,"Universal 1/4""-20 Cam Clip",CAMERA ACCESSORIES,$188 ,$125 
Marshall Electronics,CVM-6,CVM-6,"Adhesive Camera Mount KIT: Lipstick camera holder + 1/4""-20 ball mount + two (2) adjustable knuckle arms + two (2) adhesive base mount",CAMERA ACCESSORIES,$117 ,$78 
Marshall Electronics,CVM-7,CVM-7,Articulating Arm 7¡±,CAMERA ACCESSORIES,$117 ,$78 
Marshall Electronics,CVM-9,CVM-9,"Marshall 1/4""-20 Suction Mount",CAMERA ACCESSORIES,$94 ,$63 
Marshall Electronics,CV-MICRO-J2,CV-MICRO-J2,Micro Joystick PLUS (V2) for PT Head,CAMERA ACCESSORIES,"$2,013 ","$1,342 "
Marshall Electronics,CV-NDI-CBLE,CV-NDI-CBLE,"Replacement cable for CV370,374,570,574",CAMERA ACCESSORIES,$112 ,$75 
Marshall Electronics,CV-PTZ-BOX,CV-PTZ-BOX,IN-WALL PTZ Camera Box Enclosure,CAMERA ACCESSORIES,$671 ,$447 
Marshall Electronics,CV-PTZ-DCM,CV-PTZ-DCM,DROP-CEILING PTZ Camera Support Bracket,CAMERA ACCESSORIES,$246 ,$164 
Marshall Electronics,CV-PTZ-WM,CV-PTZ-WM,Wall Mount (Black) for CV612HT-4K/CV620/CV630/CV730 cameras,CAMERA ACCESSORIES,"$1,040 ",$693 
Marshall Electronics,CV-PTZ-WMW,CV-PTZ-WMW,"Wall Mount (White) for  CV612HT-4K/CV620/CV630/CV730 cameras, Metal",CAMERA ACCESSORIES,"$1,040 ",$693 
Marshall Electronics,CV-RCP-V2-RMK,CV-RCP-V2-RMK,RCP-V2 Rack Mount Kit,CAMERA ACCESSORIES,$268 ,$179 
Marshall Electronics,CV-USB-RS485,CV-USB-RS485,USB to RS485 Adapter,CAMERA ACCESSORIES,$145 ,$96 
Marshall Electronics,GL-ARC,GL-ARC,Anaglyph Red/Cyan Glasses for Orchid Monitors,MONITOR ACCESSORIES,$54 ,$36 
Marshall Electronics,M-AC-E6,M-AC-E6,E6 Accessories Kit,MONITOR ACCESSORIES,$206 ,$137 
Marshall Electronics,M-AC-NEL15,M-AC-NEL15,NEL 15 Accessories Kit,MONITOR ACCESSORIES,$206 ,$137 
Marshall Electronics,Marshall StreamDesk,Marshall StreamDesk,"StreamDesk _ Camera, microphone, stand and USB converter needed to stream USB to your favorite websites.",FIXED CAMERAS,"$3,132 ","$2,088 "
Marshall Electronics,MD-3GE,MD-3GE,3GSDI Input module with Enhanced features,MONITOR ACCESSORIES,"$1,284 ",$856 
Marshall Electronics,MD-3GSDI-B,MD-3GSDI-B,"Single 3GSDI Input Module for V-MD434, MD503",MONITOR ACCESSORIES,"$1,284 ",$856 
Marshall Electronics,MD-DVII-B,MD-DVII-B,"DVI-I Input Module for 434, 503 MD series LCD rack",MONITOR ACCESSORIES,$667 ,$444 
Marshall Electronics,MDO-3G,MDO-3G,Dual Output 3GSDI module,MONITOR ACCESSORIES,"$1,284 ",$856 
Marshall Electronics,MD-TC-A,MD-TC-A,Telecube I/O Base Module for Large MD Monitors,MONITOR ACCESSORIES,"$1,145 ",$764 
Marshall Electronics,MD-TC-B,MD-TC-B,Telecube I/O Base Module for Small MD Monitors,MONITOR ACCESSORIES,"$1,145 ",$764 
Marshall Electronics,ML-454-V3,ML-454-V3,Quad 4.5¡± 2RU Rack Mount monitor,RACKMOUNT MONITORS,"$6,570 ","$4,380 "
Marshall Electronics,ML-503,ML-503,"Triple 5"" 1920X1080 LCD 2RU Rack Mount Monitor",RACKMOUNT MONITORS,"$5,470 ","$3,647 "
Marshall Electronics,ML-702-V2,ML-702-V2,Dual 7 in. 1920 x 1200 LCD 3RU Rack Mount Monitor,RACKMOUNT MONITORS,"$3,349 ","$2,233 "
Marshall Electronics,M-RM15,M-RM15,"Rack Mount Bracket for 15"" Lynx Monitor (EOP - Limited quantities available)",MONITOR ACCESSORIES,$161 ,$107 
Marshall Electronics,M-RM19,M-RM19,"Rack Mount Bracket for 19"" Lynx Monitor",MONITOR ACCESSORIES,$161 ,$107 
Marshall Electronics,M-SM03,M-SM03,Monitor-shoe mount,MONITOR ACCESSORIES,$56 ,$38 
Marshall Electronics,M-SUN6,M-SUN6,"Sun Hood for M-CT6 6.2"" monitor",MONITOR ACCESSORIES,$72 ,$48 
Marshall Electronics,M-SUN7-02,M-SUN7-02,"Sun hood for 7""  Monitor M-CT7",MONITOR ACCESSORIES,$72 ,$48 
Marshall Electronics,MXL AC-360-Z V2WHITE,MXL AC-360-Z V2WHITE,White 360 degree USB Conferencing Mic Kit *For Zoom Rooms Only* - White,UCC MICROPHONES - Special price for last two units!,"$1,008 ",$245 
Marshall Electronics,MXL AC-370-U,MXL AC-370-U,Universal Compact 360 degree USB Conferencing Microphone - Black,UCC MICROPHONES,"$1,564 ","$1,042 "
Marshall Electronics,MXL AC-404,MXL AC-404,USB Boundary Conferencing Microphone - Black,UCC MICROPHONES,$165 ,$118 
Marshall Electronics,MXL AC-404 LED,MXL AC-404 LED,USB Boundary Conferencing Microphone with color changing LED base - Black,UCC MICROPHONES,$165 ,$118 
Marshall Electronics,MXL AC-404 WHITE,MXL AC-404 WHITE,USB Boundary Conferencing Microphone - White,UCC MICROPHONES,$165 ,$118 
Marshall Electronics,MXL AC-44,MXL AC-44,USB-C Miniature Mobile Microphone - Black,UCC MICROPHONES,$184 ,$131 
Marshall Electronics,MXL AC-44 TAP,MXL AC-44 TAP,USB-C Miniature Microphone with Mute Button - Black,UCC MICROPHONES,$283 ,$202 
Marshall Electronics,MXL AC-44 WHITE,MXL AC-44 WHITE,USB-C Miniature Mobile Microphone - White,UCC MICROPHONES,$184 ,$131 
Marshall Electronics,MXL AC-83,MXL AC-83,Bluetooth LE 5.0 Enabled Rechargeable Wireless Boundary Microphone,UCC MICROPHONES,"$1,319 ",$879 
Marshall Electronics,MXL-AC-400,MXL-AC-400,USB Gooseneck microphone for internet conferencing,UCC MICROPHONES,$113 ,$75 
Marshall Electronics,OR-181RMK,OR-181RMK,"Rack Mount kit for the OR-181, OR-185",MONITOR ACCESSORIES,$367 ,$245 
Marshall Electronics,OR-8HA,OR-8HA,Optional Side Handle for OR-841 and OR-841-HDSDI (EOL - Limited quantities available),MONITOR ACCESSORIES,$161 ,$107 
Marshall Electronics,OR-8HO,OR-8HO,Hood for OR-841 and OR-841-HDSDI (EOL - Limited quantities available),MONITOR ACCESSORIES,$640 ,$427 
Marshall Electronics,OR-DVI,OR-DVI,DVI Video Input Module for Orchid Monitors (EOL - Limited quantities available),MONITOR ACCESSORIES,$734 ,$489 
Marshall Electronics,OR-YPR,OR-YPR,Comp.Video Input Module for Orchid Monitors (EOL - Limited quantities available),MONITOR ACCESSORIES,$917 ,$611 
Marshall Electronics,RCP-PLUS,RCP-PLUS,"RCP-PLUS ver 3, RS485, VISCA over IP, Compatible with CV300/500 series cameras.",CONTROLLERS,"$3,136 ","$2,090 "
Marshall Electronics,RS7-HR,RS7-HR,RS232/RS422 Home Run Distribution Box for up to 7 Cameras,CAMERA ACCESSORIES,$705 ,$470 
Marshall Electronics,V-1294-2MP,V-1294-2MP,"Camera Board with IR filter, lens mount, and breakout cable (SDI/RS485/power)",FIXED CAMERAS,$889 ,$593 
Marshall Electronics,V-702W,V-702W,"Dual 7"" 3RU Rack Monitor with Waveform",RACKMOUNT MONITORS,"$3,338 ","$2,225 "
Marshall Electronics,V-702W-12G-V2,V-702W-12G-V2,"Dual 7"" 3RU Rack Mount 12G Monitor with Waveform - new panel",RACKMOUNT MONITORS,"$7,617 ","$5,078 "
Marshall Electronics,VAC-12HUC,VAC-12HUC,HDMI to USB-C Converter (USB3.0/2.0),MEDIA CONVERTERS,"$1,230 ",$820 
Marshall Electronics,VAC-12SH,VAC-12SH,3G/HD/SD SDI to HDMI Converter with loop out,CONVERTERS,$879 ,$586 
Marshall Electronics,VAC-23SHUC,VAC-23SHUC,3G/HD-SDI & HDMI to USB-C Converter (USB3.0/2.0),MEDIA CONVERTERS,"$1,253 ",$835 
Marshall Electronics,V-BAT-AB,V-BAT-AB,VEAS Mnt plate with dual outputs for Anton Bau Bat,MONITOR ACCESSORIES,"$1,293 ",$862 
Marshall Electronics,V-BAT-VM,V-BAT-VM,VEAS Mnt plate with dual outputs for V-Mnt Battery,MONITOR ACCESSORIES,"$1,025 ",$683 
Marshall Electronics,V-BR5-BP511,V-BR5-BP511,"Bracket, Battery Mount for 5_ LCD - Canon BP511 (EOL - Limited quantities available)",MONITOR ACCESSORIES,$94 ,$63 
Marshall Electronics,V-BR5-CM,V-BR5-CM,Bracket w Canon Battery Mount for 5_ LCD-Canon,MONITOR ACCESSORIES,$94 ,$63 
Marshall Electronics,V-BR5-JM,V-BR5-JM,Bracket w JVC Battery Mount for 5_ LCD-Canon,MONITOR ACCESSORIES,$94 ,$63 
Marshall Electronics,V-BR5K-BP511,V-BR5K-BP511,"battery charger/bracket kit for 5"" LCD Canon BP511",MONITOR ACCESSORIES,$161 ,$107 
Marshall Electronics,V-BR5K-LPE6,V-BR5K-LPE6,"battery charger/bracket kit for 5"" LCD Canon LPE6",MONITOR ACCESSORIES,$161 ,$107 
Marshall Electronics,V-BR5-LPE6,V-BR5-LPE6,"Bracket, Battery Mount for 5_ LCD - Canon LPE6",MONITOR ACCESSORIES,$94 ,$63 
Marshall Electronics,V-BR5-PM,V-BR5-PM,Bracket w Panasonic Battery Mount for 5_ LCD-Canon,MONITOR ACCESSORIES,$94 ,$63 
Marshall Electronics,V-BR5-PV,V-BR5-PV,Bracket w Panasonic Battery Mount for 5_ LCD-Canon,MONITOR ACCESSORIES,$94 ,$63 
Marshall Electronics,V-BR5-SL,V-BR5-SL,Bracket w Sony L Battery Mount for 5_ LCD-Canon,MONITOR ACCESSORIES,$94 ,$63 
Marshall Electronics,V-BR5-SM,V-BR5-SM,Bracket w Sony M Battery Mount for 5_ LCD-Canon,MONITOR ACCESSORIES,$94 ,$63 
Marshall Electronics,VDA-104-3GS-2,VDA-104-3GS-2,1x4 3G-SDI Distribution Amplifier,PROCESSING & DISTRIBUTION,$644 ,$430 
Marshall Electronics,VDA-108-3GS,VDA-108-3GS,1x8 3G/HD/SD-SDI Re-Clocking Distribution Amplifier,PROCESSING & DISTRIBUTION,$651 ,$434 
Marshall Electronics,V-H50,V-H50,Sun hood for V-LCD50,MONITOR ACCESSORIES,$76 ,$51 
Marshall Electronics,V-H70MD,V-H70MD,Sun Hood for V-LCD70MD,MONITOR ACCESSORIES,$72 ,$48 
Marshall Electronics,V-H90MD,V-H90MD,Sun Hood for the V-LCD90MD,MONITOR ACCESSORIES,$72 ,$48 
Marshall Electronics,V-LCD173HR,V-LCD173HR,17.3in Rackmount Monitor 3G/HD/SD-SDI/HDMI/CVBS in and loop out,RACKMOUNT MONITORS,"$4,568 ","$3,045 "
Marshall Electronics,V-LCD173HR-DT,V-LCD173HR-DT,"Desktop 17.3""Monitor3G/HD/SD-SDI/HDMI/",DESK TOP MONITORS,"$4,042 ","$2,695 "
Marshall Electronics,V-LCD70TMB-02,V-LCD70TMB-02,Set of 3 Tripod Mount Bkt with screw,MONITOR ACCESSORIES,$94 ,$63 
Marshall Electronics,V-LCD-AP-12/24,V-LCD-AP-12/24,"24V To 12 Converter For 4"" Lcd Monitors",CONVERTERS,$219 ,$146 
Marshall Electronics,V-LP-SLDSHOE1/4,V-LP-SLDSHOE1/4,"Slide Shoe Make 1/4""-20 Screw plus Nut.",MONITOR ACCESSORIES,$206 ,$137 
Marshall Electronics,V-MD173,V-MD173,"17.3"" Modular Design Rack Mount Monitor with Composite / Component inputs",RACKMOUNT MONITORS,"$5,552 ","$3,701 "
Marshall Electronics,V-MD173-DT,V-MD173-DT,"17.3"" Modular Design Rack Mount Monitor, with Composite / Component inputs, and Desktop stand",DESK TOP MONITORS,"$6,532 ","$4,355 "
Marshall Electronics,V-MG6145-CA,V-MG6145-CA,"Cine Arm 1/4""/20 Screw to 3/8"" Screw (EOL - Limited quantities available)",MONITOR ACCESSORIES,$644 ,$430 
Marshall Electronics,VMV-402-3GSH,VMV-402-3GSH,4x3G (2xHDI) Multi-Viewer Switch,CONVERTERS,"$4,810 ","$3,206 "
Marshall Electronics,V-PAC-D,V-PAC-D,Power Adapter Cable,MONITOR ACCESSORIES,$161 ,$107 
Marshall Electronics,V-PAC-DC,V-PAC-DC,Anton-Bauer Power tap to Locking R/A Coax 3Ft,MONITOR ACCESSORIES,$161 ,$107 
Marshall Electronics,V-PAC-D-XLR,V-PAC-D-XLR,"Power Adaptor Cable, A/B ""D"" Type to 4 pin XLR",MONITOR ACCESSORIES,$161 ,$107 
Marshall Electronics,V-PAC-D-XLRM,V-PAC-D-XLRM,AB to XLRM cable,MONITOR ACCESSORIES,$161 ,$107 
Marshall Electronics,V-PAC-XC,V-PAC-XC,4-pin XLR to Locking R/A Coax 3Ft,MONITOR ACCESSORIES,$161 ,$107 
Marshall Electronics,V-PAC-XLR,V-PAC-XLR,4 Pin XLR Power Adaptor,MONITOR ACCESSORIES,$161 ,$107 
Marshall Electronics,V-PAC-XLR -1,V-PAC-XLR -1,"Power Adaptor Cable, XLR to XLR",MONITOR ACCESSORIES,$161 ,$107 
Marshall Electronics,V-PS12-1000,V-PS12-1000,12VDC Power Supply 1 Amp 90 Degree Plug,BROADCAST AUDIO ACCESSORIES,$63 ,$42 
Marshall Electronics,V-PS12-500,V-PS12-500,12VDC Power Supply 500mA 90 Degree Plug,BROADCAST AUDIO ACCESSORIES,$45 ,$30 
Marshall Electronics,V-PS12V-2.0A-U-L/C,V-PS12V-2.0A-U-L/C,12V 2.0A Universal power adapter with lock. DC plu,CAMERA ACCESSORIES,$114 ,$76 
Marshall Electronics,V-PS12V-5A-3,V-PS12V-5A-3,"12V, 5A Power Supply W/Conxall Connector",BROADCAST AUDIO ACCESSORIES,$271 ,$180 
Marshall Electronics,V-PS12V-5A-XLR-1,V-PS12V-5A-XLR-1,"12V, 5A Power Supply, w/4pin angle XLR(F)",BROADCAST AUDIO ACCESSORIES,$256 ,$171 
Marshall Electronics,V-PS24V-6.25A-XLR-R/A-1,V-PS24V-6.25A-XLR-R/A-1,"Power Supply 24V, 6.25A with 4 pin right angle XLR connector.",MONITOR ACCESSORIES,$461 ,$307 
Marshall Electronics,VS-B570AB-C,VS-B570AB-C,Black Ceiling mount bracket for VS 577 camera,IP PRODUCT ACCESSORIES,$165 ,$110 
Marshall Electronics,VS-B570AB-W,VS-B570AB-W,Wall Mount for VS57X Series  in Black,IP PRODUCT ACCESSORIES,$595 ,$397 
Marshall Electronics,VS-B570A-C,VS-B570A-C,CM Bracket Idoor/Outdoor for VS-570/571/572,IP PRODUCT ACCESSORIES,$165 ,$110 
Marshall Electronics,VS-B570A-W,VS-B570A-W,WM Bracket Idoor/Outdoor for VS-570A/571A/572A,IP PRODUCT ACCESSORIES,$235 ,$157 
Marshall Electronics,VS-B570-P,VS-B570-P,Pole Mnt bracket Indoor/Outdoor for VS-570/571/572,IP PRODUCT ACCESSORIES,$165 ,$110 
Marshall Electronics,VS-B570-R,VS-B570-R,Corner Mnt Bracket Indoor/Outdoor VS-570/571/572,IP PRODUCT ACCESSORIES,$165 ,$110 
Marshall Electronics,VSC-100,VSC-100,A/B switched HDMI to USB3 Converter w/ dual mic/ line bal/unbal analog audio embedders. Full UCC functionality with user friendly control.,PROCESSING & DISTRIBUTION,"$2,550 ","$1,700 "
Marshall Electronics,VS-M2812-4MP,VS-M2812-4MP,2.8~12mm 4MP Varifocal CS Lens,PRO SERIES LENSES,$394 ,$262 
Marshall Electronics,VS-M550-5,VS-M550-5,5~50mm 3MP Varifocal CS Lens,PRO SERIES LENSES,$425 ,$283 
Marshall Electronics,VS-M660,VS-M660,6~60mm 3MP Varifocal CS Lens,PRO SERIES LENSES,$447 ,$298 
Marshall Electronics,VSP-INTPB-PTH5X0,VSP-INTPB-PTH5X0,Internal Power Board for VS-PTH-500/550,IP PRODUCT ACCESSORIES,"$2,040 ","$1,360 "
Marshall Electronics,VSP-MB-PTH5X10,VSP-MB-PTH5X10,Main Board for VS-PTH-500/550,IP PRODUCT ACCESSORIES,"$1,722 ","$1,148 "
Marshall Electronics,VSP-MCAB-57XA,VSP-MCAB-57XA,Main Cable for VS-571A & VS-577A Cameras,IP PRODUCT ACCESSORIES,$63 ,$42 
Marshall Electronics,VSP-PTH5X0-PBELT,VSP-PTH5X0-PBELT,Pan Belt for VS-PTH-5X0 series,IP PRODUCT ACCESSORIES,$251 ,$167 
Marshall Electronics,VS-PTC-200,VS-PTC-200,Compact RS232/422 PTZ Camera Controller,CONTROLLERS,"$1,709 ","$1,139 "
Marshall Electronics,VS-PTC-300,VS-PTC-300,PTZ NDI Controller RS232/RS422/IP,CONTROLLERS,"$3,606 ","$2,404 "
Marshall Electronics,V-ST15,V-ST15,"STAND FIXED FOR 15"",17"" LCD MONITOR",MONITOR ACCESSORIES,$139 ,$92 
Marshall Electronics,V-ST20,V-ST20,"Stand for 20"" Monitor",MONITOR ACCESSORIES,$183 ,$122 
Marshall Electronics,V-ST23-32,V-ST23-32,"Fixed Stand for 23"",26"",32"" IMD Monitors",MONITOR ACCESSORIES,$192 ,$128 
Marshall Electronics,V-STA84,V-STA84,Adjustable Stand for 8.4DP and Outdoor Series (EOP - Limited quantities available),MONITOR ACCESSORIES,$210 ,$140 
Marshall Electronics,VSW-2000,VSW-2000,4x1 3G/HD/SD SDI Switcher,SWITCHERS,"$1,476 ",$984 
Marshall Electronics,V-Y1524U,V-Y1524U,"Universal yoke mount for 15""-24"" Marshall monitors (EOP - Limited quantities available)",MONITOR ACCESSORIES,"$1,378 ",$919 
Marshall Electronics,Y-ADP-RS232,Y-ADP-RS232,RJ45 RS232 Cable Adapter,CAMERA ACCESSORIES,$143 ,$95 
Murideo,MU-GAX-8K,MU-GAX-8K,48G DSC Tester,3 Year Warranty,"$10,948 ","$9,305 "
Murideo,MU-GEN-SEVEN-G8K,MU-GEN-SEVEN-G8K,"MURIDEO-SEVEN-G-HDMI-GEN SEVEN 8K Generator with Dolby Audio capabilities, including accessories and carry case MURIDEO GENERATOR",3 Year Warranty,"$15,327 ","$13,028 "
Murideo,MU-SIX-A-8K-M,MU-SIX-A-8K-M,"Murideo-SIX-A-8K Test Pattern Analzyer ""ONLY"" - Metal Case",3 Year Warranty,"$5,959 ","$5,065 "
Murideo,MU-SIX-G-8K-M,MU-SIX-G-8K-M,"Murideo-SIX-G-8K Test Pattern Generator ""ONLY"" - Metal Case",3 Year Warranty,"$6,568 ","$5,583 "
Murideo,MU-SIX-PAIR-8K-M,MU-SIX-PAIR-8K-M,SIX-PAIR 8K: SIX-G Generator and SIX-A Analyzer Bundle - Metal Case,3 Year Warranty,"$9,853 ","$8,375 "
Murideo,MU-STIX-A,MU-STIX-A,Single - 8K HDMI analyzer with male port and advanced diagnostics,3 Year Warranty,$376 ,$320 
Murideo,MU-STIX-CTL,MU-STIX-CTL,STIX Controller,3 Year Warranty,"$2,550 ","$2,167 "
Murideo,MU-STIX-G,MU-STIX-G,Single - 8K HDMI signal generator with male port and pattern presets,3 Year Warranty,$418 ,$355 
Murideo,MU-STIX-AF,MU-STIX-AF,Single-8K HDMI analyzer with female port and advanced diagnostics,3 Year Warranty,$513 ,$436 
Murideo,MU-STIX-GF,MU-STIX-GF,Single - 8K HDMI signal generator with female port and pattern presets ,3 Year Warranty,$570 ,$484 
Netgear,AGM731F,AGM731F,NETGEAR 1000BASE-SX SFP Tranceiver- MULTIMODE LC GBIC,,$242 ,$170 
Netgear,AGM732F,AGM732F,NETGEAR 1000BASE-LX SFP Tranceiver- SINGLE MODE LC GBIC,,$446 ,$316 
Netgear,AGM734-10000S,AGM734-10000S,NETGEAR 1000BASE-T SFP Tranceiver- COPPER RJ45 GBIC,,$408 ,$291 
Netgear,APM414C-10000S,APM414C-10000S,NETGEAR Interface card for M4350-16M4V with 4x 10G RJ-45 ports,,"$1,634 ",$952 
Netgear,APM414LD-10000S,APM414LD-10000S,NETGEAR Interface card for M4350-16M4V with 2x Neutrik opticalCON QUAD connectors for 4x SMF transceivers,,"$3,539 ","$2,844 "
Netgear,APM414SD-10000S,APM414SD-10000S,NETGEAR Interface card for M4350-16M4V with 2x Neutrik opticalCON QUAD connectors for 4x MMF transceivers,,"$3,539 ","$2,844 "
Netgear,APM414V-10000S,APM414V-10000S,NETGEAR Interface card for M4350-16M4V with 4x 25G SFP28 ports,,"$1,634 ","$1,214 "
Netgear,APS1200W-200AJS,APS1200W-200AJS,NETGEAR 1200W AC Power Supply Module - Compatible with XSM4340CV/4340V/4340FV/4320C/4344C,,"$1,269 ",$895 
Netgear,APS2000W-100AJS,APS2000W-100AJS,"NETGEAR 2000W AC Power Supply Module - Compatible with GSM4328/4352, MSM4352,4328CV ",,"$2,117 ","$1,491 "
Netgear,APS2000W-200AJS,APS2000W-200AJS,NETGEAR 2000W AC Power Supply Module - Compatible with XSM4340CV/4340V/4340FV/4320C/4344C ,,"$2,117 ","$1,494 "
Netgear,APS254W-10000S,APS254W-10000S,NETGEAR APS254W Power adapter no AC Cable,,$854 ,$190 
Netgear,APS350W-100AJS,APS350W-100AJS,"NETGEAR 350W AC Power Supply Module - Compatible with GSM4328/4352, MSM4352,4328CV ",,$846 ,$599 
Netgear,APS550W-100AJS,APS550W-100AJS,NETGEAR 550W AC Power Supply Module for M4300,,$931 ,$655 
Netgear,APS600W-200AJS,APS600W-200AJS,"NETGEAR 600W AC Power Supply Module - Compatible with GSM4328/4352, MSM4352,4328CV ",,$989 ,$696 
Netgear,APS600W-300AJS,APS600W-300AJS,NETGEAR 600W AC Power Supply Module - Compatible with XSM4340CV/4340V/4340FV/4320C/4344C ,,$989 ,$857 
Netgear,APS920W-100AJS,APS920W-100AJS,"NETGEAR 920W AC Power Supply Module - Compatible with GSM4328/4352, MSM4352,4328CV ",,"$1,269 ",$902 
Netgear,AXC761-10000S,AXC761-10000S,NETGEAR 1m SFP+ PASSIVE Direct Attach Cable,,$196 ,$138 
Netgear,AXC763-10000S,AXC763-10000S,NETGEAR 3m SFP+ PASSIVE Direct Attach Cable,,$281 ,$199 
Netgear,AXM761-10000S,AXM761-10000S,NETGEAR 10GBASE-SR SFP+ Tranceiver- MULTIMODE LC GBIC,,"$1,008 ",$710 
Netgear,AXM761P10-10000S,AXM761P10-10000S,NETGEAR 10GBASE-SR SFP+ Tranceiver- MULTIMODE LC GBIC - 10 Pack,,"$3,644 ","$2,502 "
Netgear,AXM762P10-10000S,AXM762P10-10000S,NETGEAR 10GBASE-LR SFP+ Tranceiver- SINGLE MODE LC GBIC - 10 Pack,,"$9,250 ","$6,517 "
Netgear,AXM763-10000S,AXM763-10000S,NETGEAR 10GBASE-LRM SFP+ Tranceiver- MULTIMODE LC GBIC,,"$1,442 ","$1,016 "
Netgear,AXM764-10000S,AXM764-10000S,NETGEAR 10GBASE-LR Lite SFP+ Tranceiver- SINGLE MODE LC GBIC,,$638 ,$449 
Netgear,AXM765-20000S,AXM765-20000S,NETGEAR 10GBASE-T SFP+ Tranceiver Module - COPPER RJ45 GBIC,"Pricing due to change from 18/10/2026, please request pricing before quoting, or confirm via our portal.","$1,219 ",$698 
Netgear,CSM4316-100AJS,CSM4316-100AJS,NETGEAR M4350-16C 16x 100G QSFP28 ,,"$30,521 ","$15,478 "
Netgear,CSM4532-100AJS,CSM4532-100AJS,NETGEAR M4500-32C 32-Port QSFP28 100G/50G/40G Fully Managed Switch ,,"$58,046 ","$36,504 "
Netgear,GB406-100AJS,GB406-100AJS,NETGEAR ALIGN CONTROLLER GB406,,"$7,834 ","$5,802 "
Netgear,GS105AU,GS105AU,"NETGEAR 5-port Gigabit Unmanaged Switch , ProSAFE_ Lifetime Warranty","Pricing due to change from 18/10/2026, please request pricing before quoting, or confirm via our portal.",$78 ,$54 
Netgear,GS105E-200AUS,GS105E-200AUS,NETGEAR 5 Port GIGE Smart Managed Plus Switch,"Pricing due to change from 18/10/2026, please request pricing before quoting, or confirm via our portal.",$98 ,$70 
Netgear,GS108AU,GS108AU,NETGEAR 8 Port Copper Gigabit Switch,"Pricing due to change from 18/10/2026, please request pricing before quoting, or confirm via our portal.",$109 ,$76 
Netgear,GS108E-400AUS,GS108E-400AUS,NETGEAR 8 Port Gigabit Plus Switch,"Pricing due to change from 18/10/2026, please request pricing before quoting, or confirm via our portal.",$165 ,$116 
Netgear,GS108LP-100AJS,GS108LP-100AJS,"NETGEAR 8 port PoE+ Gigabit Unmanaged Switch (60W PoE Budget - upgradeable to 123W)  , ProSAFE_ Lifetime Warranty",,$243 ,$204 
Netgear,GS108MX-100AUS,GS108MX-100AUS,NETGEAR 8 Port GIG Unmanaged +1P 10G/Multi-Gig Uplink,"Pricing due to change from 18/10/2026, please request pricing before quoting, or confirm via our portal.",$423 ,$297 
Netgear,GS108PP-100AJS,GS108PP-100AJS,"NETGEAR 8-port PoE+ Gigabit Unmanaged Switch (123W PoE Budget) , ProSAFE_ Lifetime Warranty","Pricing due to change from 18/10/2026, please request pricing before quoting, or confirm via our portal.",$362 ,$300 
Netgear,GS108T-300AUS,GS108T-300AUS,"NETGEAR 8-Port Gigabit Ethernet Smart Switch (GS108T) - Managed, Desktop","Pricing due to change from 18/10/2026, please request pricing before quoting, or confirm via our portal.",$245 ,$177 
Netgear,GS108X-100AUS,GS108X-100AUS,NETGEAR 8 Port GIG Unmanaged +1P 10G SFP+ Uplink,"Pricing due to change from 18/10/2026, please request pricing before quoting, or confirm via our portal.",$319 ,$224 
Netgear,GS116LP-100AJS,GS116LP-100AJS,"NETGEAR 16-port PoE+ Gigabit Unmanaged Switch (76W PoE Budget - upgradeable to 183W), ProSAFE_ Lifetime Warranty","Pricing due to change from 18/10/2026, please request pricing before quoting, or confirm via our portal.",$479 ,$337 
Netgear,GS116PP-100AJS,GS116PP-100AJS,NETGEAR 16 Port POE/POE+Gigabit Unmanaged Switch,"Pricing due to change from 18/10/2026, please request pricing before quoting, or confirm via our portal.",$740 ,$382 
Netgear,GS305-300AUS,GS305-300AUS,NETGEAR SOHO 5-port Gigabit Unmanaged Switch (GS305),"Pricing due to change from 18/10/2026, please request pricing before quoting, or confirm via our portal.",$75 ,$49 
Netgear,GS305E-100AUS,GS305E-100AUS,NETGEAR 5 Port GIGE Smart Managed Plus SOHO Switch,"Pricing due to change from 18/10/2026, please request pricing before quoting, or confirm via our portal.",$106 ,$74 
Netgear,GS305EP-100AUS,GS305EP-100AUS,NETGEAR 5 Port GE Plus Switch with POE+,"Pricing due to change from 18/10/2026, please request pricing before quoting, or confirm via our portal.",$214 ,$175 
Netgear,GS305EPP-100AUS,GS305EPP-100AUS,"NETGEAR 5 Port PoE Gigabit Ethernet Plus Switch (GS305EPP) - with 4 x PoE+ @ 120W, Desktop/Wall Mount","Pricing due to change from 18/10/2026, please request pricing before quoting, or confirm via our portal.",$354 ,$245 
Netgear,GS305P-300AUS,GS305P-300AUS,NETGEAR 5 Port GE Unmanaged Switch with POE+,"Pricing due to change from 18/10/2026, please request pricing before quoting, or confirm via our portal.",$226 ,$160 
Netgear,GS308-300AUS,GS308-300AUS,NETGEAR SOHO 8-port Gigabit Unmanaged Switch (GS308),"Pricing due to change from 18/10/2026, please request pricing before quoting, or confirm via our portal.",$104 ,$63 
Netgear,GS308E-400AUS,GS308E-400AUS,NETGEAR 8 Port Gigabit Plus Switch,"Pricing due to change from 18/10/2026, please request pricing before quoting, or confirm via our portal.",$145 ,$97 
Netgear,GS308EP-100AUS,GS308EP-100AUS,"NETGEAR 8 Port PoE Gigabit Ethernet Plus Switch (GS308EP) - with 8 x PoE+ @ 62W, Desktop/Wall Mount","Pricing due to change from 18/10/2026, please request pricing before quoting, or confirm via our portal.",$271 ,$215 
Netgear,GS308EPP-100AUS,GS308EPP-100AUS,"NETGEAR 8 Port PoE Gigabit Ethernet Plus Switch (GS308EPP) - with 8 x PoE+ @ 123W, Desktop/Wall Mount","Pricing due to change from 18/10/2026, please request pricing before quoting, or confirm via our portal.",$375 ,$304 
Netgear,GS308PP-100AJS,GS308PP-100AJS,NETGEAR 8 Port GE Unmanaged Swtich with POE/POE+,"Pricing due to change from 18/10/2026, please request pricing before quoting, or confirm via our portal.",$395 ,$281 
Netgear,GS316EP-100AUS,GS316EP-100AUS,NETGEAR 16 Port GE Plus Switch with POE+,"Pricing due to change from 18/10/2026, please request pricing before quoting, or confirm via our portal.",$732 ,$516 
Netgear,GS316EPP-100AUS,GS316EPP-100AUS,"NETGEAR 16 Port PoE Gigabit Ethernet Plus Switch (GS316EPP) - with 16 x PoE+ @ 231W, Desktop/Wall Mount","Pricing due to change from 18/10/2026, please request pricing before quoting, or confirm via our portal.",$725 ,$611 
Netgear,GS316P-100AJS,GS316P-100AJS,NETGEAR SOHO 16-port PoE+ Gigabit Unmanaged Switch (115W PoE Budget) (GS316P),"Pricing due to change from 18/10/2026, please request pricing before quoting, or confirm via our portal.",$557 ,$462 
Netgear,GS316PP-100AJS,GS316PP-100AJS,NETGEAR 16 Port GE Unamanged Switch Hi-Power POE+,"Pricing due to change from 18/10/2026, please request pricing before quoting, or confirm via our portal.",$671 ,$470 
Netgear,GS324P-100AJS,GS324P-100AJS,NETGEAR 24 Port GIGE Unamanged Switch with POE+,"Pricing due to change from 18/10/2026, please request pricing before quoting, or confirm via our portal.",$849 ,$588 
Netgear,GS348-100AJS,GS348-100AJS,NETGEAR 48 Port GIGE Unamanged Rackmount Switch,"Pricing due to change from 18/10/2026, please request pricing before quoting, or confirm via our portal.","$1,162 ",$807 
Netgear,GS510TPP-100AJS,GS510TPP-100AJS,"NETGEAR 10-Port PoE Gigabit Ethernet Smart Switch (GS510TPP) - Managed with 8 x PoE+ @ 190W, 2 x 1G SFP, Desktop/Rackmount, and ProSAFE Lifetime Protection","Pricing due to change from 18/10/2026, please request pricing before quoting, or confirm via our portal.","$1,037 ",$742 
Netgear,GS516-300AUS,GS516-300AUS,NETGEAR 16 Port GIGABIT Unmanaged Switch SWITCH,"Pricing due to change from 18/10/2026, please request pricing before quoting, or confirm via our portal.",$336 ,$235 
Netgear,GS516PP-100AJS,GS516PP-100AJS,NETGEAR 16 Port GIGE Unmanaged Switch with POE+,"Pricing due to change from 18/10/2026, please request pricing before quoting, or confirm via our portal.",$725 ,$617 
Netgear,GS516UP-100AJS,GS516UP-100AJS,NETGEAR 16 Port GE U60 Unmanaged Switch with POE++,"Pricing due to change from 18/10/2026, please request pricing before quoting, or confirm via our portal.","$1,018 ",$721 
Netgear,GS524-300AUS,GS524-300AUS,NETGEAR 24 Port GE Unmanaged Switch,"Pricing due to change from 18/10/2026, please request pricing before quoting, or confirm via our portal.",$373 ,$220 
Netgear,GS524PP-100AJS,GS524PP-100AJS,"NETGEAR 24 Port High-powered PoE+ Gigabit Unmanaged Switch (300W PoE budget), ProSAFE_ Lifetime Warranty (GS524PP)","Pricing due to change from 18/10/2026, please request pricing before quoting, or confirm via our portal.",$972 ,$676 
Netgear,GS524UP-100AJS,GS524UP-100AJS,NETGEAR 24 Port GE U60 Unmanaged Switch with POE++ ,"Pricing due to change from 18/10/2026, please request pricing before quoting, or confirm via our portal.","$1,751 ","$1,109 "
Netgear,GS724T-600AUS,GS724T-600AUS,"NETGEAR 24-Port Gigabit Ethernet Smart Switch (GS724Tv6) - Managed with 2 x 1G SFP, Desktop/Rackmount, and ProSAFE Limited Lifetime Protection","Pricing due to change from 18/10/2026, please request pricing before quoting, or confirm via our portal.",$764 ,$553 
Netgear,GS724TPP-300AUS,GS724TPP-300AUS,NETGEAR 24 Port GE POE+ Smart Switch,"Pricing due to change from 18/10/2026, please request pricing before quoting, or confirm via our portal.","$2,075 ",$757 
Netgear,GS728TP-300AUS,GS728TP-300AUS,"NETGEAR  24-Port Gigabit PoE+ Ethernet Smart Switch with 4 SFP Ports, 190W, Remote/Cloud management option with NETGEAR Insight (GS728TPv3)","Pricing due to change from 18/10/2026, please request pricing before quoting, or confirm via our portal.","$1,413 ","$1,012 "
Netgear,GS728TPP-300AUS,GS728TPP-300AUS,"NETGEAR  24-Port Gigabit high-power PoE+ Ethernet Smart Switch with 4 SFP Ports, 380W, Remote/Cloud management option with NETGEAR Insight (GS728TPPv3)","Pricing due to change from 18/10/2026, please request pricing before quoting, or confirm via our portal.","$1,777 ",$877 
Netgear,GS728TX-300AUS,GS728TX-300AUS,NETGEAR 24 Port GE Smart Switch with 10G SFP+,"Pricing due to change from 18/10/2026, please request pricing before quoting, or confirm via our portal.","$1,088 ",$773 
Netgear,GS728TXP-300AUS,GS728TXP-300AUS,NETGEAR 24 Port GE POE+ Smart Switch with 10G SFP+,"Pricing due to change from 18/10/2026, please request pricing before quoting, or confirm via our portal.","$1,764 ","$1,140 "
Netgear,GS728TXUP-300AUS,GS728TXUP-300AUS,NETGEAR 24 Port GE POE++ Smart Switch with 10G SFP+,"Pricing due to change from 18/10/2026, please request pricing before quoting, or confirm via our portal.","$2,284 ","$1,629 "
Netgear,GS748T-600AUS,GS748T-600AUS,"NETGEAR 48-Port Gigabit Ethernet Smart Switch (GS748Tv6) - Managed with 2 x 1G SFP, Desktop/Rackmount, and ProSAFE Limited Lifetime Protection","Pricing due to change from 18/10/2026, please request pricing before quoting, or confirm via our portal.","$1,387 ","$1,004 "
Netgear,GS752TP-300AUS,GS752TP-300AUS,NETGEAR 52 Port GE POE+ Smart Switch,"Pricing due to change from 18/10/2026, please request pricing before quoting, or confirm via our portal.","$2,997 ",$849 
Netgear,GS752TPP-300AUS,GS752TPP-300AUS,"NETGEAR  48-Port Gigabit high-power PoE+ Ethernet Smart Switch with 4 SFP Ports, 760W, Remote/Cloud management option with NETGEAR Insight (GS752TPPv3)","Pricing due to change from 18/10/2026, please request pricing before quoting, or confirm via our portal.","$3,113 ","$2,260 "
Netgear,GS752TX-300AUS,GS752TX-300AUS,NETGEAR 48 Port GE Smart Switch with 10G SFP+,"Pricing due to change from 18/10/2026, please request pricing before quoting, or confirm via our portal.","$1,777 ","$1,275 "
Netgear,GS752TXP-300AUS,GS752TXP-300AUS,NETGEAR 48 Port GE POE+ Smart Switch with 10G SFP+,"Pricing due to change from 18/10/2026, please request pricing before quoting, or confirm via our portal.","$3,243 ","$2,050 "
Netgear,GS752TXUP-300AUS,GS752TXUP-300AUS,NETGEAR 48 Port GE POE++ Smart Switch with 10G SFP+,"Pricing due to change from 18/10/2026, please request pricing before quoting, or confirm via our portal.","$4,281 ","$2,973 "
Netgear,GSM4210PD-100AUS,GSM4210PD-100AUS,NETGEAR M4250-9G1F-PoE+ Desktop Managed Switch 8x1G PoE+ 110W 1x1G and 1xSFP AV Line (GSM4210PD),,"$2,110 ","$1,321 "
Netgear,GSM4210PX-100AUS,GSM4210PX-100AUS,NETGEAR M4250-8G2XF-PoE+ Desktop Managed Switch 8x1G PoE+ 220W and 2x10G SFP+ AV Line (GSM4210PX),,"$3,193 ","$1,800 "
Netgear,GSM4212P-100AJS,GSM4212P-100AJS,NETGEAR AV Line M4250-10G2F-PoE+ 8x1G PoE+ 125W 2x1G and 2xSFP Managed Switch (GSM4212P),,"$2,138 ","$1,341 "
Netgear,GSM4212PX-100AJS,GSM4212PX-100AJS,NETGEAR AV Line M4250-10G2XF-PoE+ 8x1G PoE+ 240W 2x1G and 2xSFP+ Managed Switch (GSM4212PX),,"$3,078 ","$1,954 "
Netgear,GSM4212UX-100AJS,GSM4212UX-100AJS,NETGEAR AV Line M4250-10G2XF-PoE++ 8x1G Utra90 PoE++ 802.3bt 720W 2x1G and 2xSFP+ Managed Switch (GSM4212UX),,"$4,220 ","$2,347 "
Netgear,GSM4230P-100AJS,GSM4230P-100AJS,NETGEAR AV Line M4250-26G4F-PoE+ 24x1G PoE+ 300W 2x1G and 4xSFP Managed Switch (GSM4230P),,"$4,562 ","$2,316 "
Netgear,GSM4230PX-100AJS,GSM4230PX-100AJS,NETGEAR AV Line M4250-26G4XF-PoE+ 24x1G PoE+ 480W 2x1G and 4xSFP+ Managed Switch (GSM4230PX),"Pricing due to change from 18/10/2026, please request pricing before quoting, or confirm via our portal.","$7,396 ","$3,356 "
Netgear,GSM4230UP-100AJS,GSM4230UP-100AJS,"NETGEAR AV Line M4250-26G4F-PoE++ 24x1G Ultra90 PoE++ 802.3bt 1,440W 2x1G and 4xSFP Managed Switch (GSM4230UP)",,"$9,466 ","$5,286 "
Netgear,GSM4248P-100AJS,GSM4248P-100AJS,NETGEAR AV Line M4250-40G8F-PoE+ 40x1G PoE+ 480W and 8xSFP Managed Switch (GSM4248P),,"$7,385 ","$4,620 "
Netgear,GSM4248PX-100AJS,GSM4248PX-100AJS,NETGEAR AV Line M4250-40G8XF-PoE+ 40x1G PoE+ 960W and 8xSFP+ Managed Switch (GSM4248PX),,"$11,006 ","$5,593 "
Netgear,GSM4248UX-100AJS,GSM4248UX-100AJS,"NETGEAR AV Line M4250-40G8XF-PoE++ 40x1G Ultra90 PoE++ 802.3bt 2,880W and 8xSFP+ Managed Switch (GSM4248UX)",,"$18,590 ","$10,318 "
Netgear,GSM4328-100AJS,GSM4328-100AJS,"NETGEAR M4350-24G4XF 28-port Layer 3 Stackable Fully Managed Switch with 24 x 1G POE+ & 4 x 10GBASE-X SFP+, ProSAFE_ Lifetime Warranty (GSM4328)",,"$8,156 ","$5,046 "
Netgear,GSM4328PA-100AJS,GSM4328PA-100AJS,"NETGEAR M4300-28G-POE+ 24-port PoE+ Layer 3 Stackable Fully Managed Switch with 2 x 10GBASE-T & 2 x SFP+ & 550W PSU, ProSAFE_ Lifetime Warranty",**Special price for SOH***,"$6,423 ","$3,402 "
Netgear,GSM4352-100AJS,GSM4352-100AJS,"NETGEAR M4350-48G4XF 52-port Layer 3 Stackable Fully Managed Switch with 48 x 1G POE+ & 4 x 10GBASE-X SFP+, ProSAFE_ Lifetime Warranty (GSM4352)",,"$11,684 ","$7,231 "
Netgear,GSM4352PA-100AJS,GSM4352PA-100AJS,"NETGEAR M4300-52G-POE+ 48-port PoE+ Layer 3 Fully Managed Stackable Switch with 2 x 10GBASE-T & 2 x SFP+ & 550W PSU, ProSAFE_ Lifetime Warranty",,"$7,244 ","$5,104 "
Netgear,GSM4352PB-100AJS,GSM4352PB-100AJS,"NETGEAR M4300-52G-POE+ 48-port PoE+ Layer 3 Fully Managed Stackable Switch with 2 x 10GBASE-T & 2 x SFP+ & 1,000W PSU, ProSAFE_ Lifetime Warranty",,"$8,377 ","$5,901 "
Netgear,MS105-100AUS,MS105-100AUS,NETGEAR 5-Port Multi-Gigabit (2.5G) Ethernet Unmanaged Switch,"Pricing due to change from 18/10/2026, please request pricing before quoting, or confirm via our portal.",$427 ,$325 
Netgear,MS308-100AUS,MS308-100AUS,NETGEAR 8-Port 2.5G Multi-Gigabit Ethernet Unmanaged Switch,,$563 ,$465 
Netgear,MS308E-100AUS,MS308E-100AUS,NETGEAR 8 Port Multi-Gig PLUS Switch,"Pricing due to change from 18/10/2026, please request pricing before quoting, or confirm via our portal.",$777 ,$510 
Netgear,MS510TXM-100AJS,MS510TXM-100AJS,NETGEAR 10 Port MG Smart Managed Pro Switch,,"$1,621 ",$824 
Netgear,MS510TXUP-100AJS,MS510TXUP-100AJS,"NETGEAR 10-Port PoE Multi-Gigabit/10G Ethernet Smart Switch (MS510TXUP) - Managed with 8 x PoE++ @ 295W, 2 x 10G SFP+, Insight Cloud Management, Desktop/Rackmount, ProSAFE Lifetime Protection",,"$1,927 ","$1,203 "
Netgear,MSM4214X-100AJS,MSM4214X-100AJS,NETGEAR AV Line M4250-12M2XF 12x2.5G and 2xSFP+ Managed Switch (MSM4214X),,"$3,336 ","$2,085 "
Netgear,MSM4310-100AJS,MSM4310-100AJS,NETGEAR M4350-8M2V 10-Port Managed Switch with 8 x 2.5G PoE++ with 2 x 25GBASE-X SFP28 (MSM4310),,"$8,589 ","$6,241 "
Netgear,MSM4320-100AJS,MSM4320-100AJS,NETGEAR M4350-16M4V 16x 2.5G PoE++ incl. 8x Neutrik etherCON and 4x 25G SFP28,,"$19,076 ","$11,583 "
Netgear,MSM4328F-100AJS,MSM4328F-100AJS,NETGEAR M4350-24F4X 32-Port Managed Switch with 24 x 2.5G SFP and 4 x SFP+ (MSM4328F),,"$11,777 ","$8,532 "
Netgear,MSM4332-100AJS,MSM4332-100AJS,NETGEAR M4350-24M4X4V 32-Port Managed Switch with 24 x 2.5G and 4 x 10g/Multi-Gig PoE++ with 4 x 25GBASE-X SFP28 (MSM4332),,"$12,742 ","$8,209 "
Netgear,MSM4352-100AJS,MSM4352-100AJS,NETGEAR M4350-44M4X4V 52-Port Managed Switch with 44 x 2.5G and 4 x 10g/Multi-Gig PoE++ with 4 x 25GBASE-X SFP28 (MSM4352),,"$15,805 ","$9,941 "
Netgear,NPR100PK3-10000S,NPR100PK3-10000S,NETGEAR INSIGHT PRO 100 PACK 3 YEAR,"Pricing due to change from 18/10/2026, please request pricing before quoting, or confirm via our portal.","$11,679 ","$7,872 "
Netgear,NPR100PK5-10000S,NPR100PK5-10000S,NETGEAR INSIGHT PRO 100 PACK 5 YEAR,"Pricing due to change from 18/10/2026, please request pricing before quoting, or confirm via our portal.","$19,595 ","$13,082 "
Netgear,NPR10PK1-10000S,NPR10PK1-10000S,NETGEAR INSIGHT PRO 10 PACK 1 YEAR,"Pricing due to change from 18/10/2026, please request pricing before quoting, or confirm via our portal.",$406 ,$289 
Netgear,NPR10PK3-10000S,NPR10PK3-10000S,NETGEAR INSIGHT PRO 10 PACK 3 YEAR,"Pricing due to change from 18/10/2026, please request pricing before quoting, or confirm via our portal.","$1,478 ",$849 
Netgear,NPR10PK5-10000S,NPR10PK5-10000S,NETGEAR INSIGHT PRO 10 PACK 5 YEAR,"Pricing due to change from 18/10/2026, please request pricing before quoting, or confirm via our portal.","$3,243 ","$1,412 "
Netgear,NPR1SNG1-10000S,NPR1SNG1-10000S,NETGEAR INSIGHT PRO 1 SINGLE 1 YEAR,"Pricing due to change from 18/10/2026, please request pricing before quoting, or confirm via our portal.",$48 ,$34 
Netgear,NPR1SNG3-10000S,NPR1SNG3-10000S,NETGEAR INSIGHT PRO 1 SINGLE 3 YEAR,"Pricing due to change from 18/10/2026, please request pricing before quoting, or confirm via our portal.",$137 ,$96 
Netgear,NPR1SNG5-10000S,NPR1SNG5-10000S,NETGEAR INSIGHT PRO 1 SINGLE 5 YEAR,"Pricing due to change from 18/10/2026, please request pricing before quoting, or confirm via our portal.",$210 ,$145 
Netgear,NPR25PK1-10000S,NPR25PK1-10000S,NETGEAR INSIGHT PRO 25 PACK 1 YEAR,"Pricing due to change from 18/10/2026, please request pricing before quoting, or confirm via our portal.","$1,232 ",$704 
Netgear,NPR25PK3-10000S,NPR25PK3-10000S,NETGEAR INSIGHT PRO 25 PACK 3 YEAR,"Pricing due to change from 18/10/2026, please request pricing before quoting, or confirm via our portal.","$3,243 ","$2,040 "
Netgear,NPR25PK5-10000S,NPR25PK5-10000S,NETGEAR INSIGHT PRO 25 PACK 5 YEAR,"Pricing due to change from 18/10/2026, please request pricing before quoting, or confirm via our portal.","$7,396 ","$3,440 "
Netgear,NPR50PK1-10000S,NPR50PK1-10000S,NETGEAR INSIGHT PRO 50 PACK 1 YEAR,"Pricing due to change from 18/10/2026, please request pricing before quoting, or confirm via our portal.","$1,945 ","$1,370 "
Netgear,NPR50PK3-10000S,NPR50PK3-10000S,NETGEAR INSIGHT PRO 50 PACK 3 YEAR,"Pricing due to change from 18/10/2026, please request pricing before quoting, or confirm via our portal.","$6,229 ","$4,038 "
Netgear,NPR50PK5-10000S,NPR50PK5-10000S,NETGEAR INSIGHT PRO 50 PACK 5 YEAR,"Pricing due to change from 18/10/2026, please request pricing before quoting, or confirm via our portal.","$10,135 ","$6,708 "
Netgear,NPR5PK1-10000S,NPR5PK1-10000S,NETGEAR INSIGHT PRO 5 PACK 1 YEAR,"Pricing due to change from 18/10/2026, please request pricing before quoting, or confirm via our portal.",$210 ,$148 
Netgear,NPR5PK3-10000S,NPR5PK3-10000S,NETGEAR INSIGHT PRO 5 PACK 3 YEAR,"Pricing due to change from 18/10/2026, please request pricing before quoting, or confirm via our portal.",$616 ,$435 
Netgear,NPR5PK5-10000S,NPR5PK5-10000S,NETGEAR INSIGHT PRO 5 PACK 5 YEAR,"Pricing due to change from 18/10/2026, please request pricing before quoting, or confirm via our portal.","$1,019 ",$724 
Netgear,PR460X-111AUS,PR460X-111AUS,NETGEAR 10G/Multi-Gigabit Dual WAN Pro Router with Engage AV GUI (PR460X),,"$2,104 ","$1,447 "
Netgear,PR60X-100AUS,PR60X-100AUS,NETGEAR 6 Port 10G/MG Pro Router with Insight,,"$1,864 ","$1,490 "
Netgear,PST4310-10000S,PST4310-10000S,NETGEAR PSU Tray for M4350-8M2V,,$853 ,$577 
Netgear,VSM4320C-100AJS,VSM4320C-100AJS,"NETGEAR M4350-16V4C 20-port Stackable Layer 3 Fully Managed Switch with 16 x 25GBASE-X SFP28 & 4 x 100GBASE-X QSFP28, ProSAFE_ Lifetime Warranty (VSM4320C)",,"$28,449 ","$13,488 "
Netgear,WBE700-100APS,WBE700-100APS,NETGEAR 1 Port Insight Manged WIFI 7 DB AP,,$704 ,$560 
Netgear,WBE708-111APS,WBE708-111APS,NETGEAR 1 Port Insight Manged WIFI 7 DB 4Y,,"$1,121 ",$896 
Netgear,WBE710-100APS,WBE710-100APS,NETGEAR 1 Port Insight Manged WIFI 7 Tri-band,,"$1,049 ","$1,357 "
Netgear,WBE718-111APS,WBE718-111APS,NETGEAR 1 Port Insight Manged WIFI 7 Tri-band,,"$2,187 ",$715 
Netgear,WBE750-100APS,WBE750-100APS,NETGEAR 1 Port Insight Manged WIFI 7 Tri-band,,"$2,257 ","$1,252 "
Netgear,WBE758-111APS,WBE758-111APS,NETGEAR 1 Port Insight Manged WIFI 7 Tri-band,,"$3,365 ","$1,252 "
Netgear,XS508TM-100AUS,XS508TM-100AUS,NETGEAR 8-Port 10G/Multi-Gigabit Smart Switch 2 10G SFP+ Ports (XS508TM),,"$3,144 ","$2,028 "
Netgear,XS512EM-200AUS,XS512EM-200AUS,NETGEAR 12-Port 10G/Multi-Gig Easy Smart Switch,,"$2,940 ","$2,348 "
Netgear,XS516TM-100AUS,XS516TM-100AUS,NETGEAR 16-Port 10G/MG Smart Switch,,"$4,979 ","$4,031 "
Netgear,XS724EM-200AUS,XS724EM-200AUS,NETGEAR 24-Port 10G/Multi-Gig Easy Smart Switch,,"$5,300 ","$2,561 "
Netgear,XSM4216F-100AJS,XSM4216F-100AJS,NETGEAR AV Line M4250-16XF 16x1G/10G Fiber SFP+ Managed Switch (XSM4216F),,"$4,219 ","$2,642 "
Netgear,XSM4316-100AJS,XSM4316-100AJS,"NETGEAR M4350-8X8F 16-port Half Width Layer 3 Fully Managed Switch with 8 x 10G/Multi-Gig &8 x 10GBASE-X SFP+, ProSAFE_ Lifetime Warranty (XSM4316)",,"$6,942 ","$4,818 "
Netgear,XSM4316S-100AJS,XSM4316S-100AJS,"NETGEAR M4300-8X8F 16-port Stackable Layer 3 Fully Managed  Switch with 8 x 10GBASE-T & 8 x SFP+ ports (half width), ProSAFE_ Lifetime Warranty",,"$6,113 ","$4,306 "
Netgear,XSM4324-100AJS,XSM4324-100AJS,"NETGEAR M4350-12X12F 24-port Half Width Layer 3 Fully Managed Switch with 12 x 10G/Multi-Gig & 12 x 10GBASE-X SFP+, ProSAFE_ Lifetime Warranty (XSM4324)",,"$9,591 ","$6,362 "
Netgear,XSM4324CS-100AJS,XSM4324CS-100AJS,"NETGEAR M4300-24X  24-port Stackable Layer 3 Fully Managed Switch with 24 x 10GBASE-T & 4 x SFP+ ports (half width), ProSAFE_ Lifetime Warranty",,"$10,471 ","$7,341 "
Netgear,XSM4328CV-100AJS,XSM4328CV-100AJS,"NETGEAR M4350-24X4V 28-port Stackable Layer 3 Fully Managed Switch with 24 x 10G/Multi-gig & 4 x 25GBASE-X SFP28, ProSAFE_ Lifetime Warranty (XSM4328CV) ",,"$12,643 ","$7,953 "
Netgear,XSM4328FV-100AJS,XSM4328FV-100AJS,"NETGEAR M4350-24F4V 28-port Stackable Layer 3 Fully Managed Switch with 24 x 10GBASE-X SFP+ & 4 x 25GBASE-X SFP28, ProSAFE_ Lifetime Warranty (XSM4328FV)",,"$9,591 ","$6,362 "
Netgear,XSM4340CV-100AJS,XSM4340CV-100AJS,"NETGEAR M4350-36X4V 40-port Stackable Layer 3 Fully Managed Switch with 36 x 10G/Multi-gig PoE++ & 4 x 25GBASE-X SFP28, ProSAFE_ Lifetime Warranty (XSM4340CV)",,"$22,126 ","$13,917 "
Netgear,XSM4340FV-100AJS,XSM4340FV-100AJS,"NETGEAR M4350-32X8V 40-port Stackable Layer 3 Fully Managed Switch with 32 x 10GBASE-X SFP+ & 8 x 25GBASE-X SFP28, ProSAFE_ Lifetime Warranty (XSM4340FV) ",,"$15,805 ","$9,885 "
Netgear,XSM4340V-100AJS,XSM4340V-100AJS,"NETGEAR M4350-24X8F8V 40-port Stackable Layer 3 Fully Managed Switch with 24 x 10G/Multi-gig PoE++, 8 x 10GBASE-X SFP+ & 8 x 25GBASE-X SFP28, ProSAFE_ Lifetime Warranty (XSM4340V) ",,"$18,967 ","$11,856 "
Netgear,XSM4344C-100AJS,XSM4344C-100AJS,"NETGEAR M4350-40X4C 44-port Stackable Layer 3 Fully Managed Switch with 40 x 10G/Multi-gig PoE++ & 4 x 100GBASE-X QSFP28, ProSAFE_ Lifetime Warranty (XSM4344C)",,"$37,931 ","$26,924 "
Netgear,XSM4344FC-100AJS,XSM4344FC-100AJS,"NETGEAR M4350-40F4C 40-port Stackable Layer 3 Fully Managed Switch with 40 x SFP+ & 4 x 100GBASE-X QSFP28, ProSAFE_ Lifetime Warranty (XSM4344FC)",,"$25,486 ","$19,102 "
Netgear,XSM4348CS-100AJS,XSM4348CS-100AJS,"NETGEAR M4300-48X 48-port Stackable Layer 3 Fully Managed Switch with 48 x 10GBASE-T & 4 x SFP+ ports, ProSAFE_ Lifetime Warranty",,"$19,810 ","$13,956 "
Netgear,XSM4556-100AJS,XSM4556-100AJS,"NETGEAR M4500-48XF8C 48-port 10/25G & 8 Port 40/50/100G Fully Managed Switch with 48 x 10 Gigabit SFP28 + 8 x 100 Gigabit QSFP28 - front to back airflow - rack-mountable, ProSAFE_ Lifetime Warranty",,"$50,284 ","$28,374 "
ProDVX,1015018,ProMGR-1,"1-year subscription (price per unit, for one year)",Quantity discount (100+) available.,$87 ,$61 
ProDVX,1015020,ProMGR-3,"3-year subscription (price per unit, for full 3 years)",Quantity discount (100+) available.,$243 ,$170 
ProDVX,1015030,ProMGR-5,"5-year subscription (price per unit, for full 5 years)",Quantity discount (100+) available.,$405 ,$283 
ProDVX,2010100,SD-10,"10.1"" Signage Display Embedded FHD Media Player HDMI video input",*Supplied with Power Supply. Quantity discount (10+) available.,$492 ,$344 
ProDVX,2014100,SD-14,"14"" Signage Display Embedded FHD Media Player HDMI video input",*Supplied with Power Supply. Quantity discount (10+) available.,$778 ,$545 
ProDVX,2015100,SD-15,"15.6"" Signage Display Embedded FHD Media Player HDMI video input",*Supplied with Power Supply. Quantity discount (10+) available.,$883 ,$618 
ProDVX,2018100,SD-18,"18.5"" Signage Display Embedded FHD Media Player HDMI video input",*Supplied with Power Supply. Quantity discount (10+) available.,"$1,035 ",$724 
ProDVX,2022100,SD-22,"21.5"" Signage Display Embedded FHD Media Player HDMI video input",*Supplied with Power Supply. Quantity discount (10+) available.,"$1,123 ",$786 
ProDVX,3015105,TMP-15X-R24-1001,"15.6"" Touch Monitor Display 10-Point PCAP touch Non-glare panel",*Supplied with Power Supply. Quantity discount (10+) available.,"$1,194 ",$836 
ProDVX,3022105,TMP-22X-R24-1001,"21.5"" Touch Monitor Display 10-Point PCAP touch Non-glare panel",*Supplied with Power Supply. Quantity discount (10+) available.,"$1,598 ","$1,119 "
ProDVX,5007550,APPC-7XPL-R23-7262,"7"" Android Panel PC 2-sided LED Bar Android 13",*Supplied without Power Supply. Power supply can be ordered if required. Quantity discount (10+) available.,"$1,691 ","$1,183 "
ProDVX,5007560,APPC-7XPLN-R23-7281,"7"" Android Panel PC Power over Ethernet+ 2-sided LED bar, Integrated NFC",*Supplied without Power Supply. Power supply can be ordered if required. Quantity discount (10+) available.,"$1,754 ","$1,228 "
ProDVX,5010105,APPC-10SLBN (NFC),"10.1"" Android Panel PC Power over Ethernet+ Surround LED bar, Integrated NFC",*Supplied without Power Supply. Power supply can be ordered if required. Pricing only valid for SOH.,"$1,514 ","$1,060 "
ProDVX,5010620,APPC-10XPL-R23-7262,"10.1"" Android Panel PC 2-sided LED Bar Android 13",*Supplied without Power Supply. Power supply can be ordered if required. Quantity discount (10+) available.,"$1,913 ","$1,339 "
ProDVX,5010710,APPC-10S-R25-7021,"10.1"" Android 13 Panel PC Direct Bonded Display Power over Ethernet+",*Supplied without Power Supply. Power supply can be ordered if required. Quantity discount (10+) available.,"$2,040 ","$1,428 "
ProDVX,5010720,APPC-10SF-R25-7221,"10.1"" Android 13 Panel PC Direct Bonded Display Status LED Bar",*Supplied without Power Supply. Power supply can be ordered if required. Quantity discount (10+) available.,"$2,107 ","$1,475 "
ProDVX,5010730,APPC-10SFN-R25-7281,"10.1"" Android 13 Panel PC Direct Bonded Display Status LED Bar, Integrated NFC",*Supplied without Power Supply. Power supply can be ordered if required. Quantity discount (10+) available.,"$2,153 ","$1,507 "
ProDVX,5010740,APPC-10SFA-R25-7581,"10.1"" Android 13 Panel PC Direct Bonded Display LED, NFC, Webcam, Motion Radar Sensor",*Supplied without Power Supply. Power supply can be ordered if required. Quantity discount (10+) available.,"$2,275 ","$1,593 "
ProDVX,5010825,APPC-10SLBe-R24-7701,"10.1"" Android Panel PC Android 13 with GMS and Zero-touch Surround LED bar, Integrated NFC",*Supplied without Power Supply. Power supply can be ordered if required. Quantity discount (10+) available.,"$2,351 ","$1,646 "
ProDVX,5012200,APPC-12XP-R23-7222,"11.6"" Android Panel PC Power over Ethernet+ Android 12",*Supplied without Power Supply. Power supply can be ordered if required. Quantity discount (10+) available.,"$2,204 ","$1,543 "
ProDVX,5013200,APPC-13XP-R23-7222,"13.3"" Android Panel PC Power over Ethernet+ Android 12",*Supplied without Power Supply. Power supply can be ordered if required. Quantity discount (10+) available.,"$2,233 ","$1,563 "
ProDVX,5015210,APPC-15XP-R23-7222,"15.6"" Android Panel PC Power over Ethernet+ Android 13",*Supplied without Power Supply. Power supply can be ordered if required. Quantity discount (10+) available.,"$2,595 ","$1,816 "
ProDVX,5022300,APPC-22XP-R23-7223,"21.5"" Android Panel PC Power over Ethernet++ Android 11",*Supplied with Power Supply. Quantity discount (10+) available.,"$3,335 ","$2,334 "
ProDVX,5032300,APPC-32SN-R26-7281,"31.5"" Android Panel PC Android 11",*Supplied with Power Supply. Quantity discount (10+) available.,"$3,675 ","$2,573 "
ProDVX,5524105,APPC-UW24-R24-5021,"24"" UltraWide Signage Display Android 12 Up to 300 cd/m2 brightness",*Supplied with Power Supply. Quantity discount (10+) available.,"$3,062 ","$2,143 "
ProDVX,6010370,IPPC-10SLB-R24-6702,"10.1"" Intel Panel PC Windows 11 IoT Enterprise LTSC PoE+, Surround LED Bar",*Supplied without Power Supply. Power supply can be ordered if required. Quantity discount (10+) available.,"$5,126 ","$3,588 "
ProDVX,6010470,IPPC-10SLB-R24-6703,"10.1"" Intel Panel PC ChromeOS Flex PoE+, Surround LED Bar",*Supplied without Power Supply. Power supply can be ordered if required. Quantity discount (10+) available.,"$5,126 ","$3,588 "
ProDVX,6015100,IPPC-15-6000,"15.6"" Intel Panel PC Intel Pentium N4200 1.1 GHz Windows 10 IoT Enterprise LTSC",*Supplied with Power Supply. Pricing only valid for SOH.,"$2,131 ","$1,492 "
ProDVX,6015200,IPPC-15-R26-6300,"15.6"" Intel Panel PC Intel N150 Processor, Windows 11 IoT LTSC",*Supplied with Power Supply. Quantity discount (10+) available.,"$3,705 ","$2,593 "
ProDVX,6022200,IPPC-22-R26-6300,"21.5"" Intel Panel PC Intel N150 Processor, Windows 11 IoT LTSC",*Supplied with Power Supply. Quantity discount (10+) available.,"$5,345 ","$3,742 "
ProDVX,7031200,PuKK Workspace-R26-8281,"A compact interactive booking device with NFC, WiFi, Bluetooth, button & 12 individually controllable full RGB LEDs.",*Supplied with USB-C / cable. Quantity discount (10+) available.,$299 ,$209 
ProDVX,7099400,ABPC-4320-R24-4321,Android Box PC 4320 (R24-4321),*Supplied without Power Supply. Power supply can be ordered in addition for $52. Quantity discount (10+) available.,"$1,497 ","$1,048 "
ProDVX,8010100,DS-10,Desk Stand VESA 75/100,Quantity discount (10+) available.,$164 ,$115 
ProDVX,8010150,DS-15,Desk Stand VESA 75/100,Quantity discount (10+) available.,$123 ,$86 
ProDVX,8010200,DS-20,Desk Stand VESA 100,Quantity discount (10+) available.,$86 ,$60 
ProDVX,8010225,DS-25,Desk Stand VESA 75/100,Quantity discount (10+) available.,$103 ,$72 
ProDVX,8010300,DS-30,Desk Stand VESA 75/100,Quantity discount (10+) available.,$115 ,$80 
ProDVX,8010400,DS-40,Desk Stand VESA 75/100,Quantity discount (10+) available.,$111 ,$78 
ProDVX,8020100,FS-10,Floor Stand VESA 75/100,Quantity discount (10+) available.,$299 ,$209 
ProDVX,8050100,SB-50,Shelf Bracket VESA 75/100,Quantity discount (10+) available.,$90 ,$63 
ProDVX,8050350,WM-35,Wall Mount VESA 75/100,Quantity discount (10+) available.,$90 ,$63 
ProDVX,8070200,ANGLED CABLE,"LAN Cable Extension (7"" Displays)",Quantity discount (10+) available.,$33 ,$23 
ProDVX,8070730,Win11 IoT Ent LTSC 2024 Entry,Win11 IoT Ent LTSC 2024 Entry,Quantity discount (10+) available.,$282 ,$197 
ProDVX,8075000,DS-75,Desk Stand VESA 75,Quantity discount (10+) available.,$148 ,$103 
ProDVX,8080860,GM-75,Universal glass mount for 7¡± and 10.1¡± VESA 75 (3Kg Max),Quantity discount (10+) available.,$136 ,$95 
ProDVX,8080970,FM-07,Flush mount for 7-inch displays,Quantity discount (10+) available.,$542 ,$380 
ProDVX,8080975,FM-10S,Flush mount for mounting 10S models,Quantity discount (10+) available.,$185 ,$129 
ProDVX,8086100,PS-75,Pyramid Desk Stand For 7- and 10-inch devices VESA 75,Quantity discount (10+) available.,$123 ,$86 
ProDVX,8086110,CP-10S,Table/wall stand for control panel,Quantity discount (10+) available.,$185 ,$129 
ProDVX,9010100,NFC Module A8+,NFC module Pogo pin connection Android 8,Quantity discount (10+) available.,$312 ,$218 
ProDVX,9010110,POGO NFC,NFC module Pogo pin connection,Quantity discount (10+) available.,$828 ,$580 
ProDVX,9010150,POGO LED,Full RGB LED bar Pogo pin connection,Quantity discount (10+) available.,$152 ,$106 
ProDVX,9010200,POGO,2MP camera module Pogo Pin connection,Quantity discount (10+) available.,$231 ,$162 
ProDVX,9010300,BAR-10 2D Module 2021,Barcode scanner Pogo pin connection,Quantity discount (10+) available.,$304 ,$213 
ProDVX,9010355,WIFI Bluetooth Dongle,WiFi Bluetooth Dongle (S-Series),Quantity discount (10+) available.,$153 ,$107 
ProDVX,9010400,WM-25,Wall Mount VESA 75/100,*Most popular! Quantity discount (10+) available.,$94 ,$66 
ProDVX,9010450,COV-10SLB/X,Cover Plate for SLB & X Series Panels,Quantity discount (10+) available.,$62 ,$43 
ProDVX,9010500,Power Supply - 10X/SLB,"ProDVX 10X/SLB Power Supply 12V, 2A",Quantity discount (10+) available.,$82 ,$57 
ProDVX,9010550,Power Supply - S-Series,ProDVX S-Series USB-C Power Supply Kit,Quantity discount (10+) available.,$94 ,$66 
Sound Control Technologies,API-12,API-12,Includes API-12 Module & RJ45-RJ45 Cable,,"$1,211 ","$1,050 "
Sound Control Technologies,LM-M60,LM-M60,The LM-M60 adapter seamlessly connects them to newer codecs like the Cisco Codec Plus and Codec EQ.,,"$1,229 ","$1,065 "
Sound Control Technologies,LVB-CQC-020,LVB-CQC-020,LVBþ In Wall Mount : Cisco QuadCam: Vaddio 020 Backbox,,$934 ,$810 
Sound Control Technologies,LVB-CQC-118,LVB-CQC-118,LVBþ In Wall Mount : Cisco QuadCam : Vaddio 018 Backbox,,$934 ,$810 
Sound Control Technologies,MDC6,MDC6,"For Cisco Control Hub Integration: Includes MDC6 Module, Cable set, Table Mounting Brackets, Power Supply and Cord",,"$3,963 ","$3,434 "
Sound Control Technologies,MDC6-PA,MDC6-PA,"For Cisco Control Hub Integration: Includes MDC6 Module, Cable Set, Table Kit Mounting Brackets, RC-RKPA Rack Mount, RC-RKPA Brackets, Power Supply and Power Cord",,"$4,430 ","$3,839 "
Sound Control Technologies,PPC-001-0.45M,PPC-001-0.45M, 5.5x2.5mm DC Plug to 5.5x2.5mm DC Plug,,$87 ,$75 
Sound Control Technologies,PPC-001-1.0M,PPC-001-1.0M, 5.5x2.5mm DC Plug to 5.5x2.5mm DC Plug,,$87 ,$75 
Sound Control Technologies,PPC-003-0.4M,PPC-003-0.4M, 5.5x2.5mm DC Plug to 5.5x2.1mm DC Plug,,$87 ,$75 
Sound Control Technologies,PPC-004-0.4M,PPC-004-0.4M, 5.5x2.5mm DC Plug to EIAJ-IV,,$87 ,$75 
Sound Control Technologies,PPC-005-0.5M,PPC-005-0.5M, 5.5x2.5mm DC Plug to R/A 6.5x3mm DC Plug,,$87 ,$75 
Sound Control Technologies,PPC-007-3.5M,PPC-007-3.5M, 5.5x2.5mm DC Plug to 5.5x2.1 DC Plug,,$225 ,$195 
Sound Control Technologies,PPC-009-2.0M,PPC-009-2.0M, 5.5x2.5mm DC Plug to 5.5x2.1mm DC Plug,,$87 ,$75 
Sound Control Technologies,PPC-013-0.4M,PPC-013-0.4M, RJ11 to R/A 5.5x2.5mm DC Plug,,$87 ,$75 
Sound Control Technologies,PPC-014-0.3M,PPC-014-0.3M, 5.5x2.5mm DC Plug to R/A 6.5x3.0mm DC Plug,,$87 ,$75 
Sound Control Technologies,PPC-014-0.4M,PPC-014-0.4M, 5.5x2.5mm DC Plug to 6.5x3mm DC Plug,,$87 ,$75 
Sound Control Technologies,PPC-018-0.4M,PPC-018-0.4M, 4-pin Mini-DIN to 5.5mmx2.5mm DC plug,,$87 ,$75 
Sound Control Technologies,PPC-018-1.0M,PPC-018-1.0M, 4-pin Mini-DIN to 5.5mmx2.5mm DC plug,,$87 ,$75 
Sound Control Technologies,PPC-018-2.0M,PPC-018-2.0M, 4-pin Mini-DIN to 5.5mmx2.5mm DC plug,,$87 ,$75 
Sound Control Technologies,PPC-019-0.3M,PPC-019-0.3M, RJ11 to 4.0x1.7 mm DC Plug,,$87 ,$75 
Sound Control Technologies,PPC-019-1.0M,PPC-019-1.0M, RJ11 to 4.0x1.7 mm DC Plug,,$87 ,$75 
Sound Control Technologies,PPC-019-2.0M,PPC-019-2.0M, RJ11 to 4.0x1.7 mm DC Plug,,$87 ,$75 
Sound Control Technologies,PPC-020-0.3M,PPC-020-0.3M, R/A 5.5mmx2.5mm DC Male to Female,,$87 ,$75 
Sound Control Technologies,PPC-020-1.0M,PPC-020-1.0M, R/A 5.5mmx2.5mm DC Male to Female,,$87 ,$75 
Sound Control Technologies,PPC-020-2.0M,PPC-020-2.0M, R/A 5.5mmx2.5mm DC Male to Female,,$87 ,$75 
Sound Control Technologies,PPC-022-0.3M,PPC-022-0.3M, RJ11 to 5.5x2.1mm DC Plug,,$87 ,$75 
Sound Control Technologies,PPC-022-1.0M,PPC-022-1.0M, RJ11 to 5.5x2.1mm DC Plug,,$87 ,$75 
Sound Control Technologies,PPC-022-2.0M,PPC-022-2.0M, RJ11 to 5.5x2.1mm DC Plug,,$87 ,$75 
Sound Control Technologies,PPC-023-0.3M,PPC-023-0.3M, RJ11 to 5.5x5.0x1.0mm EIAJ-IV DC Plug,,$87 ,$75 
Sound Control Technologies,PPC-023-1.0M,PPC-023-1.0M, RJ11 to 5.5x5.0x1.0mm EIAJ-IV DC Plug,,$87 ,$75 
Sound Control Technologies,PPC-023-2.0M,PPC-023-2.0M, RJ11 to 5.5x5.0x1.0mm EIAJ-IV DC Plug,,$87 ,$75 
Sound Control Technologies,PPC-024-0.4M,PPC-024-0.4M, 4-pin Mini-DIN to 6.5x3.0mm DC Plug,,$225 ,$195 
Sound Control Technologies,PPC-024-1.0M,PPC-024-1.0M, 4-pin Mini-DIN to 6.5x3.0mm DC Plug,,$225 ,$195 
Sound Control Technologies,PPC-024-2.0M,PPC-024-2.0M, 4-pin Mini-DIN to 6.5x3.0mm DC Plug,,$225 ,$195 
Sound Control Technologies,PPC-025-0.3M,PPC-025-0.3M, 5.5x2.5mm to R/A 5.5x2.1mm DC Plug,,$87 ,$75 
Sound Control Technologies,PPC-025-1.0M,PPC-025-1.0M, 5.5x2.5mm to R/A 5.5x2.1mm DC Plug,,$87 ,$75 
Sound Control Technologies,PPC-026-0.3M,PPC-026-0.3M, 5.5x2.5mm to R/A 5.5x5.0x1.0mm EIAJ-IV DC Plug,,$87 ,$75 
Sound Control Technologies,PPC-026-1.0M,PPC-026-1.0M, 5.5x2.5mm to R/A 5.5x5.0x1.0mm EIAJ-IV DC Plug,,$87 ,$75 
Sound Control Technologies,PPC-027-0.3M,PPC-027-0.3M, 5.5x2.5mm to R/A 5.5x2.5mm DC Plug,,$87 ,$75 
Sound Control Technologies,PPC-028-1.0M,PPC-028-1.0M, 6.5x3.0mm to 5.5x2.5mm DC Plug,,$87 ,$75 
Sound Control Technologies,PPC-028-2.0M,PPC-028-2.0M, 6.5x3.0mm to 5.5x2.5mm DC Plug,,$87 ,$75 
Sound Control Technologies,PPC-029-1.0M,PPC-029-1.0M, 6.5x3.0mm to 4.0x1.7mm DC Plug,,$87 ,$75 
Sound Control Technologies,PPC-029-2.0M,PPC-029-2.0M, 6.5x3.0mm to 4.0x1.7mm DC Plug,,$87 ,$75 
Sound Control Technologies,PPC-030-1.0M,PPC-030-1.0M, 6.5x3.0mm DC Plug to EIAJ-IV DC Plug,,$87 ,$75 
Sound Control Technologies,PPC-030-2.0M,PPC-030-2.0M, 6.5x3.0mm DC Plug to EIAJ-IV DC Plug,,$87 ,$75 
Sound Control Technologies,PPC-031-1.0M,PPC-031-1.0M, 6.5x3.0mm DC Plug to 5.5x2.1mm DC Plug,,$87 ,$75 
Sound Control Technologies,PPC-031-2.0M,PPC-031-2.0M, 6.5x3.0mm DC Plug to 5.5x2.1mm DC Plug,,$87 ,$75 
Sound Control Technologies,PPC-032-1.0M,PPC-032-1.0M, 6.5x3.0mm DC Plug to 5.5x2.5mm DC Plug,,$87 ,$75 
Sound Control Technologies,PPC-032-2.0M,PPC-032-2.0M, 6.5x3.0mm DC Plug to 5.5x2.5mm DC Plug,,$87 ,$75 
Sound Control Technologies,PPC-033-0.3M,PPC-033-0.3M, 6-pin RJ11 to 5.5x2.5mm DC Plug,,$87 ,$75 
Sound Control Technologies,PPC-033-2.0M,PPC-033-2.0M, 6-pin RJ11 to 5.5x2.5mm DC Plug,,$87 ,$75 
Sound Control Technologies,RC4-1BC,RC4-1BC,RemoteCam4þ [HDMI + Visca Control + 12V Camera Power],,"$5,503 ","$4,769 "
Sound Control Technologies,RC4-1BC-K,RC4-1BC-K,Project Pack: Includes RC4 Extension Kit + RCM-URM  On Wall Mount,,"$5,659 ","$5,039 "
Sound Control Technologies,RC4-1BC-KS,RC4-1BC-KS,Project Pack: Includes RC4 Extension Kit + RC-RK2 Rack Shelf + RCM-URM On Wall Mount,,"$6,074 ","$5,408 "
Sound Control Technologies,RC4-1BC-S,RC4-1BC-S,Project Pack: Includes RC4 Extension Kit + RC-RK2  Rack Shelf,,"$5,659 ","$5,039 "
Sound Control Technologies,RC4-APA,RC4-APA,RemoteCam4þ [HDMI + Visca Control + 12V Camera Power],,"$5,503 ","$4,769 "
Sound Control Technologies,RC4-APA-K,RC4-APA-K,Project Pack: Includes RC4 Extension Kit + RCM-URM  On Wall Mount,,"$5,659 ","$5,039 "
Sound Control Technologies,RC4-APA-KS,RC4-APA-KS,Project Pack: Includes RC4 Extension Kit + RC-RK2 Rack Shelf + RCM-URM On Wall Mount,,"$6,074 ","$5,408 "
Sound Control Technologies,RC4-APA-S,RC4-APA-S,Project Pack: Includes RC4 Extension Kit + RC-RK2  Rack Shelf,,"$5,659 ","$5,039 "
Sound Control Technologies,RC4-AS6,RC4-AS6,RemoteCam4þ [HDMI + Visca Control + 12V Camera Power],,"$5,503 ","$4,769 "
Sound Control Technologies,RC4-AS6-K,RC4-AS6-K,Project Pack: Includes RC4 Extension Kit + RCM-UNI  On Wall Mount,,"$5,659 ","$5,039 "
Sound Control Technologies,RC4-AS6-KS,RC4-AS6-KS,Project Pack: Includes RC4 Extension Kit + RC-RK2 Rack Shelf + RCM-UNI On Wall Mount,,"$6,074 ","$5,408 "
Sound Control Technologies,RC4-AS6-S,RC4-AS6-S,Project Pack: Includes RC4 Extension Kit + RC-RK2  Rack Shelf,,"$5,659 ","$5,039 "
Sound Control Technologies,RC4-CC6,RC4-CC6,RemoteCam4þ [HDMI + Visca Control + 12V Camera Power],,"$5,503 ","$4,769 "
Sound Control Technologies,RC4-CC6-K,RC4-CC6-K,Project Pack: Includes RC4 Extension Kit + RCM-URM  On Wall Mount,,"$5,659 ","$5,039 "
Sound Control Technologies,RC4-CC6-KS,RC4-CC6-KS,Project Pack: Includes RC4 Extension Kit + RC-RK2 Rack Shelf + RCM-URM On Wall Mount,,"$6,074 ","$5,408 "
Sound Control Technologies,RC4-CC6-S,RC4-CC6-S,Project Pack: Includes RC4 Extension Kit + RC-RK2  Rack Shelf,,"$5,659 ","$5,039 "
Sound Control Technologies,RC4-E4C,RC4-E4C,RemoteCam4þ [HDMI + Visca Control + 12V Camera Power],,"$5,503 ","$4,769 "
Sound Control Technologies,RC4-E4C-S,RC4-E4C-S,Project Pack: Includes RC4 Extension Kit + RC-RK2  Rack Shelf,,"$5,659 ","$5,039 "
Sound Control Technologies,RC4-E4P,RC4-E4P,RemoteCam4þ [HDMI + Visca Control + 12V Camera Power],,"$5,503 ","$4,769 "
Sound Control Technologies,RC4-E4P-K,RC4-E4P-K,Project Pack: Includes RC4 Extension Kit + RCM-EE4 On Wall Mount,,"$5,659 ","$5,039 "
Sound Control Technologies,RC4-E4P-KS,RC4-E4P-KS,Project Pack: Includes RC4 Extension Kit + RC-RK2 Rack Shelf + RCM-EE4 On Wall Mount,,"$6,074 ","$5,408 "
Sound Control Technologies,RC4-E4P-S,RC4-E4P-S,Project Pack: Includes RC4 Extension Kit + RC-RK2  Rack Shelf,,"$5,659 ","$5,039 "
Sound Control Technologies,RC4-HHV,RC4-HHV,RemoteCam4þ [HDMI + Visca Control + 12V Camera Power],,"$5,503 ","$4,769 "
Sound Control Technologies,RC4-HHV-K,RC4-HHV-K,Project Pack: Includes RC4 Extension Kit + RCM-URM  On Wall Mount,,"$5,659 ","$5,039 "
Sound Control Technologies,RC4-HHV-KS,RC4-HHV-KS,Project Pack: Includes RC4 Extension Kit + RC-RK2 Rack Shelf + RCM-URM On Wall Mount,,"$6,074 ","$5,408 "
Sound Control Technologies,RC4-HHV-S,RC4-HHV-S,Project Pack: Includes RC4 Extension Kit + RC-RK2  Rack Shelf,,"$5,659 ","$5,039 "
Sound Control Technologies,RC4-HST,RC4-HST,RemoteCam4þ [HDMI + Visca Control + 12V Camera Power],,"$5,503 ","$4,769 "
Sound Control Technologies,RC4-HST-K,RC4-HST-K,Project Pack: Includes RC4 Extension Kit + RCM-URM  On Wall Mount,,"$5,659 ","$5,039 "
Sound Control Technologies,RC4-HST-KS,RC4-HST-KS,Project Pack: Includes RC4 Extension Kit + RC-RK2 Rack Shelf + RCM-URM On Wall Mount,,"$6,074 ","$5,408 "
Sound Control Technologies,RC4-HST-S,RC4-HST-S,Project Pack: Includes RC4 Extension Kit + RC-RK2  Rack Shelf,,"$5,659 ","$5,039 "
Sound Control Technologies,RC4-P13,RC4-P13,RemoteCam4þ [HDMI + Visca Control + 12V Camera Power],,"$5,503 ","$4,769 "
Sound Control Technologies,RC4-P13-K,RC4-P13-K,Project Pack: Extension Kit + RCM-LCM Large Camera On Wall Mount,,"$5,918 ","$5,270 "
Sound Control Technologies,RC4-P13-KS,RC4-P13-KS,Project Pack: Includes RC4 Extension Kit + RC-RK2 Rack Shelf + RCM-LCM On Wall Mount,,"$6,334 ","$5,639 "
Sound Control Technologies,RC4-P13-S,RC4-P13-S,Project Pack: Includes RC4 Extension Kit + RC-RK2  Rack Shelf,,"$5,659 ","$5,039 "
Sound Control Technologies,RC4-P40,RC4-P40,RemoteCam4þ [HDMI + Visca Control + 12V Camera Power],,"$5,503 ","$4,769 "
Sound Control Technologies,RC4-P40-K,RC4-P40-K,Project Pack: Includes RC4 Extension Kit + RCM-UNI  On Wall Mount,,"$5,918 ","$5,270 "
Sound Control Technologies,RC4-P40-KS,RC4-P40-KS,Project Pack: Includes RC4 Extension Kit + RC-RK2 Rack Shelf + RCM-UNI On Wall Mount,,"$6,334 ","$5,639 "
Sound Control Technologies,RC4-P40-S,RC4-P40-S,Project Pack: Includes RC4 Extension Kit + RC-RK2  Rack Shelf,,"$5,659 ","$5,039 "
Sound Control Technologies,RC4-PHD,RC4-PHD,RemoteCam4þ [HDMI + Visca Control + 12V Camera Power],,"$5,503 ","$4,769 "
Sound Control Technologies,RC4-PHD-K,RC4-PHD-K,Project Pack: Includes RC4 Extension Kit + RCM-URM  On Wall Mount,,"$5,659 ","$5,039 "
Sound Control Technologies,RC4-PHD-KS,RC4-PHD-KS,Project Pack: Includes RC4 Extension Kit + RC-RK2 Rack Shelf + RCM-URM On Wall Mount,,"$6,074 ","$5,408 "
Sound Control Technologies,RC4-PHD-S,RC4-PHD-S,Project Pack: Includes RC4 Extension Kit + RC-RK2  Rack Shelf,,"$5,659 ","$5,039 "
Sound Control Technologies,RC4-Producer,RC4-Producer,RemoteCam4þ [HDMI + Visca Control + 12V Camera Power],,"$5,503 ","$4,769 "
Sound Control Technologies,RC4-PSA,RC4-PSA,RemoteCam4þ [HDMI + Visca Control + 12V Camera Power],,"$5,503 ","$4,769 "
Sound Control Technologies,RC4-PSA-K,RC4-PSA-K,Project Pack: Includes RC4 Extension Kit + RCM-URM  On Wall Mount,,"$5,659 ","$5,039 "
Sound Control Technologies,RC4-PSA-KS,RC4-PSA-KS,Project Pack: Includes RC4 Extension Kit + RC-RK2 Rack Shelf + RCM-URM On Wall Mount,,"$6,074 ","$5,408 "
Sound Control Technologies,RC4-PSA-S,RC4-PSA-S,Project Pack: Includes RC4 Extension Kit + RC-RK2  Rack Shelf,,"$5,659 ","$5,039 "
Sound Control Technologies,RC4-PSB,RC4-PSB,RemoteCam4þ [HDMI + Visca Control + 12V Camera Power],,"$5,503 ","$4,769 "
Sound Control Technologies,RC4-PSB-K,RC4-PSB-K,Project Pack: Includes RC4 Extension Kit + RCM-URM  On Wall Mount,,"$5,659 ","$5,039 "
Sound Control Technologies,RC4-PSB-KS,RC4-PSB-KS,Project Pack: Includes RC4 Extension Kit + RC-RK2 Rack Shelf + RCM-URM On Wall Mount,,"$6,074 ","$5,408 "
Sound Control Technologies,RC4-PSB-S,RC4-PSB-S,Project Pack: Includes RC4 Extension Kit + RC-RK2  Rack Shelf,,"$5,659 ","$5,039 "
Sound Control Technologies,RC4-PSX,RC4-PSX,RemoteCam4þ [HDMI + Visca Control + 12V Camera Power],,"$5,503 ","$4,769 "
Sound Control Technologies,RC4-PSX-K,RC4-PSX-K,Project Pack: Includes RC4 Extension Kit + RCM-URM  On Wall Mount,,"$5,659 ","$5,039 "
Sound Control Technologies,RC4-PSX-KS,RC4-PSX-KS,Project Pack: Includes RC4 Extension Kit + RC-RK2 Rack Shelf + RCM-URM On Wall Mount,,"$6,074 ","$5,408 "
Sound Control Technologies,RC4-PSX-S,RC4-PSX-S,Project Pack: Includes RC4 Extension Kit + RC-RK2  Rack Shelf,,"$5,659 ","$5,039 "
Sound Control Technologies,RC4-UNI,RC4-UNI,RemoteCam4þ [HDMI + Visca Control + 12V Camera Power],,"$5,503 ","$4,769 "
Sound Control Technologies,RC4-UNI-K,RC4-UNI-K,Project Pack: Includes RC4 Extension Kit + RCM-UNI  On Wall Mount,,"$5,659 ","$5,039 "
Sound Control Technologies,RC4-UNI-KS,RC4-UNI-KS,Project Pack: Includes RC4 Extension Kit + RC-RK2 Rack Shelf + RCM-UNI On Wall Mount,,"$6,074 ","$5,408 "
Sound Control Technologies,RC4-UNI-S,RC4-UNI-S,Project Pack: Includes RC4 Extension Kit + RC-RK2  Rack Shelf,,"$5,659 ","$5,039 "
Sound Control Technologies,RC4-URM,RC4-URM,RemoteCam4þ [HDMI + Visca Control + 12V Camera Power],,"$5,503 ","$4,769 "
Sound Control Technologies,RC4-URM-K,RC4-URM-K,Project Pack: Includes RC4 Extension Kit + RCM-URM  On Wall Mount,,"$5,659 ","$5,039 "
Sound Control Technologies,RC4-URM-KS,RC4-URM-KS,Project Pack: Includes RC4 Extension Kit + RC-RK2 Rack Shelf + RCM-URM On Wall Mount,,"$6,074 ","$5,408 "
Sound Control Technologies,RC4-URM-S,RC4-URM-S,Project Pack: Includes RC4 Extension Kit + RC-RK2  Rack Shelf,,"$5,659 ","$5,039 "
Sound Control Technologies,RC4-USM,RC4-USM,RemoteCam4þ [HDMI + Visca Control + 12V Camera Power],,"$5,503 ","$4,769 "
Sound Control Technologies,RC4-USM-K,RC4-USM-K,Project Pack: Includes RC4 Extension Kit + RCM-USM  On Wall Mount,,"$5,659 ","$5,039 "
Sound Control Technologies,RC4-USM-KS,RC4-USM-KS,Project Pack: Includes RC4 Extension Kit + RC-RK2 Rack Shelf + RCM-USM On Wall Mount,,"$6,074 ","$5,408 "
Sound Control Technologies,RC4-USM-S,RC4-USM-S,Project Pack: Includes RC4 Extension Kit + RC-RK2  Rack Shelf,,"$5,659 ","$5,039 "
Sound Control Technologies,RC5+UNI,RC5+UNI,"Includes RC5+HE/RC5+CE Modules, Cable Set & Power Supply",,"$7,597 ","$6,584 "
Sound Control Technologies,RC5-1BC,RC5-1BC,RemoteCam5þ [4K30 @ 70M/1080p60 @ 100M HDMI + IP Control + 12V Camera Power],,"$5,503 ","$4,769 "
Sound Control Technologies,RC5-1BC-K,RC5-1BC-K,Project Pack: Includes RC5 Extension Kit + RCM-URM  On Wall Mount,,"$5,659 ","$5,039 "
Sound Control Technologies,RC5-1BC-KS,RC5-1BC-KS,Project Pack: Includes RC5 Extension Kit + RC-RK2 Rack Shelf + RCM-URM On Wall Mount,,"$6,074 ","$5,408 "
Sound Control Technologies,RC5-1BC-S,RC5-1BC-S,Project Pack: Includes RC5 Extension Kit + RC-RK2  Rack Shelf,,"$5,659 ","$5,039 "
Sound Control Technologies,RC5-APA,RC5-APA,RemoteCam5þ [4K30 @ 70M/1080p60 @ 100M HDMI + IP Control + 12V Camera Power],,"$5,503 ","$4,769 "
Sound Control Technologies,RC5-APA-K,RC5-APA-K,Project Pack: Includes RC5 Extension Kit + RCM-UNI  On Wall Mount,,"$5,659 ","$5,039 "
Sound Control Technologies,RC5-APA-KS,RC5-APA-KS,Project Pack: Includes RC5 Extension Kit + RC-RK2 Rack Shelf + RCM-UNI On Wall Mount,,"$6,074 ","$5,408 "
Sound Control Technologies,RC5-APA-S,RC5-APA-S,Project Pack: Includes RC5 Extension Kit + RC-RK2  Rack Shelf,,"$5,659 ","$5,039 "
Sound Control Technologies,RC5-BCS,RC5-BCS,RemoteCam5þ [4K30 @ 70M/1080p60 @ 100M HDMI + IP Control + 12V Camera Power],,"$5,503 ","$4,769 "
Sound Control Technologies,RC5-BCS-S,RC5-BCS-S,Project Pack: Includes RC5 Extension Kit + RC-RK2  Rack Shelf,,"$5,659 ","$5,039 "
Sound Control Technologies,RC5-BRC,RC5-BRC,RemoteCam5þ [4K30 @ 70M/1080p60 @ 100M HDMI + IP Control + 12V Camera Power],,"$5,503 ","$4,769 "
Sound Control Technologies,RC5-BRC-K,RC5-BRC-K,Project Pack: Extension Kit + RCM-LCM Large Camera On Wall Mount,,"$5,918 ","$5,270 "
Sound Control Technologies,RC5-BRC-KS,RC5-BRC-KS,Project Pack: Includes RC5 Extension Kit + RC-RK2 Rack Shelf + RCM-LCM On Wall Mount,,"$6,334 ","$5,639 "
Sound Control Technologies,RC5-BRC-S,RC5-BRC-S,Project Pack: Includes RC5 Extension Kit + RC-RK2  Rack Shelf,,"$5,659 ","$5,039 "
Sound Control Technologies,RC5-CW4,RC5-CW4,RemoteCam5þ [4K30 @ 70M/1080p60 @ 100M HDMI + IP Control + 12V Camera Power],,"$5,503 ","$4,769 "
Sound Control Technologies,RC5-CW4-K,RC5-CW4-K,Project Pack: Includes RC5 Extension Kit + RCM-UNI  On Wall Mount,,"$5,659 ","$5,039 "
Sound Control Technologies,RC5-CW4-KS,RC5-CW4-KS,Project Pack: Includes RC5 Extension Kit + RC-RK2 Rack Shelf + RCM-UNI On Wall Mount,,"$6,074 ","$5,408 "
Sound Control Technologies,RC5-CW4-S,RC5-CW4-S,Project Pack: Includes RC5 Extension Kit + RC-RK2  Rack Shelf,,"$5,659 ","$5,039 "
Sound Control Technologies,RC5-HHV,RC5-HHV,RemoteCam5þ [4K30 @ 70M/1080p60 @ 100M HDMI + IP Control + 12V Camera Power],,"$5,503 ","$4,769 "
Sound Control Technologies,RC5-HHV-K,RC5-HHV-K,Project Pack: Includes RC5 Extension Kit + RCM-UNI  On Wall Mount,,"$5,659 ","$5,039 "
Sound Control Technologies,RC5-HHV-KS,RC5-HHV-KS,Project Pack: Includes RC5 Extension Kit + RC-RK2 Rack Shelf + RCM-UNI On Wall Mount,,"$6,074 ","$5,408 "
Sound Control Technologies,RC5-HHV-S,RC5-HHV-S,Project Pack: Includes RC5 Extension Kit + RC-RK2  Rack Shelf,,"$5,659 ","$5,039 "
Sound Control Technologies,RC5-HST,RC5-HST,RemoteCam5þ [4K30 @ 70M/1080p60 @ 100M HDMI + IP Control + 12V Camera Power],,"$5,503 ","$4,769 "
Sound Control Technologies,RC5-HST-K,RC5-HST-K,Project Pack: Includes RC5 Extension Kit + RCM-URM  On Wall Mount,,"$5,659 ","$5,039 "
Sound Control Technologies,RC5-HST-KS,RC5-HST-KS,Project Pack: Includes RC5 Extension Kit + RC-RK2 Rack Shelf + RCM-URM On Wall Mount,,"$6,074 ","$5,408 "
Sound Control Technologies,RC5-HST-S,RC5-HST-S,Project Pack: Includes RC5 Extension Kit + RC-RK2  Rack Shelf,,"$5,659 ","$5,039 "
Sound Control Technologies,RC5-P13,RC5-P13,RemoteCam5þ [4K30 @ 70M/1080p60 @ 100M HDMI + IP Control + 12V Camera Power],,"$5,503 ","$4,769 "
Sound Control Technologies,RC5-P13-K,RC5-P13-K,Project Pack: Extension Kit + RCM-LCM Large Camera On Wall Mount,,"$5,918 ","$5,270 "
Sound Control Technologies,RC5-P13-KS,RC5-P13-KS,Project Pack: Includes RC5 Extension Kit + RC-RK2 Rack Shelf + RCM-LCM On Wall Mount,,"$6,334 ","$5,639 "
Sound Control Technologies,RC5-P13-S,RC5-P13-S,Project Pack: Includes RC5 Extension Kit + RC-RK2  Rack Shelf,,"$5,659 ","$5,039 "
Sound Control Technologies,RC5-P40,RC5-P40,RemoteCam5þ [4K30 @ 70M/1080p60 @ 100M HDMI + IP Control + 12V Camera Power],,"$5,503 ","$4,769 "
Sound Control Technologies,RC5-P40-K,RC5-P40-K,Project Pack: Includes RC5 Extension Kit + RCM-UNI  On Wall Mount,,"$5,659 ","$5,039 "
Sound Control Technologies,RC5-P40-KS,RC5-P40-KS,Project Pack: Includes RC5 Extension Kit + RC-RK2 Rack Shelf + RCM-UNI On Wall Mount,,"$6,074 ","$5,408 "
Sound Control Technologies,RC5-P40-S,RC5-P40-S,Project Pack: Includes RC5 Extension Kit + RC-RK2  Rack Shelf,,"$5,659 ","$5,039 "
Sound Control Technologies,RC5-P60,RC5-P60,RemoteCam5þ [4K30 @ 70M/1080p60 @ 100M HDMI + IP Control + 12V Camera Power],,"$5,503 ","$4,769 "
Sound Control Technologies,RC5-P60-K,RC5-P60-K,Project Pack: Includes RC5 Extension Kit + RCM-CP6 On Wall Mount,,"$5,659 ","$5,039 "
Sound Control Technologies,RC5-P60-KS,RC5-P60-KS,Project Pack: Includes RC5 Extension Kit + RC-RK2 Rack Shelf + RCM-CP6 On Wall Mount,,"$6,074 ","$5,408 "
Sound Control Technologies,RC5-P60-S,RC5-P60-S,Project Pack: Includes RC5 Extension Kit + RC-RK2  Rack Shelf,,"$5,659 ","$5,039 "
Sound Control Technologies,RC5-UNI,RC5-UNI,RemoteCam5þ [4K30 @ 70M/1080p60 @ 100M HDMI + IP Control + 12V Camera Power],,"$5,503 ","$4,769 "
Sound Control Technologies,RC5-UNI-K,RC5-UNI-K,Project Pack: Includes RC5 Extension Kit + RCM-UNI  On Wall Mount,,"$5,659 ","$5,039 "
Sound Control Technologies,RC5-UNI-KS,RC5-UNI-KS,Project Pack: Includes RC5 Extension Kit + RC-RK2 Rack Shelf + RCM-UNI On Wall Mount,,"$6,074 ","$5,408 "
Sound Control Technologies,RC5-UNI-S,RC5-UNI-S,Project Pack: Includes RC5 Extension Kit + RC-RK2  Rack Shelf,,"$5,659 ","$5,039 "
Sound Control Technologies,RC5-URM,RC5-URM,RemoteCam5þ [4K30 @ 70M/1080p60 @ 100M HDMI + IP Control + 12V Camera Power],,"$5,503 ","$4,769 "
Sound Control Technologies,RC5-URM-K,RC5-URM-K,Project Pack: Includes RC5 Extension Kit + RCM-URM  On Wall Mount,,"$5,659 ","$5,039 "
Sound Control Technologies,RC5-URM-KS,RC5-URM-KS,Project Pack: Includes RC5 Extension Kit + RC-RK2 Rack Shelf + RCM-URM On Wall Mount,,"$6,074 ","$5,408 "
Sound Control Technologies,RC5-URM-S,RC5-URM-S,Project Pack: Includes RC5 Extension Kit + RC-RK2  Rack Shelf,,"$5,659 ","$5,039 "
Sound Control Technologies,RC5-USM,RC5-USM,RemoteCam5þ [4K30 @ 70M/1080p60 @ 100M HDMI + IP Control + 12V Camera Power],,"$5,503 ","$4,769 "
Sound Control Technologies,RC5-USM-K,RC5-USM-K,Project Pack: Includes RC5 Extension Kit + RCM-USM  On Wall Mount,,"$5,659 ","$5,039 "
Sound Control Technologies,RC5-USM-KS,RC5-USM-KS,Project Pack: Includes RC5 Extension Kit + RC-RK2 Rack Shelf + RCM-USM On Wall Mount,,"$6,074 ","$5,408 "
Sound Control Technologies,RC5-USM-S,RC5-USM-S,Project Pack: Includes RC5 Extension Kit + RC-RK2  Rack Shelf,,"$5,659 ","$5,039 "
Sound Control Technologies,RC8-CQC-CB-1.0M,RC8-CQC-CB-1.0M,"Cable Bundle: RC8-CQC : Right Angle HDMI/Ethernet/Power Cable Bundle, 1 Meter",,$398 ,$345 
Sound Control Technologies,RC8-CQC-CB-2.0M,RC8-CQC-CB-2.0M,"Cable Bundle: RC8-CQC : Right Angle HDMI/Ethernet/Power Cable Bundle, 2 Meter",,$554 ,$480 
Sound Control Technologies,RC8-CQC-F2,RC8-CQC-F2,"Includes Gen2 RC8-CE/HE Modules, Cable Set, Pwr Supply & RC-RKF2",,"$10,383 ","$8,998 "
Sound Control Technologies,RC8-CQC-F2-K,RC8-CQC-F2-K,"Includes Gen2 RC8-CE/HE Modules, Cable Set, Pwr Supply, RC-RKF2 & RC-CUBBY-CQC",,"$12,044 ","$10,724 "
Sound Control Technologies,RC8-CQC-F3,RC8-CQC-F3,"Includes Gen2 RC8-CE/HE Modules, Cable Set, Pwr Supply & RC-RKF3",,"$10,504 ","$9,103 "
Sound Control Technologies,RC8-CQC-F3-K,RC8-CQC-F3-K,"Includes Gen2 RC8-CE/HE Modules, Cable Set, Pwr Supply, RC-RKF3 & RC-CUBBY-CQC",,"$12,131 ","$10,801 "
Sound Control Technologies,RC8-CQC-PA,RC8-CQC-PA,"Includes Gen2 RC8-HE/CE Modules, Cable Set, Power Supply, RC-RKPA",,"$9,275 ","$8,039 "
Sound Control Technologies,RC8-CQC-PA-K,RC8-CQC-PA-K,"Includes Gen2 RC8-HE/CE Modules, Cable Set, Power Supply, RC-RKPA & RC-CUBBY-CQC",,"$10,365 ","$9,230 "
Sound Control Technologies,RCC-C001-0.3M,RCC-C001-0.3M, HDMI to HDMI,,$225 ,$195 
Sound Control Technologies,RCC-C001-0.5M,RCC-C001-0.5M, HDMI to HDMI,,$225 ,$195 
Sound Control Technologies,RCC-C002-0.3M,RCC-C002-0.3M, RJ45 to RJ45 (Rev.B),,$87 ,$75 
Sound Control Technologies,RCC-C003-0.4M,RCC-C003-0.4M, RJ11 to RJ11,,$87 ,$75 
Sound Control Technologies,RCC-C005-0.3M,RCC-C005-0.3M, RJ45 to 8-pin Mini-DIN + EIAJ-IV,,$225 ,$195 
Sound Control Technologies,RCC-C006-0.4M,RCC-C006-0.4M, 8-pin Mini-DIN-M to RJ11,,$225 ,$195 
Sound Control Technologies,RCC-C008-0.5M,RCC-C008-0.5M, RJ45 to 8-pin Mini-DIN + 6.5x3.0mm DC Plug,,$225 ,$195 
Sound Control Technologies,RCC-C009-0.4M,RCC-C009-0.4M, Cisco Unity to HDMI + RJ45,,$225 ,$195 
Sound Control Technologies,RCC-C009-1.0M,RCC-C009-1.0M, Cisco Unity to HDMI + RJ45,,$225 ,$195 
Sound Control Technologies,RCC-C009-2.0M,RCC-C009-2.0M, Cisco Unity to HDMI + RJ45,,$381 ,$330 
Sound Control Technologies,RCC-C011-0.3M,RCC-C011-0.3M, HDMI to 270¡ã R/A HDMI,,$225 ,$195 
Sound Control Technologies,RCC-C011-1.0M,RCC-C011-1.0M, HDMI to 270¡ã R/A HDMI,,$225 ,$195 
Sound Control Technologies,RCC-C011-2.0M,RCC-C011-2.0M, HDMI to 270¡ã R/A HDMI,,$225 ,$195 
Sound Control Technologies,RCC-C014-0.3M,RCC-C014-0.3M, HDMI to R/A HDMI,,$225 ,$195 
Sound Control Technologies,RCC-C014-1.0M,RCC-C014-1.0M, HDMI to R/A HDMI,,$225 ,$195 
Sound Control Technologies,RCC-C014-2.0M,RCC-C014-2.0M, HDMI to R/A HDMI,,$381 ,$330 
Sound Control Technologies,RCC-C015-0.4M,RCC-C015-0.4M, Flat Cat6 RJ45 to RJ45,,$87 ,$75 
Sound Control Technologies,RCC-C015-1.0M,RCC-C015-1.0M, Flat Cat6 RJ45 to RJ45,,$87 ,$75 
Sound Control Technologies,RCC-C015-2.0M,RCC-C015-2.0M, Flat Cat6 RJ45 to RJ45,,$87 ,$75 
Sound Control Technologies,RCC-C016-0.3M,RCC-C016-0.3M, 3.5mm TRS Audio Plug to R/A 3.5mm TRS Audio Plug,,$87 ,$75 
Sound Control Technologies,RCC-C016-2.0M,RCC-C016-2.0M, 3.5mm TRS Audio Plug to R/A 3.5mm TRS Audio Plug,,$87 ,$75 
Sound Control Technologies,RCC-C017-0.3M,RCC-C017-0.3M, 3.5mm TRRS Audio Plug to R/A 3.5mm TRRS Audio Plug,,$87 ,$75 
Sound Control Technologies,RCC-C018-1.0M,RCC-C018-1.0M, 3.5mm TRRS Audio Plug to 3.5mm TRRS Audio Plug,,$87 ,$75 
Sound Control Technologies,RCC-C030-0.4M,RCC-C030-0.4M, mini-HDCI to HDMI + RJ45,,$381 ,$330 
Sound Control Technologies,RCC-C030-1.0M,RCC-C030-1.0M, mini-HDCI to HDMI + RJ45,,$381 ,$330 
Sound Control Technologies,RCC-C030-2.0M,RCC-C030-2.0M, mini-HDCI to HDMI + RJ45,,$381 ,$330 
Sound Control Technologies,RCC-C033-0.4M,RCC-C033-0.4M, 6-pin Mini-DIN to 6-pin Mini-DIN,,$225 ,$195 
Sound Control Technologies,RCC-C033-1.0M,RCC-C033-1.0M, 6-pin Mini-DIN to 6-pin Mini-DIN,,$225 ,$195 
Sound Control Technologies,RCC-C033-2.0M,RCC-C033-2.0M, 6-pin Mini-DIN to 6-pin Mini-DIN,,$225 ,$195 
Sound Control Technologies,RCC-C037-0.3M,RCC-C037-0.3M, Cat6  RJ45 to R/A RJ45,,$87 ,$75 
Sound Control Technologies,RCC-C037-1.0M,RCC-C037-1.0M, Cat6 RJ45 to R/A RJ45,,$87 ,$75 
Sound Control Technologies,RCC-C037-2.0M,RCC-C037-2.0M, Cat6 RJ45 to R/A RJ45,,$87 ,$75 
Sound Control Technologies,RCC-C038-0.5M,RCC-C038-0.5M, HDCI-F to HDMI + RJ45 + 3.5mm TRS,,$225 ,$195 
Sound Control Technologies,RCC-C039-0.3M,RCC-C039-0.3M, 6-pin Mini-DIN to USB-A + RJ45,,$225 ,$195 
Sound Control Technologies,RCC-C039-1.0M,RCC-C039-1.0M, 6-pin Mini-DIN to USB-A + RJ45,,$225 ,$195 
Sound Control Technologies,RCC-C039-2.0M,RCC-C039-2.0M, 6-pin Mini-DIN to USB-A + RJ45,,$225 ,$195 
Sound Control Technologies,RCC-C040-0.3M,RCC-C040-0.3M, 6-pin Mini-DIN to RJ45,,$225 ,$195 
Sound Control Technologies,RCC-C040-2.0M,RCC-C040-2.0M, 6-pin Mini-DIN to RJ45,,$225 ,$195 
Sound Control Technologies,RCC-C042-0.3M,RCC-C042-0.3M, 9-pin Mini-DIN to RJ45,,$225 ,$195 
Sound Control Technologies,RCC-C042-2.0M,RCC-C042-2.0M, 9-pin Mini-DIN to RJ45,,$225 ,$195 
Sound Control Technologies,RCC-C044-0.3M,RCC-C044-0.3M,RJ45 to 8-pin Mini-DIN,,$225 ,$195 
Sound Control Technologies,RC-CEIL-P001-1,RC-CEIL-P001-1,Part: Ceiling Mount Part - Drop Tile (Camera Cradle) : Cisco PrecisionHD 12x/4x,,$363 ,$315 
Sound Control Technologies,RC-CEIL-P001-2,RC-CEIL-P001-2,Part: Ceiling Mount Part - Drop Tile (Camera Cradle) : Poly EagleEye IV,,$363 ,$315 
Sound Control Technologies,RC-CEIL-P001-3,RC-CEIL-P001-3,Part: Ceiling Mount Part - Drop Tile (Camera Cradle) : Universal,,$363 ,$315 
Sound Control Technologies,RCC-H001-1.0M,RCC-H001-1.0M, HDMI to HDMI,,$225 ,$195 
Sound Control Technologies,RCC-H001-2.0M,RCC-H001-2.0M, HDMI to HDMI,,$225 ,$195 
Sound Control Technologies,RCC-H001-3.0M,RCC-H001-3.0M, HDMI to HDMI,,$225 ,$195 
Sound Control Technologies,RCC-H003-1.0M,RCC-H003-1.0M, DB9-F to DB9-M,,$225 ,$195 
Sound Control Technologies,RCC-H009-1.0M,RCC-H009-1.0M, HDMI to DB9-F,,$225 ,$195 
Sound Control Technologies,RCC-H010-2.0M,RCC-H010-2.0M, DB9-F to DB9-F,,$225 ,$195 
Sound Control Technologies,RCC-H012-1.0M,RCC-H012-1.0M, DB9-F to RJ11,,$225 ,$195 
Sound Control Technologies,RCC-H013-3.0M,RCC-H013-3.0M, DB9-F to 8-pin Mini-DIN,,$225 ,$195 
Sound Control Technologies,RCC-H014-1.0M,RCC-H014-1.0M, 8-pin Mini-DIN to RJ45,,$225 ,$195 
Sound Control Technologies,RCC-H015-1.0M,RCC-H015-1.0M,RJ45 to DB9-F,,$225 ,$195 
Sound Control Technologies,RCC-H016-1.0M,RCC-H016-1.0M, RJ45 to RJ45,,$225 ,$195 
Sound Control Technologies,RCC-H030-1.0M,RCC-H030-1.0M, HDCI to HDMI + DB9-F,,$381 ,$330 
Sound Control Technologies,RCC-H038-1.0M,RCC-H038-1.0M, HDCI to DB9-F + HDMI + 3.5mm TRS,,$381 ,$330 
Sound Control Technologies,RCC-H039-1.0M,RCC-H039-1.0M, 6-pin Mini-DIN to USB-B + DB9-F,,$225 ,$195 
Sound Control Technologies,RCC-H039-2.0M,RCC-H039-2.0M, 6-pin Mini-DIN to USB-B + DB9-F,,$225 ,$195 
Sound Control Technologies,RC-CM,RC-CM,2 Gang Plate,,$173 ,$150 
Sound Control Technologies,RCC-M001-1.0M,RCC-M001-1.0M, DB9-F to DB9-F *Null Modem*,,$87 ,$75 
Sound Control Technologies,RCC-M002-1.0M,RCC-M002-1.0M, DB9-F to 3-pin 3.81mm EuroPlug,,$87 ,$75 
Sound Control Technologies,RCC-M003-0.3M,RCC-M003-0.3M," USB-A to USB-A, USB3.0",,$87 ,$75 
Sound Control Technologies,RCC-M003-1.0M,RCC-M003-1.0M," USB-A to USB-A, USB3.0",,$87 ,$75 
Sound Control Technologies,RCC-M004-0.3M,RCC-M004-0.3M," USB-A to USB-B, USB3.0",,$87 ,$75 
Sound Control Technologies,RCC-M004-1.0M,RCC-M004-1.0M," USB-A to USB-B, USB3.0",,$87 ,$75 
Sound Control Technologies,RCC-M005-0.3M,RCC-M005-0.3M," USB-A to USB-C, USB3.1",,$87 ,$75 
Sound Control Technologies,RCC-M005-1.0M,RCC-M005-1.0M," USB-A to USB-C, USB3.1",,$87 ,$75 
Sound Control Technologies,RCC-M006-0.3M,RCC-M006-0.3M," USB-A to USB-Micro-B, USB2.0",,$87 ,$75 
Sound Control Technologies,RCC-M006-1.0M,RCC-M006-1.0M," USB-A to USB-Micro-B, USB2.0",,$87 ,$75 
Sound Control Technologies,RCC-M006-2.0M,RCC-M006-2.0M," USB-A to USB-Micro-B, USB2.0",,$87 ,$75 
Sound Control Technologies,RCC-M007-0.3M,RCC-M007-0.3M," USB-A to USB-MINI-B, USB2.0",,$87 ,$75 
Sound Control Technologies,RCC-M007-1.0M,RCC-M007-1.0M," USB-A to USB-MINI-B, USB2.0",,$87 ,$75 
Sound Control Technologies,RCC-M008-0.3M,RCC-M008-0.3M," USB-A to USB-B, USB3.0",,$87 ,$75 
Sound Control Technologies,RCC-M008-1.0M,RCC-M008-1.0M," USB-A to USB-B, USB3.0",,$87 ,$75 
Sound Control Technologies,RCC-M009,RCC-M009, RJ45-F to DB9-F  Adapter,,$225 ,$195 
Sound Control Technologies,RCC-M010-1.0M,RCC-M010-1.0M, RJ11 6P6C-S to RJ11 6P6C-S,,$87 ,$75 
Sound Control Technologies,RCC-M010-3.0M,RCC-M010-3.0M, RJ11 6P6C-S to RJ11 6P6C-S,,$87 ,$75 
Sound Control Technologies,RCC-M012-2.0M,RCC-M012-2.0M," USB-B to USB-C, USB3.0 (Not USB2.0)",,$87 ,$75 
Sound Control Technologies,RCC-M013-1.0M,RCC-M013-1.0M, USB-A 2.0 to RS-232 3-pin 3.81mm Euroblock Plug,,$87 ,$75 
Sound Control Technologies,RCC-M014-1.0M,RCC-M014-1.0M," USB-B to USB-C, USB2.0",,$87 ,$75 
Sound Control Technologies,RCC-M014-2.0M,RCC-M014-2.0M," USB-B to USB-C, USB2.0",,$87 ,$75 
Sound Control Technologies,RCC-M015-0.3M,RCC-M015-0.3M, USB-C to Locking USB-C,,$87 ,$75 
Sound Control Technologies,RCC-M015-1.0M,RCC-M015-1.0M, USB-C to Locking USB-C,,$87 ,$75 
Sound Control Technologies,RCC-M015-2.0M,RCC-M015-2.0M, USB-C to Locking USB-C,,$87 ,$75 
Sound Control Technologies,RCC-M016-0.3M,RCC-M016-0.3M, Locking USB-C to Locking USB-C,,$87 ,$75 
Sound Control Technologies,RCC-M017-0.3M,RCC-M017-0.3M, USB-A 3.0 to Locking USB-C,,$87 ,$75 
Sound Control Technologies,RCC-M017-1.0M,RCC-M017-1.0M, USB-A 3.0 to Locking USB-C,,$87 ,$75 
Sound Control Technologies,RCC-M017-2.0M,RCC-M017-2.0M, USB-A 3.0 to Locking USB-C,,$87 ,$75 
Sound Control Technologies,RCC-M018-0.3M,RCC-M018-0.3M, USB-B 3.0 to Locking USB-C,,$87 ,$75 
Sound Control Technologies,RCC-M019-1.0M,RCC-M019-1.0M, 3-pin Euroblock plug to 3-pin Euroblock plug,,$87 ,$75 
Sound Control Technologies,RCC-M020 ,RCC-M020 , USB-A(F) 3.0 to USB-C,,$87 ,$75 
Sound Control Technologies,RCC-M021-1.0M,RCC-M021-1.0M, 3.5mm TRS Audio Plug to 3-pin 3.5mm Euroblock,,$87 ,$75 
Sound Control Technologies,RC-CUBBY-ADP1-0,RC-CUBBY-ADP1-0,Part - Adapter Plate - Director 2,,$121 ,$105 
Sound Control Technologies,RC-CUBBY-ADP2-0,RC-CUBBY-ADP2-0,Part - Adapter Plate - Quadcam,,$121 ,$105 
Sound Control Technologies,RC-CUBBY-BBX-1,RC-CUBBY-BBX-1,Part - Backbox V1 : Universal,,$831 ,$720 
Sound Control Technologies,RC-CUBBY-BBX-2,RC-CUBBY-BBX-2,Part - Backbox V2 : Universal,,$831 ,$720 
Sound Control Technologies,RC-CUBBY-BBZ1-0,RC-CUBBY-BBZ1-0,Part - Front Bezel : Poly Director 2,,$363 ,$315 
Sound Control Technologies,RC-CUBBY-BBZ1-1,RC-CUBBY-BBZ1-1,Part - Front Bezel : Cisco Quadcam,,$363 ,$315 
Sound Control Technologies,RC-CUBBY-BPC,RC-CUBBY-BPC,RC-CUBBYþ On Wall Mount : Biamp Parl¨¦ VBC 2500,,"$1,748 ","$1,515 "
Sound Control Technologies,RC-CUBBY-BRC,RC-CUBBY-BRC,RC-CUBBYþ On Wall Mount : Sony BRC/SRG + Panasonic AW-HE130/150,,"$1,748 ","$1,515 "
Sound Control Technologies,RC-CUBBY-CP6,RC-CUBBY-CP6,RC-CUBBYþ On Wall Mount : Cisco P60,,"$1,748 ","$1,515 "
Sound Control Technologies,RC-CUBBY-CQC,RC-CUBBY-CQC,RC-CUBBYþ On Wall Mount : Cisco Quadcam,,"$1,748 ","$1,515 "
Sound Control Technologies,RC-CUBBY-CRB,RC-CUBBY-CRB,RC-CUBBYþ On Wall Mount : Cisco Room Bar,,"$1,748 ","$1,515 "
Sound Control Technologies,RC-CUBBY-CRBP,RC-CUBBY-CRBP,RC-CUBBYþ On Wall Mount : Cisco Room Bar Pro,,"$1,748 ","$1,515 "
Sound Control Technologies,RC-CUBBY-E70,RC-CUBBY-E70,RC-CUBBYþ On Wall Mount : Poly Studio E70,,"$1,748 ","$1,515 "
Sound Control Technologies,RC-CUBBY-EE4,RC-CUBBY-EE4,RC-CUBBYþ On Wall Mount : Poly EagleEye IV,,"$1,748 ","$1,515 "
Sound Control Technologies,RC-CUBBY-MINI,RC-CUBBY-MINI,RC-CUBBYþ On Wall Mount : Cisco RoomKit Mini,,"$1,748 ","$1,515 "
Sound Control Technologies,RC-CUBBY-PD2,RC-CUBBY-PD2,RC-CUBBYþ On Wall Mount : Poly Director 2 / 1Beyond Hawk,,"$1,748 ","$1,515 "
Sound Control Technologies,RC-CUBBY-RK,RC-CUBBY-RK,RC-CUBBYþ On Wall Mount : Cisco RoomKit,,"$1,748 ","$1,515 "
Sound Control Technologies,RC-CUBBY-SE,RC-CUBBY-SE,Part : RC7/RC8-CE Safety Enclosure. Used in conjunction with RC-CUBBY,,"$1,177 ","$1,020 "
Sound Control Technologies,RC-CUBBY-ST6,RC-CUBBY-ST6,RC-CUBBYþ On Wall Mount : Cisco SpeakerTrack 60,,"$1,938 ","$1,680 "
Sound Control Technologies,RC-EDA,RC-EDA,Disti Amp: Dual Output HDMI DA with CEC to RS-232 and Ethernet Conversion,,"$4,378 ","$3,794 "
Sound Control Technologies,RCF1-CW4,RCF1-CW4,"Fiber Transport of HDMI Video + Ethernet Control + Serial Visca Loop + 12V Output + ARC/Analog Audio I/O + HDMI Distribution Amp, 300m",,"$10,141 ","$8,788 "
Sound Control Technologies,RCF1-E4P,RCF1-E4P,"Fiber Transport of HDMI Video + Ethernet Control + Serial Visca Loop + 12V Output + ARC/Analog Audio I/O + HDMI Distribution Amp, 300m",,"$10,141 ","$8,788 "
Sound Control Technologies,RCF1-P60,RCF1-P60,"Fiber Transport of HDMI Video + Ethernet Control + Serial Visca Loop + 12V Output + ARC/Analog Audio I/O + HDMI Distribution Amp, 300m",,"$10,141 ","$8,788 "
Sound Control Technologies,RCF1-UNI,RCF1-UNI,"Fiber Transport of HDMI Video + Ethernet Control + Serial Visca Loop + 12V Output + ARC/Analog Audio I/O + HDMI Distribution Amp, 300m",,"$10,141 ","$8,788 "
Sound Control Technologies,RCF2-CQC,RCF2-CQC,"Fiber Transport of Dual HDMI Video + Ethernet Control + Serial Visca Loop + 12V Output + ARC/Analog Audio I/O + Dual HDMI Distribution Amp, 300m",,"$13,255 ","$11,488 "
Sound Control Technologies,RCF2-CST,RCF2-CST,"Fiber Transport of Dual HDMI Video + Ethernet Control + Serial Visca Loop + 12V Output + ARC/Analog Audio I/O + Dual HDMI Distribution Amp, 300m",,"$13,255 ","$11,488 "
Sound Control Technologies,RCM-Bracket-Set,RCM-Bracket-Set,[2] front mount L-brackets w/ 2 pan head screws,,$69 ,$60 
Sound Control Technologies,RCM-CP6,RCM-CP6,RCMþ On Wall Mount : Cisco Precision60,,$467 ,$405 
Sound Control Technologies,RCM-CQC,RCM-CQC,RCMþ On Wall Mount : Cisco QuadCam,,"$1,004 ",$870 
Sound Control Technologies,RCM-E70,RCM-E70,RCMþ On Wall Mount : Poly Studio E70,,$467 ,$405 
Sound Control Technologies,RCM-EE1,RCM-EE1,"RCMþ On Wall Mount : Poly EagleEye I, II, III",,$467 ,$405 
Sound Control Technologies,RCM-EE4,RCM-EE4,RCMþ On Wall Mount : Poly EagleEye IV (Does not fit the EagleEye USB Camera),,$467 ,$405 
Sound Control Technologies,RCM-L10,RCM-L10,RCMþ On Wall Mount : Lifesize 10X,,$467 ,$405 
Sound Control Technologies,RCM-LCM,RCM-LCM,RCMþ On Wall Mount : Large Camera Mount,,$796 ,$690 
Sound Control Technologies,RCM-LRC,RCM-LRC,RCMþ On Wall Mount : Logitech RallyCam,,$467 ,$405 
Sound Control Technologies,RCM-PRO,RCM-PRO,RCMþ On Wall Mount : Logitech PTZ Pro2,,$467 ,$405 
Sound Control Technologies,RCM-SD3,RCM-SD3,RCMþ On Wall Mount : Avaya Deluxe/Flex,,$467 ,$405 
Sound Control Technologies,RCM-UNI,RCM-UNI,RCMþ On Wall Mount : Universal Round Camera Base,,$467 ,$405 
Sound Control Technologies,RCM-URM,RCM-URM,RCMþ On Wall Mount : Universal Rectangular Camera Base,,$467 ,$405 
Sound Control Technologies,RCM-URMX,RCM-URMX,RCMþ On Wall Mount : Larger Universal Rectangular Camera Base,,$467 ,$405 
Sound Control Technologies,RCM-USM,RCM-USM,RCMþ On Wall Mount : Universal Square Camera Base,,$467 ,$405 
Sound Control Technologies,RCP-CQC-W,RCP-CQC-W,"Pole Mount for Cisco Quad Camera, White",,"$1,609 ","$1,395 "
Sound Control Technologies,RCP-CW4-W,RCP-CW4-W,"Inverted Pole Mount Cisco PTZ-4K Camera, White",,"$1,419 ","$1,230 "
Sound Control Technologies,RCR-BEZ,RCR-BEZ,Part: Bezel,,$934 ,$810 
Sound Control Technologies,RCR-BX1,RCR-BX1,Part: Backbox,,$934 ,$810 
Sound Control Technologies,"RCR-CP6-""X""","RCR-CP6-""X""","RCRþ In Wall Mount : Cisco Precision 60:  X= (B)Black Front Bezel, (W)White Front Bezel",,"$1,748 ","$1,515 "
Sound Control Technologies,RCR-CQC,RCR-CQC,RCRþ In Wall Mount : Cisco Quadcam:  (W)White Front Bezel,,"$1,748 ","$1,515 "
Sound Control Technologies,RCR-CQC-R,RCR-CQC-R,RCRþ In Wall Mount : Cisco Quadcam:  Quadcam Retrofit Shelf for an existing RCR backbox,,$934 ,$810 
Sound Control Technologies,"RCR-EE1-""X""","RCR-EE1-""X""","RCRþ In Wall Mount : Poly EagleEye I/II/III: X= (B)Black Front Bezel, (W)White Front Bezel",,"$1,748 ","$1,515 "
Sound Control Technologies,"RCR-EE4-""X""","RCR-EE4-""X""","RCRþ In Wall Mount : Poly EagleEye IV: X= (B)Black Front Bezel, (W)White Front Bezel",,"$1,748 ","$1,515 "
Sound Control Technologies,RC-RK2,RC-RK2,"Rack Shelf: 1RU: 2 Head-End Modules (RCU2, RCP, RC4, RC5)",,$467 ,$405 
Sound Control Technologies,RC-RK4,RC-RK4,"Rack Shelf: 1RU: 4 Head-End Modules (RCU2, RCP, RC4, RC5)",,$796 ,$690 
Sound Control Technologies,RC-RKB,RC-RKB,Part: Rack Mount Blank,,$35 ,$30 
Sound Control Technologies,RC-RKC,RC-RKC,"Rack Shelf: 2RU: Codec+ Head-End Module. Cisco SX20, Polycom 300/500 Avaya XT5000/7105",,$934 ,$810 
Sound Control Technologies,RC-RKF1,RC-RKF1,"Flat-pack, dual RU rack shelf purpose-built for Poly codecs and compatible with a wide range of SCT modules",,"$1,834 ","$1,590 "
Sound Control Technologies,RC-RKF2,RC-RKF2,"Flat-pack, dual RU rack shelf purpose-built for Cisco Cross-View-related Cisco gear and SCT modules",,"$1,644 ","$1,425 "
Sound Control Technologies,RC-RKF3,RC-RKF3,"Flat-pack, dual RU rack shelf purpose-built for Cisco Codec EQ¡¯s and compatible with a wide range of SCT modules",,"$1,765 ","$1,530 "
Sound Control Technologies,RC-RKM,RC-RKM,"Rack Shelf: 2RU: Universal - Codec Plus/G7500 + RC4/5/6/7/8 Modules RC-RKMþ Rack Shelf Accommodating a combination of RC6-HE, RC7-HE, RC8-HE, RC4-HE, RC5-HE, RCU2-HE, RC-Scaler, RS-SDA or RTK-RX modules and one small form factor codec",,$865 ,$750 
Sound Control Technologies,RC-RKM0-7500,RC-RKM0-7500,Part: Poly G7500 Retaining Plate for RC-RKM Rackmount,,$225 ,$195 
Sound Control Technologies,RC-RKM0-PLUS,RC-RKM0-PLUS,Part: Cisco Codec Plus Retaining Plate for RC-RKM Rackmount,,$225 ,$195 
Sound Control Technologies,RC-RKPA,RC-RKPA,Two-piece rack shelf designed to securely house the RTK-AM1 codec-to-table extension kit and its power supply.,,$467 ,$405 
Sound Control Technologies,"RCR-L10-""X""","RCR-L10-""X""","RCRþ In Wall Mount : Lifesize 10X: X= (B)Black Front Bezel, (W)White Front Bezel",,"$1,748 ","$1,515 "
Sound Control Technologies,"RCR-LRC-""X""","RCR-LRC-""X""","RCRþ In Wall Mount : Logitech Rally: X= (B)Black Front Bezel, (W)White Front Bezel",,"$1,748 ","$1,515 "
Sound Control Technologies,"RCR-LS4-""X""","RCR-LS4-""X""","RCRþ In Wall Mount : Lifesize Icon 400/450: X= (B)Black Front Bezel, (W)White Front Bezel",,"$1,748 ","$1,515 "
Sound Control Technologies,"RCR-SD2-""X""","RCR-SD2-""X""","RCRþ In Wall Mount : Sony EVI-H100s: X= (B)Black Front Bezel, (W)White Front Bezel",,"$1,748 ","$1,515 "
Sound Control Technologies,"RCR-SD3-""X""","RCR-SD3-""X""","RCRþ In Wall Mount : Sony EVI-HD3/7: X= (B)Black Front Bezel, (W)White Front Bezel",,"$1,748 ","$1,515 "
Sound Control Technologies,RCR-SHLF-X,RCR-SHLF-X,"Part: Camera Shelf (""X"" = camera type)",,$225 ,$195 
Sound Control Technologies,"RCR-UNI-""X""","RCR-UNI-""X""","RCRþ In Wall Mount : Round Base Cameras: X= (B)Black Front Bezel, (W)White Front Bezel",,"$1,748 ","$1,515 "
Sound Control Technologies,"RCR-URM-""X""","RCR-URM-""X""","RCRþ In Wall Mount : Rectangular Base Cameras: X= (B)Black Front Bezel, (W)White Front Bezel",,"$1,748 ","$1,515 "
Sound Control Technologies,RC-SDA Gen3,RC-SDA Gen3,Disti Amp: Poly EEIV HDCI to BYOD HDMI Interface. 4k60 capable + Visca/Poly Serial Transcoder,,"$3,997 ","$3,464 "
Sound Control Technologies,RC-SDA+ Gen2,RC-SDA+ Gen2,Disti Amp: Poly EagleEye IV to BYOD USB3 Media Bridge. ,,"$5,139 ","$4,454 "
Sound Control Technologies,RC-SDA4+,RC-SDA4+,RC-SDA4+ Head-End Module Only,,"$3,997 ","$3,464 "
Sound Control Technologies,RC-SDA4+E4P,RC-SDA4+E4P,"Kit Includes RC-SDA4+/RC4-CE Modules, Cable Set & Power Supply",,"$6,662 ","$5,774 "
Sound Control Technologies,RC-SDA4+P40,RC-SDA4+P40,"Kit Includes RC-SDA4+/RC4-CE Modules, Cable Set & Power Supply",,"$6,662 ","$5,774 "
Sound Control Technologies,RC-SDA4+UNI,RC-SDA4+UNI,"Kit Includes RC-SDA4+/RC4-CE Modules, Cable Set & Power Supply",,"$6,662 ","$5,774 "
Sound Control Technologies,RC-SDA4+URM,RC-SDA4+URM,"Kit Includes RC-SDA4+/RC4-CE Modules, Cable Set & Power Supply",,"$6,662 ","$5,774 "
Sound Control Technologies,RC-SDA4+USM,RC-SDA4+USM,"Kit Includes RC-SDA4+/RC4-CE Modules, Cable Set & Power Supply",,"$6,662 ","$5,774 "
Sound Control Technologies,RC-SDA5+,RC-SDA5+,RC-SDA5+ Head-End Module Only,,"$3,997 ","$3,464 "
Sound Control Technologies,RC-SDA5+CW4,RC-SDA5+CW4,"Kit Includes RC-SDA5+ HE/RC5-CE Modules, Cable Set & Power Supply",,"$6,662 ","$5,774 "
Sound Control Technologies,RC-SDA5+P40,RC-SDA5+P40,"Kit Includes RC-SDA5+ HE/RC5-CE Modules, Cable Set & Power Supply",,"$6,662 ","$5,774 "
Sound Control Technologies,RC-SDA5+P60,RC-SDA5+P60,"Kit Includes RC-SDA5+ HE/RC5-CE Modules, Cable Set & Power Supply",,"$6,662 ","$5,774 "
Sound Control Technologies,RC-SDA5+UNI,RC-SDA5+UNI,"Kit Includes RC-SDA5+ HE/RC5-CE Modules, Cable Set & Power Supply",,"$6,662 ","$5,774 "
Sound Control Technologies,RC-SDA5+URM,RC-SDA5+URM,"Kit Includes RC-SDA5+ HE/RC5-CE Modules, Cable Set & Power Supply",,"$6,662 ","$5,774 "
Sound Control Technologies,RC-SDA5+USM,RC-SDA5+USM,"Kit Includes RC-SDA5+ HE/RC5-CE Modules, Cable Set & Power Supply",,"$6,662 ","$5,774 "
Sound Control Technologies,RC-SDA-PE4,RC-SDA-PE4,Disti Amp: Poly EEIV HDCI to BYOD HDMI Interface. 4k60 capable + Visca/Poly Serial Transcoder. EEIV Direct Connection Adapter,,"$4,101 ","$3,554 "
Sound Control Technologies,RCS-EE4,RCS-EE4,RCSþ Ceiling Mount - Dry Wall : Poly EagleEye IV,,"$1,419 ","$1,230 "
Sound Control Technologies,RCS-PH1,RCS-PH1,RCSþ Ceiling Mount - Dry Wall : Cisco PrecisionHD 12x/4x,,"$1,419 ","$1,230 "
Sound Control Technologies,RCS-UNI,RCS-UNI,RCSþ Ceiling Mount - Dry Wall : Universal Round Camera Base,,"$1,419 ","$1,230 "
Sound Control Technologies,RCT-EE4,RCT-EE4,RCTþ Ceiling Mount - Drop Tile : Poly EagleEye IV,,"$1,419 ","$1,230 "
Sound Control Technologies,RCT-PH1,RCT-PH1,RCTþ Ceiling Mount - Drop Tile : Cisco PrecisionHD 12x/4x,,"$1,419 ","$1,230 "
Sound Control Technologies,RCT-UNI,RCT-UNI,RCTþ Ceiling Mount - Drop Tile : Universal Round Camera Base,,"$1,419 ","$1,230 "
Sound Control Technologies,RCU2E-A00,RCU2E-A00,"Includes RCU2E-HE/RCU2E-CE Modules, Cable Set & Power Supply",,"$4,378 ","$3,794 "
Sound Control Technologies,RCU2E-A40,RCU2E-A40,"Includes RCU2E-HE/RCU2E-CE Modules, Cable Set & Power Supply",,"$4,378 ","$3,794 "
Sound Control Technologies,RCU2E-B00,RCU2E-B00,"Includes RCU2E-HE/RCU2E-CE Modules, Cable Set & Power Supply",,"$4,378 ","$3,794 "
Sound Control Technologies,RCU2E-B30,RCU2E-B30,"Includes RCU2E-HE/RCU2E-CE Modules, Cable Set & Power Supply",,"$4,378 ","$3,794 "
Sound Control Technologies,RCU2E-B40,RCU2E-B40,"Includes RCU2E-HE/RCU2E-CE Modules, Cable Set & Power Supply",,"$4,378 ","$3,794 "
Sound Control Technologies,RCU2E-C00,RCU2E-C00,"Includes RCU2E-HE/RCU2E-CE Modules, Cable Set & Power Supply",,"$4,378 ","$3,794 "
Sound Control Technologies,RCU2E-C40,RCU2E-C40,"Includes RCU2E-HE/RCU2E-CE Modules, Cable Set & Power Supply",,"$4,378 ","$3,794 "
Sound Control Technologies,RCU2E-C50,RCU2E-C50,"Includes RCU2E-HE/RCU2E-CE Modules, Cable Set & Power Supply",,"$4,378 ","$3,794 "
Sound Control Technologies,RCU2S-A10,RCU2S-A10,"Includes RCU2S-HE/RCU2S-CE Modules, Cable Set & Power Supply",,"$2,942 ","$2,550 "
Sound Control Technologies,RCU2S-AA8,RCU2S-AA8,"Includes RCU2S-HE/RCU2S-CE Modules, Cable Set & Power Supply",,"$2,942 ","$2,550 "
Sound Control Technologies,RCU2S-B00,RCU2S-B00,"Includes RCU2S-HE/RCU2S-CE Modules, Cable Set & Power Supply",,"$2,942 ","$2,550 "
Sound Control Technologies,RCU2S-B10,RCU2S-B10,"Includes RCU2S-HE/RCU2S-CE Modules, Cable Set & Power Supply",,"$2,942 ","$2,550 "
Sound Control Technologies,RCU2S-B1B6,RCU2S-B1B6,"Includes RCU2S-HE/RCU2S-CE Modules, Cable Set & Power Supply",,"$2,942 ","$2,550 "
Sound Control Technologies,RCU2S-B20,RCU2S-B20,"Includes RCU2S-HE/RCU2S-CE Modules, Cable Set & Power Supply",,"$2,942 ","$2,550 "
Sound Control Technologies,RCU2S-B2A8,RCU2S-B2A8,"Includes RCU2S-HE/RCU2S-CE Modules, Cable Set & Power Supply",,"$2,942 ","$2,550 "
Sound Control Technologies,RCU2S-BA8,RCU2S-BA8,"Includes RCU2S-HE/RCU2S-CE Modules, Cable Set & Power Supply",,"$2,942 ","$2,550 "
Sound Control Technologies,RCU2S-BPC,RCU2S-BPC,"Includes RCU2S-HE/RCU2S-CE Modules, Cable Set & Power Supply",,"$2,942 ","$2,550 "
Sound Control Technologies,RCU2S-C00,RCU2S-C00,"Includes RCU2S-HE/RCU2S-CE Modules, Cable Set & Power Supply",,"$2,942 ","$2,550 "
Sound Control Technologies,RCU2S-C10,RCU2S-C10,"Includes RCU2S-HE/RCU2S-CE Modules, Cable Set & Power Supply",,"$2,942 ","$2,550 "
Sound Control Technologies,RCU2S-C20,RCU2S-C20,"Includes RCU2S-HE/RCU2S-CE Modules, Cable Set & Power Supply",,"$2,942 ","$2,550 "
Sound Control Technologies,RCU2S-C2B6,RCU2S-C2B6,"Includes RCU2S-HE/RCU2S-CE Modules, Cable Set & Power Supply",,"$2,942 ","$2,550 "
Sound Control Technologies,RCU2S-C30,RCU2S-C30,"Includes RCU2S-HE/RCU2S-CE Modules, Cable Set & Power Supply",,"$2,942 ","$2,550 "
Sound Control Technologies,RCU2S-CA8,RCU2S-CA8,"Includes RCU2S-HE/RCU2S-CE Modules, Cable Set & Power Supply",,"$2,942 ","$2,550 "
Sound Control Technologies,RCU2S-CC8,RCU2S-CC8,"Includes RCU2S-HE/RCU2S-CE Modules, Cable Set & Power Supply",,"$2,942 ","$2,550 "
Sound Control Technologies,RCU2S-E10,RCU2S-E10,"Includes RCU2S-HE/RCU2S-CE Modules, Cable Set & Power Supply",,"$2,942 ","$2,550 "
Sound Control Technologies,RCU2S-E1B6,RCU2S-E1B6,"Includes RCU2S-HE/RCU2S-CE Modules, Cable Set & Power Supply",,"$2,942 ","$2,550 "
Sound Control Technologies,RCU2S-E4C,RCU2S-E4C,"Includes RCU2S-HE/RCU2S-CE Modules, Cable Set & Power Supply",,"$2,942 ","$2,550 "
Sound Control Technologies,RCU2S-E4U,RCU2S-E4U,"Includes RCU2S-HE/RCU2S-CE Modules, Cable Set & Power Supply",,"$2,942 ","$2,550 "
Sound Control Technologies,RCU2S-EA8,RCU2S-EA8,"Includes RCU2S-HE/RCU2S-CE Modules, Cable Set & Power Supply",,"$2,942 ","$2,550 "
Sound Control Technologies,RCU2S-G30,RCU2S-G30,"Includes RCU2S-HE/RCU2S-CE Modules, Cable Set & Power Supply",,"$2,942 ","$2,550 "
Sound Control Technologies,RCU2S-GC8,RCU2S-GC8,"Includes RCU2S-HE/RCU2S-CE Modules, Cable Set & Power Supply",,"$2,942 ","$2,550 "
Sound Control Technologies,RCU2S-H00,RCU2S-H00,"Includes RCU2S-HE/RCU2S-CE Modules, Cable Set & Power Supply",,"$2,942 ","$2,550 "
Sound Control Technologies,RCU2S-J50,RCU2S-J50,"Includes RCU2S-HE/RCU2S-CE Modules, Cable Set & Power Supply",,"$2,942 ","$2,550 "
Sound Control Technologies,RCU2S-LMU,RCU2S-LMU,"Includes RCU2S-HE/RCU2S-CE Modules, Cable Set & Power Supply",,"$2,942 ","$2,550 "
Sound Control Technologies,RCU2S-LRC,RCU2S-LRC,"Includes RCU2S-HE/RCU2S-CE Modules, Cable Set & Power Supply",,"$2,942 ","$2,550 "
Sound Control Technologies,RCU2S-PD2,RCU2S-PD2,"Includes RCU2S-HE/RCU2S-CE Modules, Cable Set & Power Supply",,"$2,942 ","$2,550 "
Sound Control Technologies,RCU2S-PRO,RCU2S-PRO,"Includes RCU2S-HE/RCU2S-CE Modules, Cable Set & Power Supply",,"$2,942 ","$2,550 "
Sound Control Technologies,RCU2S-PSU,RCU2S-PSU,"Includes RCU2S-HE/RCU2S-CE Modules, Cable Set & Power Supply",,"$2,942 ","$2,550 "
Sound Control Technologies,RCU3SL-B10,RCU3SL-B10,"includes RCU3SL-CE/HE Modules, Cable Set & Power Supply",,"$5,191 ","$4,499 "
Sound Control Technologies,RCU3SL-B20,RCU3SL-B20,"includes RCU3SL-CE/HE Modules, Cable Set & Power Supply",,"$5,191 ","$4,499 "
Sound Control Technologies,RCU3SL-B30,RCU3SL-B30,"includes RCU3SL-CE/HE Modules, Cable Set & Power Supply",,"$5,191 ","$4,499 "
Sound Control Technologies,RCU3SL-B40,RCU3SL-B40,"includes RCU3SL-CE/HE Modules, Cable Set & Power Supply",,"$5,191 ","$4,499 "
Sound Control Technologies,RCU3SL-C00,RCU3SL-C00,"includes RCU3SL-CE/HE Modules, Cable Set & Power Supply",,"$5,191 ","$4,499 "
Sound Control Technologies,RCU3SL-C10,RCU3SL-C10,"includes RCU3SL-CE/HE Modules, Cable Set & Power Supply",,"$5,191 ","$4,499 "
Sound Control Technologies,RCU3SL-C20,RCU3SL-C20,"includes RCU3SL-CE/HE Modules, Cable Set & Power Supply",,"$5,191 ","$4,499 "
Sound Control Technologies,RCU3SL-C30,RCU3SL-C30,"includes RCU3SL-CE/HE Modules, Cable Set & Power Supply",,"$5,191 ","$4,499 "
Sound Control Technologies,RCU3SL-C40,RCU3SL-C40,"includes RCU3SL-CE/HE Modules, Cable Set & Power Supply",,"$5,191 ","$4,499 "
Sound Control Technologies,RCU3SL-C50,RCU3SL-C50,"includes RCU3SL-CE/HE Modules, Cable Set & Power Supply",,"$5,191 ","$4,499 "
Sound Control Technologies,RCV-CP6,RCV-CP6,2 Gang to VESA On Wall Mount.   Adapts RCM back plate to 100mm VESA pattern,,$986 ,$855 
Sound Control Technologies,RCV-EE4,RCV-EE4,2 Gang to VESA On Wall Mount.   Adapts RCM back plate to 100mm VESA pattern,,$986 ,$855 
Sound Control Technologies,RCV-LRC,RCV-LRC,2 Gang to VESA On Wall Mount.   Adapts RCM back plate to 100mm VESA pattern,,$986 ,$855 
Sound Control Technologies,RCV-UNI,RCV-UNI,2 Gang to VESA On Wall Mount.   Adapts RCM back plate to 100mm VESA pattern,,$986 ,$855 
Sound Control Technologies,RCWV2-CP6,RCWV2-CP6,RCWV2þ On Wall Mount Channel : Cisco Precision60,,"$1,038 ",$900 
Sound Control Technologies,RCWV2-EE4,RCWV2-EE4,RCWV2þ On Wall Mount Channel : Poly EagleEye IV,,"$1,038 ",$900 
Sound Control Technologies,RCWV2-LRC,RCWV2-LRC,RCWV2þ On Wall Mount Channel : Logitech Rally,,"$1,038 ",$900 
Sound Control Technologies,RCWV2-UNI,RCWV2-UNI,RCWV2þ On Wall Mount Channel : Universal Round Camera Base,,"$1,038 ",$900 
Sound Control Technologies,RCWV3-CQC,RCWV3-CQC,RCWV3þ On Wall Mount Channel : Cisco QuadCam,,"$1,038 ",$900 
Sound Control Technologies,RKPA-WB,RKPA-WB,Wall mount bracket for RC-RKPA ,,$87 ,$75 
Sound Control Technologies,RM-3CP,RM-3CP,"Includes RM-3CP-RX/RM-3CP-TX Modules, Cable Set & Power Supply",,"$3,530 ","$3,059 "
Sound Control Technologies,RM-3CP-PRO,RM-3CP-PRO,"Includes RM-3CP-RX/RM-3CP-TX Modules, Cable Set & Power Supply",,"$3,530 ","$3,059 "
Sound Control Technologies,RM-C200,RM-C200,"Includes RM-C200-RX/RM-C200-TX Modules, Cable Set & Power Supply",,"$3,721 ","$3,224 "
Sound Control Technologies,RM-C303,RM-C303,TRRS to Clock C303-RF Microphone Adapter,,$225 ,$195 
Sound Control Technologies,RM-P20,RM-P20,TRRS to 4-pin Phoenix Block Microphone Adaptor,,$225 ,$195 
Sound Control Technologies,RM-PRO,RM-PRO,TRRS to 4-pin Euroblock Microphone Adapter,,$225 ,$195 
Sound Control Technologies,RM-PRO-M3,RM-PRO-M3,"TRRS Plug to 4-pin Euro-Block plug adapter cable, set of 3",,$433 ,$375 
Sound Control Technologies,RM-PRO-M4,RM-PRO-M4,"TRRS Plug to 4-pin Euro-Block plug adapter cable, set of 4",,$519 ,$450 
Sound Control Technologies,RM-X57,RM-X57,"Includes RM-X57-RX/RM-X57-TX Modules, Cable Set & Power Supply",,"$2,994 ","$2,595 "
Sound Control Technologies,RTK-8CP,RTK-8CP,"Includes RTK-8CP-RX/TK-8CP-RX Modules, Cbale Set & Power Suply",,"$6,853 ","$5,939 "
Sound Control Technologies,RTK-AM1-A,RTK-AM1-A,"Includes RTK-AM1-TX & RX Modules, Cable Set, [1] Pair TX Module L-Brackets, RC-RKPA Rack Mount & [2] Power Supplies.  (A) for codecs that use USB-C for BYOM",,"$9,760 ","$8,459 "
Sound Control Technologies,RTK-AM1-B,RTK-AM1-B,"Includes RTK-AM1-TX & RX Modules, Cable Set, [1] Pair TX Module L-Brackets, RC-RKPA Rack Mount & [2] Power Supplies. (B) for codecs that use USB-C and HDMI for BYOM.",,"$9,760 ","$8,459 "
Sound Control Technologies,RTK-AM1-C,RTK-AM1-C,"Includes RTK-AM1-TX & RX Modules, Cable Set, [1] Pair TX Module L-Brackets, RC-RKPA Rack Mount & [2] Power Supplies. (C) for Cisco Codecs with BYOM + Communication Cable",,"$9,760 ","$8,459 "
Sound Control Technologies,RTK-Bracket-Set,RTK-Bracket-Set,[2] side mount L-brackets w/ 4 flat head screws,,$69 ,$60 
Sound Control Technologies,RTK-L3,RTK-L3,"Includes RTK-L3-TX & RX Modules, Cable Set, TS2 Under-Table Mounting Bracket, & Power Supply",,"$5,018 ","$4,349 "
Sound Control Technologies,RTK-MINI,RTK-MINI,"Includes RTK-MINI-RX/RTK-MINI-TX Modules, Cable Set, Power Supply",,"$4,759 ","$4,124 "
Sound Control Technologies,RTK-PLUS,RTK-PLUS,"Includes RTK-RX/RTK-TX Modules, Cable Set & Power Supply",,"$5,762 ","$4,994 "
Sound Control Technologies,RTK-PRO,RTK-PRO,"Includes RTK-RX/RTK-TX Modules, Cable Set & Power Suppl",,"$5,762 ","$4,994 "
Sound Control Technologies,RTK-USB3-A,RTK-USB3-A,"For Non-Cisco BYOD Integration: Includes RTK-USB3-RX/RTK-USB3-TX Modules, Cables Set, Power Supplies (30V and 48V), RC-RKPA Rackshelf.  ",,"$8,306 ","$7,199 "
Sound Control Technologies,RTK-USB3-C,RTK-USB3-C,"For Cisco BYOD Integration: Includes RTK-USB3-RX/RTK-USB3-TX Modules, Cisco Cable Set, Power Supplies (30V and 48V), RC-RKPA Rackshelf",,"$8,306 ","$7,199 "
Sound Control Technologies,RTK-X3-A,RTK-X3-A,"For Non-Cisco BYOD Integration: Includes RTK-X3-TX & RX Modules, Cable Set, [2] Power Supplies (30V and 48V) [1] Pair TX Module L-Brackets & RC-RKPA Rack Mount",,"$12,113 ","$10,498 "
Sound Control Technologies,RTK-X3-C,RTK-X3-C,"For Cisco BYOD Integration: Includes RTK-X3-TX & RX Modules, Cable Set, [2] Power Supplies (30V and 48V) [1] Pair TX Module L-Brackets & RC-RKPA Rack Mount",,"$12,113 ","$10,498 "
Sound Control Technologies,RTK-X57,RTK-X57,"Includes RTK-X57-RX/RTK-X57-TX Modules, Cable Set, Power Supply",,"$6,576 ","$5,699 "
Sound Control Technologies,RTK-X57-PSU,RTK-X57-PSU,"Includes RTK-X57-RX/RTK-X57-TX Modules, Cable Set, Power Supply",,"$6,576 ","$5,699 "
Sound Control Technologies,RWM-CRN1,RWM-CRN1,Replacement Wall Mounting Back Plate for Cisco Room Navigator. ,,$225 ,$195 
Sound Control Technologies,TS1,TS1,Under-Table Mounting System,,"$1,834 ","$1,590 "
Sound Control Technologies,USB3-1x2-015,USB3-1x2-015,USB3-1x2 Smart Switch + No Power Supply + No Camera Specific Power Cable + USB-B 3.0 Host Cables,,"$1,852 ","$1,605 "
Sound Control Technologies,USB3-1x2-028,USB3-1x2-028,USB3-1x2 Smart Switch + No Power Supply + No Camera Specific Power Cable + USB-B 3.0 Host Cables,,"$1,852 ","$1,605 "
Sound Control Technologies,USB3-1x2-029,USB3-1x2-029,USB3-1x2 Smart Switch + No Power Supply + No Camera Specific Power Cable + USB-B 3.0 Host Cables,,"$1,852 ","$1,605 "
Sound Control Technologies,USB3-1x2-030,USB3-1x2-030,USB3-1x2 Smart Switch + No Power Supply + No Camera Specific Power Cable + USB-B 3.0 Host Cables,,"$1,852 ","$1,605 "
Sound Control Technologies,USB3-1x2-031,USB3-1x2-031,USB3-1x2 Smart Switch + No Power Supply + No Camera Specific Power Cable + USB-B 3.0 Host Cables,,"$1,852 ","$1,605 "
Sound Control Technologies,USB3-1x2-032,USB3-1x2-032,USB3-1x2 Smart Switch + No Power Supply + No Camera Specific Power Cable + USB-B 3.0 Host Cables,,"$1,852 ","$1,605 "
Sound Control Technologies,USB3-1x2-NPS,USB3-1x2-NPS,USB3-1x2 Smart Switch + No Power Supply + No Camera Specific Power Cable + USB-B 3.0 Host Cables,,"$1,540 ","$1,335 "
Sound Control Technologies,USB-AMV,USB-AMV,"Inclusive of USB-AMV module, L-Brackets and Cable set.",,"$1,713 ","$1,485 "
Sound Control Technologies,USB-PDC,USB-PDC,"Includes USB-PDC Module, Cables and Power Supply",,"$1,834 ","$1,590 "
Sound Control Technologies,USB-PDI-100,USB-PDI-100,"Includes USB-PDI-100 Module, Cable Set & Power Supply",,"$1,644 ","$1,425 "
Sound Control Technologies,WPS-12V8A,WPS-12V8A,96 Watt Power Supply,,$329 ,$285 
Sound Control Technologies,WPS-30V2A,WPS-30V2A,60 Watt Power Supply ,,$311 ,$270 
Sound Control Technologies,WPS-48V2.5A,WPS-48V2.5A,120 Watt Power Supply,,$519 ,$450 
Sound Control Technologies,WPS-48V5.73A,WPS-48V5.73A,270 Watt Power Supply,,$623 ,$540 
Sound Control Technologies,WPS-USBC100W,WPS-USBC100W,100 Watt Power Supply,,$277 ,$240 
Sennheiser,700107,TC BAR S AUS/NZ,"TeamConnect Bar S all-in-one audio and video conferencing device for small meeting rooms and collaboration spaces. Includes (1) TeamConnect Bar S, (1) Mounting Bracket, (1) PSU or POE+ Power Supply, (1) IR Remote Control with batteries, mounting bracket & storage, (1) Magnetic Lens Cap, (1) HDMI Cable, (1) USB-C 3.1 cable, Dante audio input and output.",,"$1,533 ","$1,073 "
Sennheiser,700113,TC BAR M AUS/NZ,"TeamConnect Bar M all-in-one audio and video conferencing device for mid-sized meeting rooms and collaboration spaces. Includes (1) TeamConnect Bar M, (1) Mounting Bracket, (1) PSU or POE Power Supply, (1) IR Remote Control with batteries, mounting bracket & storage, (1) Magnetic Lens Cap, (1) HDMI Cable, (1) USB-C to USB-A cable, Dante audio input and output.",,"$4,128 ","$2,890 "
Sennheiser,700118,VESA MOUNT KIT FOR TC BAR M,"VESA Mount Kit for TC Bar S/M, mounting set, M6 and M8 screw set",,$289 ,$202 
Sennheiser,700120,HDMI CABLE FOR TC BAR S/M,"HDMI cable for TC Bar S/M, HDMI 2.0, 1.5m",,$58 ,$40 
Sennheiser,700121,REMOTE CONTROL FOR TC BAR S/M,"Remote Control for TC Bar S/M, infrared, 2 AAA batteries",,$117 ,$82 
Sennheiser,700122,CAMERA CAP FOR TC BAR S,"Camera cap for TC Bar S, magnetic",,$22 ,$16 
Sennheiser,700123,CAMERA CAP FOR TC BAR M,"Camera cap for TC Bar M, magnetic",,$22 ,$16 
Sennheiser,700130,POWER SUPPLY TC BAR S,"Power Supply TC Bar S, 2 pin, 100-240 V~, 50/60 Hz, 1.5 A, 45W",,$105 ,$74 
Sennheiser,700131,POWER SUPPLY TC BAR M,"Power Supply TC Bar M, 3 pin, 100-240 V~, 50/60 Hz, 1.5 A, 90W",,$105 ,$74 
Sennheiser,700116,MOUNTING KIT FOR TC BAR S,"Mounting Kit for TC Bar S for wall mount, tabletop or freestanding, tiltable, screws",,$199 ,$140 
Sennheiser,700117,MOUNTING KIT FOR TC BAR M,"Mounting Kit for TC Bar M for wall mount, tabletop or freestanding, tiltable, screws",,$199 ,$140 
StreamVue,VIVO DVB-T2,VIVO DVB-T2,DVB T2 8 Mix Head End Appliance,,"$33,481 ","$26,306 "
StreamVue,VIVO DVB-S2,VIVO DVB-S2,DVB S2 8 Mix Head End Appliance,,"$33,481 ","$26,306 "
StreamVue,VIVO HD SDI,VIVO HD SDI,4 Way HD SDI Head End Appliance,,"$43,786 ","$34,403 "
StreamVue,VIVO HDMI,VIVO HDMI,4 Way HDMI Head End Appliance,,"$43,786 ","$34,403 "
StreamVue,VIVO HLS,VIVO HLS,5 Way HLS Load Balance/Distributor,,"$20,600 ","$16,185 "
StreamVue,VIVO ENCODER,VIVO ENCODER,4 Way Head End Encoder,,"$38,633 ","$30,355 "
StreamVue,VIVO STREAMER,VIVO STREAMER,12 Way Head End Streamer,,"$38,633 ","$30,355 "
StreamVue,CONDUCTOR,CONDUCTOR,Cloud Based Full Enterprise Management System,,"$86,596 ","$68,040 "
StreamVue,SYMPHONY,SYMPHONY,Multi Media Signage Appliance,,"$43,289 ","$34,012 "
StreamVue,ENCORE,ENCORE,"System Capture, Playback & VOD Appliance",,"$40,883 ","$32,122 "
StreamVue,OVATION,OVATION,End Point Client Solftware (SoC/STB/PC/MAC) - includes annual maintenance,"Pricing is per year, per end point & includes annual maintenance (site licenses apply over 250 end points)",$96 ,$76 
StreamVue,MAINTENANCE,MAINTENANCE,System Annual Maintenance (includes all software updates & re-issues),Pricing is 20% of RRP Price per year,POA,POA
Taylorleds,108-AIO-WN1.2-IIPRO,108-AIO-WN1.2-IIPRO,Taylorleds 108 Inch All-In-One LED Display WN1.2 II Pro (2400mm x 1350mm COB P1.2mm) - FULL HD (1920x1080),Standard 3 Year Warranty. 5 & 7 years available - request pricing,"$20,295 ","$17,632 "
Taylorleds,108-AIO-FS,108-AIO-FS,"Taylorleds All-In-One LED Meeting room Floor Stand including trim (4x4 WN array) - for 108""",Choose between Floor Stand / Motorised Floor Stand / Wall Mount,"$1,820 ","$1,554 "
Taylorleds,108-AIO-MFS,108-AIO-MFS,"Taylorleds All-In-One LED Meeting room Motorised Floor Stand including flight case - for 108""",Choose between Floor Stand / Motorised Floor Stand / Wall Mount,"$22,100 ","$19,066 "
Taylorleds,108-AIO-WM,108-AIO-WM,"Taylorleds All-In-One LED Wall mounting bracket including trim (4x4 WN array) - for 108""",Choose between Floor Stand / Motorised Floor Stand / Wall Mount,"$1,300 ","$1,110 "
Taylorleds,136-AIO-WN1.5-IIPRO,136-AIO-WN1.5-IIPRO,Taylorleds 136 Inch All-In-One LED Display WN1.5 II Pro (3000mm x 1687.5mm COB P1.5mm) - FULL HD (1920x1080),Standard 3 Year Warranty. 5 & 7 years available - request pricing,"$27,197 ","$23,583 "
Taylorleds,136-AIO-FS,136-AIO-FS,"Taylorleds All-In-One LED Meeting room Floor Stand including trim (5x5 WN array) - for 136""",Choose between Floor Stand / Motorised Floor Stand / Wall Mount,"$2,080 ","$1,776 "
Taylorleds,136-AIO-MFS,136-AIO-MFS,"Taylorleds All-In-One LED Meeting room Motorised Floor Stand including flight case - for 136""",Choose between Floor Stand / Motorised Floor Stand / Wall Mount,"$22,100 ","$18,966 "
Taylorleds,136-AIO-WM,136-AIO-WM,"Taylorleds All-In-One LED Wall mounting bracket including trim (5x5 WN array) - for 136""",Choose between Floor Stand / Motorised Floor Stand / Wall Mount,"$1,560 ","$1,332 "
Taylorleds,163-AIO-WN0.9-IIPRO,163-AIO-WN0.9-IIPRO,Taylorleds 163 Inch All-In-One LED Display WN0.9 II Pro (3600mm x 2025mm COB P0.9mm) - 4K (3840x2160),Standard 3 Year Warranty. 5 & 7 years available - request pricing,"$77,096 ","$66,267 "
Taylorleds,163-AIO-WN1.8,163-AIO-WN1.8,Taylorleds 163 Inch All-In-One LED Display WN1.8 (3600mm x 2025mm COB P1.8mm) - FULL HD (1920x1080),Standard 3 Year Warranty. 5 & 7 years available - request pricing,"$36,546 ","$31,652 "
Taylorleds,163-AIO-FS,163-AIO-FS,"Taylorleds All-In-One LED Meeting room Floor Stand including trim (6x6 WN array) - for 163""",Choose between Floor Stand / Motorised Floor Stand / Wall Mount,"$2,340 ","$1,998 "
Taylorleds,163-AIO-MFS,163-AIO-MFS,"Taylorleds All-In-One LED Meeting room Motorised Floor Stand including flight case - for 163""",Choose between Floor Stand / Motorised Floor Stand / Wall Mount,"$27,300 ","$23,405 "
Taylorleds,163-AIO-WM,163-AIO-WM,"Taylorleds All-In-One LED Wall mounting bracket including trim (6x6 WN array) - for 163""",Choose between Floor Stand / Motorised Floor Stand / Wall Mount,"$1,820 ","$1,554 "
Taylorleds,WX1.2M,WX1.2M,"Taylorleds WX1.2 Master LED (SMD) Poster - 550*2072mm - including T60 controller, freestanding base, A5s Plus & 1-in Flight Case. ",,"$8,654 ","$7,592 "
Taylorleds,WX1.5M,WX1.5M,"Taylorleds WX1.5 Master LED (SMD) Poster - 550*2072mm - including T60 controller, freestanding base, A5s Plus & 1-in Flight Case. ",,"$8,248 ","$7,246 "
Taylorleds,WX1.8M,WX1.8M,"Taylorleds WX1.8 Master LED (SMD) Poster - 550*2072mm - including T60 controller, freestanding base, A5s Plus & 1-in Flight Case. ",,"$7,156 ","$6,314 "
Taylorleds,WX2.5M,WX2.5M,"Taylorleds WX2.5 Master LED (SMD) Poster - 550*2072mm - including T60 controller, freestanding base, A5s Plus & 1-in Flight Case. ",,"$6,712 ","$5,934 "
Taylorleds,WX3.75M,WX3.75M,"Taylorleds WX3.75 Master LED (SMD) Poster - 550*2072mm - including T60 controller, freestanding base, A5s Plus & 1-in Flight Case. ",,"$6,038 ","$5,360 "
Taylorleds,WX-WM,WX-WM,Taylorleds WX Wall Mounting brackets - pricing per Poster,,$94 ,$80 
Taylorleds,WX1.2AUX,WX1.2AUX,"Taylorleds WX1.2 Auxiliary LED Poster (SMD) - 550*2072mm - including freestanding base (no controller included), MOQ 2 Pieces [eg 1x Master, 1x Auxiliary].",*Contact us for pricing to add Auxiliary Posters onto Masters,POA,POA
Taylorleds,WX1.5AUX,WX1.5AUX,"Taylorleds WX1.5 Auxiliary LED Poster (SMD) - 550*2072mm - including freestanding base (no controller included), MOQ 2 Pieces [eg 1x Master, 1x Auxiliary].",*Contact us for pricing to add Auxiliary Posters onto Masters,POA,POA
Taylorleds,WX1.8AUX,WX1.8AUX,"Taylorleds WX1.8 Auxiliary LED Poster (SMD) - 550*2072mm - including freestanding base (no controller included), MOQ 2 Pieces [eg 1x Master, 1x Auxiliary].",*Contact us for pricing to add Auxiliary Posters onto Masters,POA,POA
Taylorleds,WX2.5AUX,WX2.5AUX,"Taylorleds WX2.5 Auxiliary LED Poster (SMD) - 550*2072mm - including freestanding base (no controller included), MOQ 2 Pieces [eg 1x Master, 1x Auxiliary].",*Contact us for pricing to add Auxiliary Posters onto Masters,POA,POA
Taylorleds,WX3.75AUX,WX3.75AUX,"Taylorleds WX3.75 Auxiliary LED Poster (SMD) - 550*2072mm - including freestanding base (no controller included), MOQ 2 Pieces [eg 1x Master, 1x Auxiliary].",*Contact us for pricing to add Auxiliary Posters onto Masters,POA,POA
Taylorleds,WN1.2-IIPRO-M,WN1.2-IIPRO-M,"Taylorleds WN1.2 II Pro Master LED (COB) Poster - 600*2025mm - including 1-in Flight Case, T60, freestanding base, A10s Pro.",Quantity discounts available from 6 posters,"$10,500 ","$9,168 "
Taylorleds,WN1.5-IIPRO-M,WN1.5-IIPRO-M,"Taylorleds WN1.5 II Pro Master LED (COB) Poster - 600*2025mm - including 1-in Flight Case, T60, freestanding base, A10s Pro.",Quantity discounts available from 6 posters,"$9,720 ","$8,502 "
Taylorleds,WN1.2-IIPRO-AUX,WN1.2-IIPRO-AUX,"Taylorleds WN1.2 II Pro Auxiliary LED (COB) Poster - 600*2025mm - including freestanding base (no controller included, MOQ 2 Pieces [eg 1x Master, 1x Auxiliary].",*Contact us for pricing to add Auxiliary Posters onto Masters,POA,POA
Taylorleds,WN1.5-IIPRO-AUX,WN1.5-IIPRO-AUX,"Taylorleds WN1.5 II Pro Auxiliary LED (COB) Poster - 600*2025mm - including freestanding base (no controller included, MOQ 2 Pieces [eg 1x Master, 1x Auxiliary].",*Contact us for pricing to add Auxiliary Posters onto Masters,POA,POA
Taylorleds,WN-WM,WN-WM,Taylorleds WN Wall Mounting brackets - pricing per Poster,,$94 ,$80 
,,,,,,
,,,,,,
,,,,,,
,,,,,,
,,,,,,
,,,,,,
,,,,,,
,,,,,,
,,,,,,
,,,,,,
,,,,,,
,,,,,,
,,,,,,
,,,,,,
,,,,,,
,,,,,,
,,,,,,
,,,,,,
,,,,,,
,,,,,,
,,,,,,
,,,,,,
,,,,,,
,,,,,,
,,,,,,
,,,,,,
,,,,,,
,,,,,,
,,,,,,
,,,,,,
,,,,,,
,,,,,,
,,,,,,
,,,,,,
,,,,,,
,,,,,,
,,,,,,
,,,,,,
,,,,,,
,,,,,,
,,,,,,
,,,,,,
,,,,,,
,,,,,,
,,,,,,
,,,,,,
,,,,,,
,,,,,,
,,,,,,
,,,,,,
,,,,,,
,,,,,,
,,,,,,
,,,,,,
,,,,,,
,,,,,,
,,,,,,
,,,,,,
,,,,,,
,,,,,,
,,,,,,
,,,,,,