WEBLINK,STOCKCODE,DESCRIPTION,STOCK CLASS, MSRP (excl) , TRADE (excl) ,SOH,BRAND,STOCK GROUP,UPC,Core Range
WEBLINK,IPX-TC1-C,Aurora 4K Transceiver with IPBase T,DISCOUNT," $3,309.00 ", $499.00 ,6,Aurora Multimedia,Automation & Control,737212163437,  
WEBLINK,IPX-TC1-F,Aurora 4K Transceiver with IPBase T,DISCOUNT," $3,701.00 ", $499.00 ,10,Aurora Multimedia,Automation & Control,737212163444,  
WEBLINK,IPX-TCW3-C-W,Aurora 4K Transceiver Wall Plate,DISCOUNT," $3,545.00 ", $499.00 ,5,Aurora Multimedia,Automation & Control,737212163482,  
WEBLINK,IPX-TCW3-F-W,Aurora 4K Transceiver Wall Plate,DISCOUNT," $3,937.00 ", $499.00 ,5,Aurora Multimedia,Automation & Control,737212163505,  
WEBLINK,IPX-USB2,Aurora IPX USB 2.0 Option Card,DISCOUNT, $607.00 , $99.00 ,6,Aurora Multimedia,Automation & Control,737212164861,  
WEBLINK,ORC-1C-W,Aurora One Room-One Cable Complete Kit,DISCOUNT," $5,797.00 ", $899.00 ,4,Aurora Multimedia,Automation & Control,,  
WEBLINK,PS0094-4,Aurora 48v DC 24 Watt Power Supply,DISCOUNT, $80.00 , $9.00 ,11,Aurora Multimedia,Automation & Control,737212164694,  
WEBLINK,QXP-2,Aurora NX Series Controller,DISCOUNT," $2,358.00 ", $299.00 ,10,Aurora Multimedia,Automation & Control,737212163178,  
WEBLINK,QXP-2-IPX,Aurora IPX Embedded Linux Control Server,DISCOUNT," $23,211.00 ", $299.00 ,9,Aurora Multimedia,Automation & Control,,  
WEBLINK,DXE-142A,Aurora 1x4 HDMI¨ 4k Splitter,SPECIAL ORDER ONLY, $869.56 , $608.67 ,2,Aurora Multimedia,Automation & Control,0,  
WEBLINK,CM2215B,AVS Cable King Pack 22mm,DISCOUNT, $10.00 , $0.50 ,983,AVS,AV Accessories,9421901838751,  
WEBLINK,AHDDP270,AVS Theatre Adapter,DISCOUNT, $10.00 , $0.99 ,171,AVS,Cables & Connectivity,9421901838010,  
WEBLINK,AHDMX44,AVS Theatre HDMI 4x4 Matrix,DISCOUNT, $80.00 , $29.00 ,5,AVS,Cables & Connectivity,9421901838072,  
WEBLINK,AIR35T,In-Line 3.5mm Stereo Socket,DISCOUNT, $12.99 , $0.99 ,239,AVS,Cables & Connectivity,9421901838591,  
WEBLINK,AIRDNG,AVS Theatre IR Extender,DISCOUNT, $10.00 , $0.99 ,38,AVS,Cables & Connectivity,9421901838133,  
WEBLINK,AIREM1,AVS Theatre IR Extender,DISCOUNT, $15.00 , $0.99 ,60,AVS,Cables & Connectivity,9421901838140,  
WEBLINK,AIREM2,AVS Theatre IR Extender,DISCOUNT, $15.00 , $0.99 ,58,AVS,Cables & Connectivity,9421901838157,  
WEBLINK,AIRHDMIK,AVS Theatre IR Extender,DISCOUNT, $30.00 , $9.99 ,9,AVS,Cables & Connectivity,9421901838195,  
WEBLINK,AIRHDRC,AVS Theatre IR Receiver,DISCOUNT, $31.30 , $0.99 ,15,AVS,Cables & Connectivity,9421901838201,  
WEBLINK,AIRHDTM,AVS Theatre IR Transmitter,DISCOUNT, $31.30 , $0.99 ,35,AVS,Cables & Connectivity,9421901838218,  
WEBLINK,AIRRC1,AVS Theatre IR Extender,DISCOUNT, $15.00 , $0.99 ,9,AVS,Cables & Connectivity,9421901838225,  
WEBLINK,ATIAG,AVS iA Cable Lightning & Micro USB Gold,DISCOUNT, $14.00 , $0.50 ,102,AVS,Cables & Connectivity,9421901838652,  
WEBLINK,ATIAP,AVS iA Cable Lightning & Micro USB Pink,DISCOUNT, $14.00 , $0.50 ,852,AVS,Cables & Connectivity,9421904917057,  
WEBLINK,ATR100,AVS Theatre HDMI Cable,DISCOUNT, $12.00 , $2.49 ,14,AVS,Cables & Connectivity,9421903115713,  
WEBLINK,ATR2000,AVS Theatre HDMI Cable,DISCOUNT, $80.00 , $19.99 ,112,AVS,Cables & Connectivity,9421903115782,  
WEBLINK,ATSP416P,AVS Theatre Speaker Cable,DISCOUNT, $150.00 , $29.00 ,1,AVS,Cables & Connectivity,9421901838300,  
WEBLINK,AFBB,AVS Brushed Wall Plate WHITE,NORMAL, $22.94 , $16.06 ,1436,AVS,Cables & Connectivity,9421903115812, CORE RANGE 
WEBLINK,AFBBK,AVS Brushed Wall Plate BLACK,NORMAL, $22.94 , $16.06 ,1920,AVS,Cables & Connectivity,9421901838744, CORE RANGE 
WEBLINK,CABO1500BBWG,"AVS Cabo 1.5m TV/AV cabinet, Black Bavar",NORMAL, $677.39 , $474.17 ,5,AVS,Furniture,9421908603079,  
WEBLINK,CABO1500BPOG,"AVS Cabo 1.5m TV/AV cabinet, Black Prima",NORMAL, $677.39 , $474.17 ,25,AVS,Furniture,9421908603062,  
WEBLINK,CABO1800BBWG,"AVS Cabo 1.8m TV/AV cabinet, Black Bavar",NORMAL, $764.34 , $535.04 ,2,AVS,Furniture,9421908603055,  
WEBLINK,CABO1800BPOG,"AVS Cabo 1.8m TV/AV cabinet, Black Prima",NORMAL, $764.34 , $535.04 ,35,AVS,Furniture,9421908603048,  
WEBLINK,CABO2000BBWG,"AVS Cabo 2m TV/AV cabinet, Black Bavaria",NORMAL, $938.26 , $656.78 ,0,AVS,Furniture,9421908603031,  
WEBLINK,CABO2000BPOG,"AVS Cabo 2m TV/AV cabinet, Black Prima",NORMAL, $938.26 , $656.78 ,0,AVS,Furniture,9421908603024,  
WEBLINK,CB1200SOB,AVS Cubit TV/AV Cabinet 1200mm Wide,NORMAL, $434.77 , $316.82 ,15,AVS,Furniture,9421904917361,  
WEBLINK,CB1200SOW,AVS Cubit TV/AV Cabinet 1200mm Wide,NORMAL, $434.77 , $316.82 ,4,AVS,Furniture,9421904917354,  
WEBLINK,CB1500SOB,AVS Cubit TV/AV Cabinet 1500mm Wide,NORMAL, $608.69 , $442.90 ,7,AVS,Furniture,9421904917347,  
WEBLINK,CILO1200IA,"AVS Cilo 1.2m TV/AV cabinet, Ivory Ash",NORMAL, $433.91 , $303.74 ,74,AVS,Furniture,9421908603093,  
WEBLINK,CILO1500IA,"AVS Cilo 1.5m TV/AV cabinet, Ivory Ash",NORMAL, $520.87 , $364.61 ,68,AVS,Furniture,9421908603086,  
WEBLINK,DT120_BLACK,FM TV Stand 1200 Black,NORMAL, $86.09 , $73.17 ,50,AVS,Furniture,9421903115867,  
WEBLINK,DT150_BLACK,FM TV Stand 1500 Black,NORMAL, $113.03 , $95.35 ,66,AVS,Furniture,9421903115874,  
WEBLINK,GAIA1500BG,"AVS Gaia Premium 1.5m TV/AV Cabinet, Bla",NORMAL, $868.69 , $608.09 ,0,AVS,Furniture,9421908603192,  
WEBLINK,GAIA1800BG,"AVS Gaia Premium 1.8m TV/AV Cabinet, Bla",NORMAL," $1,129.57 ", $790.70 ,0,AVS,Furniture,9421908603161,  
WEBLINK,GAIA1800WG,"AVS Gaia Premium 1.8m TV/AV Cabinet, Whi",NORMAL," $1,129.57 ", $790.70 ,0,AVS,Furniture,9421908603178,  
WEBLINK,GAIA2100BG,"AVS Gaia Premium 2.1m TV/AV Cabinet, Bla",NORMAL," $1,303.48 ", $912.43 ,0,AVS,Furniture,9421908603147,  
WEBLINK,GAIA2100WG,"AVS Gaia Premium 2.1m TV/AV Cabinet, Whi",NORMAL," $1,303.48 ", $912.43 ,0,AVS,Furniture,9421908603154,  
WEBLINK,MD1500SOB,AVS Moderna TV/AV Cabinet 1500mm Wide,NORMAL, $478.25 , $346.40 ,29,AVS,Furniture,9421904917460,  
WEBLINK,MD1800SOB,AVS Moderna TV/AV Cabinet 1800mm Wide,NORMAL, $565.21 , $409.78 ,7,AVS,Furniture,9421904917408,  
WEBLINK,MD1800SOW,AVS Moderna TV/AV Cabinet 1800mm Wide,NORMAL, $565.21 , $409.78 ,4,AVS,Furniture,9421904917415,  
WEBLINK,MIA1200BB,"AVS Mia 1.2m TV/AV Cabinet, Black Beaufo",NORMAL, $329.56 , $230.70 ,25,AVS,Furniture,9421908603130,  
WEBLINK,MIA1200RE,"AVS Mia 1.2m TV/AV Cabinet, Riviera Eich",NORMAL, $329.56 , $230.70 ,35,AVS,Furniture,9421908603123,  
WEBLINK,MIA1600BB,"AVS Mia 1.6m TV/AV Cabinet, Black Beaufo",NORMAL, $416.52 , $291.57 ,53,AVS,Furniture,9421908603116,  
WEBLINK,MIA1600RE,"AVS Mia 1.6m TV/AV Cabinet, Riviera Eich",NORMAL, $416.52 , $291.57 ,57,AVS,Furniture,9421908603109,  
WEBLINK,OLB1500B,AVS Oak Lowboy TV/AV Cabinet 1500mm Wide,NORMAL, $695.64 , $513.52 ,32,AVS,Furniture,9421904917958,  
WEBLINK,OLB1500SOB,AVS Oak Lowboy TV/AV Cabinet 1500mm Wide,NORMAL, $695.64 , $513.52 ,33,AVS,Furniture,9421904917965,  
WEBLINK,OLB1500SOW,AVS Oak Lowboy TV/AV Cabinet 1500mm Wide,NORMAL, $695.64 , $513.52 ,38,AVS,Furniture,9421904917972,  
WEBLINK,OLB1800B,AVS Oak Lowboy TV/AV Cabinet 1800mm Wide,NORMAL, $782.60 , $569.49 ,39,AVS,Furniture,9421904917941,  
WEBLINK,RZ1500BB,"AVS Raze TV Stand 1500mm, Black Glossy",NORMAL, $669.56 , $489.45 ,116,AVS,Furniture,9421904917842,  
WEBLINK,RZ1500BO,"AVS Raze TV Stand 1500mm, Black Glossy",NORMAL, $669.56 , $489.48 ,101,AVS,Furniture,9421904917750,  
WEBLINK,RZ1500WO,"AVS Raze TV Stand 1500mm, White Glossy",NORMAL, $669.56 , $489.05 ,206,AVS,Furniture,9421904917767,  
WEBLINK,RZ1800BO,"AVS Raze TV Stand 1800mm, Black Glossy",NORMAL, $782.60 , $569.63 ,44,AVS,Furniture,9421904917774,  
WEBLINK,RZ1800WO,"AVS Raze TV Stand 1800mm, White Glossy",NORMAL, $782.60 , $569.61 ,92,AVS,Furniture,9421904917781,  
WEBLINK,SL2000SOWS,AVS Superlow TV/AV Cabinet 2m Wide,NORMAL, $782.60 , $564.39 ,30,AVS,Furniture,9421904917637,  
WEBLINK,SL2000WWS,AVS Superlow TV/AV Cabinet 2000mm Wide,NORMAL, $782.60 , $566.15 ,53,AVS,Furniture,9421904917620,  
WEBLINK,SP2000B,"AVS Sao Paulo 2m TV/AV cabinet, Black",NORMAL, $677.39 , $474.17 ,1,AVS,Furniture,9421908603000,  
WEBLINK,SP2000IA,"AVS Sao Paulo 2m TV/AV cabinet, Ivory As",NORMAL, $677.39 , $474.17 ,0,AVS,Furniture,9421908603017,  
WEBLINK,TCR1000,"AVS TV/AV Stand, 1000mm Wide",NORMAL, $86.95 , $73.17 ,42,AVS,Furniture,9421904917880,  
WEBLINK,TCR1500,"AVS TV/AV Stand, 1500mm Wide",NORMAL, $521.73 , $383.35 ,187,AVS,Furniture,9421904917897,  
WEBLINK,SAFR15,AVS AV Rack 15RU,NORMAL, $770.83 , $549.00 ,0,AVS,Professional AV Solutions,9421904917002, CORE RANGE 
WEBLINK,SAFR27,AVS AV Rack 27RU,NORMAL," $1,128.75 ", $799.00 ,0,AVS,Professional AV Solutions,9421904917019, CORE RANGE 
WEBLINK,SAR-10-32SC-100,AVS 10-32 Screws with Cushion (100 Pack),NORMAL, $33.93 , $25.00 ,21,AVS,Professional AV Solutions,9421903115560, CORE RANGE 
WEBLINK,SAR1U-16CS,"AVS 1U 16"" Deep Cantilever Shelf",NORMAL, $52.00 , $35.00 ,94,AVS,Professional AV Solutions,9421904917910, CORE RANGE 
WEBLINK,SAR1UBP,AVS 1U Blanking Panel,NORMAL, $10.70 , $7.50 ,243,AVS,Professional AV Solutions,9421903115386, CORE RANGE 
WEBLINK,SAR1UBRP,AVS 1U Brush Panel,NORMAL, $28.00 , $19.60 ,0,AVS,Professional AV Solutions,9421908603215,  
WEBLINK,SAR2U-16CS,"AVS 2U 16"" Deep Cantilever Shelf",NORMAL, $70.00 , $49.00 ,19,AVS,Professional AV Solutions,9421903115348, CORE RANGE 
WEBLINK,SAR2UBP,AVS 2U Blanking Panel,NORMAL, $15.00 , $10.00 ,7,AVS,Professional AV Solutions,9421903115393, CORE RANGE 
WEBLINK,SAR3U-16CS,"AVS 3U 16"" Deep Cantilever Shelf",NORMAL, $60.00 , $42.00 ,17,AVS,Professional AV Solutions,9421903115362, CORE RANGE 
WEBLINK,SAR3UBP,AVS 3U Blanking Panel,NORMAL, $18.00 , $13.00 ,53,AVS,Professional AV Solutions,9421903115409,  
WEBLINK,SAR4UBP,AVS 4U Blanking Panel,NORMAL, $24.00 , $17.00 ,37,AVS,Professional AV Solutions,9421903115416,  
WEBLINK,SARLB1A,AVS L-shaped Lace Bar no offset (10Pack),NORMAL, $70.00 , $49.00 ,0,AVS,Professional AV Solutions,9421908603222,  
WEBLINK,SAVC3780B,"AVS VC Cart 37-80"" Panel",NORMAL, $799.00 , $599.00 ,5,AVS,Professional AV Solutions,9421904917040, CORE RANGE 
WEBLINK,SAVC5086B,"AVS VC Cart 50-86"" Panel",NORMAL, $899.00 , $649.00 ,0,AVS,Professional AV Solutions,9421908603239,  
WEBLINK,SAVC5590B,"AVS VC Cart 55-90"" Panel",NORMAL, $899.00 , $649.00 ,20,AVS,Professional AV Solutions,9421904917934, CORE RANGE 
WEBLINK,SAVC75X2,AVS Dual Screen Adapter,NORMAL, $434.77 , $301.85 ,0,AVS,Professional AV Solutions,9421904917552, CORE RANGE 
WEBLINK,MLASM,Metal Lab Adjustable Side Speaker Mount,SPECIAL ORDER ONLY, $782.00 , $548.00 ,3,AVS,No Group Selected,0,  
WEBLINK,MLOB,Metal Lab Outdoor Bracket,SPECIAL ORDER ONLY, POA , POA ,0,AVS,No Group Selected,,  
WEBLINK,MLPA,Metal Lab Pole Adaptor,SPECIAL ORDER ONLY, POA , POA ,2,AVS,No Group Selected,,  
WEBLINK,MLWM,Metal Lab Custom Wall Mount,SPECIAL ORDER ONLY, POA , POA ,0,AVS,No Group Selected,,  
WEBLINK,MLCAB,"Metal Lab Ceiling Adapter, Black",SPECIAL ORDER ONLY, POA , POA ,0,AVS,Professional AV Solutions,,  
WEBLINK,MLCCM,Metal Lab Pole/Column Clamp Mount,SPECIAL ORDER ONLY, POA , POA ,0,AVS,Professional AV Solutions,,  
WEBLINK,MLCM,Metal Lab Custom Mount,SPECIAL ORDER ONLY, POA , POA ,0,AVS,Professional AV Solutions,,  
WEBLINK,MLCT,Metal Lab Custom Trolley,SPECIAL ORDER ONLY, POA ," $6,487.00 ",0,AVS,Professional AV Solutions,,  
WEBLINK,MLF2CCB,"Metal Lab Floor To Ceiling Column, Black",SPECIAL ORDER ONLY, POA , POA ,0,AVS,Professional AV Solutions,,  
WEBLINK,MLFAB,"Metal Lab Floor Adapter, Black",SPECIAL ORDER ONLY, POA , POA ,0,AVS,Professional AV Solutions,,  
WEBLINK,MLPH,Metal Lab PC Holder,SPECIAL ORDER ONLY, POA , $229.00 ,0,AVS,Professional AV Solutions,,  
WEBLINK,MLTKIT,Metal Lab Trim Kit,SPECIAL ORDER ONLY, POA , POA ,0,AVS,Professional AV Solutions,,  
WEBLINK,MLVA,Metal Lab VESA Adapter,SPECIAL ORDER ONLY, POA , POA ,0,AVS,Professional AV Solutions,,  
WEBLINK,MLVC4U,"Metal Lab 4U Vertical Rack Mount, Black",SPECIAL ORDER ONLY, POA , POA ,0,AVS,Professional AV Solutions,,  
WEBLINK,C2G54277,Superbooster¨ÊUSBÊCamÊExtenderÊBox 2 Box,SPECIAL ORDER ONLY, $712.86 , $499.00 ,3,C2G,Cables & Connectivity,757120542773,  
WEBLINK,CMA152,Chief NPT Pipe Coupler,DISCOUNT, $107.46 , $29.00 ,4,Chief,Professional AV Solutions,841872038018, CORE RANGE 
WEBLINK,CMS440,Chief Suspended Ceiling Kit,DISCOUNT, $382.57 , $267.80 ,6,Chief,Professional AV Solutions,841872076102, CORE RANGE 
WEBLINK,CPA261,Chief Adapter - CPA to Female NPT,DISCOUNT, $138.60 , $59.00 ,2,Chief,Professional AV Solutions,841872156798, CORE RANGE 
WEBLINK,CSACK06B,Chief Side Cover Kit with ConnexSys Brac,DISCOUNT, $963.88 , $499.00 ,7,Chief,Professional AV Solutions,841872170817, CORE RANGE 
WEBLINK,FCA112,Chief Secure CPU/Media Adapter,DISCOUNT, $229.89 , $72.99 ,5,Chief,Professional AV Solutions,841872165608,  
WEBLINK,FCA800,Fusion 8 camera shelf 32-70inch,DISCOUNT, $276.18 , $89.00 ,0,Chief,Professional AV Solutions,841872163819,  
WEBLINK,FCA800HS,Above/Below HuddleSHOT Camera Shelf,DISCOUNT, $941.15 , $299.00 ,1,Chief,Professional AV Solutions,841872174624,  
WEBLINK,FCA800K,ConferenceSHOT ePTZ FCA MOUNT L DISPLAY,DISCOUNT, $245.33 , $49.00 ,1,Chief,Professional AV Solutions,841872176086,  
WEBLINK,FCA801,Fusion 14inch Above/Below Shelf,DISCOUNT, $322.47 , $69.00 ,1,Chief,Professional AV Solutions,841872163826,  
WEBLINK,FCA810E,IntelliSHOT FCA MOUNT XL DISPLAY,DISCOUNT, $430.47 , $199.00 ,0,Chief,Professional AV Solutions,841872176031,  
WEBLINK,FCA812,Fusion Lower Component Shelf,DISCOUNT, $430.47 , $99.00 ,1,Chief,Professional AV Solutions,841872165837,  
WEBLINK,FCA821,Chief Fusion Center Camera Shelf 14in,DISCOUNT, $387.74 , $79.00 ,2,Chief,Professional AV Solutions,841872162683, CORE RANGE 
WEBLINK,FCAC,FUSION LCM Menu Board Accessories,DISCOUNT, $216.00 , $99.00 ,7,Chief,Professional AV Solutions,841872161082,  
WEBLINK,FCAC06B,FUSION Wall Display Side Cover Accessory,DISCOUNT, $761.46 , $249.00 ,13,Chief,Professional AV Solutions,841872171180, CORE RANGE 
WEBLINK,FCAC2X1LB,"Fusion Flat Panel Back Cover, Dual Ð Lar",DISCOUNT," $1,541.33 ", $499.00 ,1,Chief,Professional AV Solutions,841872172118,  
WEBLINK,FCASFP,Fusion Small-Medium Tilt Interface,DISCOUNT, $309.88 , $149.00 ,4,Chief,Professional AV Solutions,841872167718, CORE RANGE 
WEBLINK,FCC100,Chief Centre Channel Adapter,DISCOUNT, $203.67 , $69.00 ,1,Chief,Professional AV Solutions,841872118758,  
WEBLINK,FHB5196,Chief Universal Flat Panel Mount,DISCOUNT, $309.88 , $148.13 ,3,Chief,Professional AV Solutions,841872175911, CORE RANGE 
WEBLINK,JSB2090B,Custom Interface Bracket for Cisco EX90,DISCOUNT, $769.89 , $49.00 ,4,Chief,Professional AV Solutions,841872156972,  
WEBLINK,K3F310B,K3 Dual-Monitor Array,DISCOUNT, $324.00 , $149.00 ,3,Chief,Professional AV Solutions,841872156460,  
WEBLINK,KGL220B,Monitor/Laptop Desk Mount,DISCOUNT, $432.00 , $299.00 ,1,Chief,Professional AV Solutions,,  
WEBLINK,LCB2X1U,Chief Large 2x1 Menu Board,DISCOUNT," $3,547.04 ", $999.00 ,1,Chief,Professional AV Solutions,841872158952,  
WEBLINK,LCDPA,Projector Stacker Arm,DISCOUNT, $183.60 , $39.00 ,3,Chief,Professional AV Solutions,841872002231,  
WEBLINK,LCM1UP,FUSIONª Large Portrait Flat Panel Ceilin,DISCOUNT," $1,016.75 ", $399.00 ,4,Chief,Professional AV Solutions,841872159096,  
WEBLINK,LCM2X2U,FUSIONª Micro-Adjustable Large Ceiling M,DISCOUNT," $10,181.33 "," $2,999.00 ",1,Chief,Professional AV Solutions,841872155012,  
WEBLINK,LDS1U,Chief Large Fusion TV Stand,DISCOUNT," $1,865.33 ", $799.00 ,5,Chief,Professional AV Solutions,841872171616,  
WEBLINK,LFD1U,Large Fusion DHA Floor Support,DISCOUNT," $7,775.00 "," $1,810.00 ",3,Chief,Professional AV Solutions,841872168142,  
WEBLINK,LPD1U,Large Fusion DHA Mobile Cart,DISCOUNT," $4,613.15 "," $1,599.00 ",6,Chief,Professional AV Solutions,841872168159,  
WEBLINK,LW65UWP,"Impact On-Wall Kiosk  Portrait 65"" White",DISCOUNT," $6,163.73 "," $1,999.00 ",1,Chief,Professional AV Solutions,841872173047,  
WEBLINK,LWM2X1U,2 x 1 Menu-Board Wall Mounted,DISCOUNT," $1,957.89 ", $999.00 ,1,Chief,Professional AV Solutions,841872166322,  
WEBLINK,LWM5X1U,"Large Wall Mount Menu Board, 5 Wide",DISCOUNT," $5,861.33 ", $999.00 ,3,Chief,Professional AV Solutions,841872166353,  
WEBLINK,MAC720,Chief Dual Display Adapter,DISCOUNT, $374.93 , $59.00 ,1,Chief,Professional AV Solutions,841872106342,  
WEBLINK,MAC722,Chief Dual Display Adapter,DISCOUNT, $862.47 , $299.00 ,1,Chief,Professional AV Solutions,841872122632,  
WEBLINK,MFD1U,Medium Fusion DHA Floor Support,DISCOUNT," $7,704.00 "," $1,333.00 ",4,Chief,Professional AV Solutions,841872168173,  
WEBLINK,MPWUB,Chief Swing Arm Mount,DISCOUNT," $1,047.60 ", $229.00 ,1,Chief,Professional AV Solutions,841872104485,  
WEBLINK,MWRUB,Chief Swing Arm Mount,DISCOUNT," $1,541.33 ", $289.00 ,1,Chief,Professional AV Solutions,841872101637,  
WEBLINK,PAC251,Chief CPU/Media Player Adapter,DISCOUNT, $769.89 , $99.00 ,1,Chief,Professional AV Solutions,841872003252,  
WEBLINK,PAC252,Chief CPU/Media Player Adapter,DISCOUNT, $847.04 , $109.00 ,4,Chief,Professional AV Solutions,841872046327,  
WEBLINK,PAC717,Chief Literature Shelf,DISCOUNT, $260.75 , $89.00 ,2,Chief,Professional AV Solutions,841872122571,  
WEBLINK,PAC720,Chief Dual Display Adapter,DISCOUNT, $538.47 , $69.00 ,3,Chief,Professional AV Solutions,841872106335,  
WEBLINK,PAC735A,Chief Secure Storage Shelf,DISCOUNT," $1,309.89 ", $229.00 ,1,Chief,Professional AV Solutions,841872122410,  
WEBLINK,PSMH2079,Chief Heavy Duty Flat Panel Wall Mount,DISCOUNT," $2,575.04 ", $599.00 ,1,Chief,Professional AV Solutions,841872167695,  
WEBLINK,PSMH2685,Chief Heavy-Duty Custom Flat Panel Wall,DISCOUNT," $2,312.75 ", $349.00 ,1,Chief,Professional AV Solutions,841872141916,  
WEBLINK,RLT2,Large Tilt Wall Mount,DISCOUNT, $183.60 , $69.00 ,0,Chief,Professional AV Solutions,841872143033,  
WEBLINK,RMT2,Medium Tilt Wall Mount,DISCOUNT, $152.75 , $59.00 ,6,Chief,Professional AV Solutions,841872143040,  
WEBLINK,RPAA1,Chief Security Projector Mount,DISCOUNT, $600.18 , $149.00 ,8,Chief,Professional AV Solutions,841872104553,  
WEBLINK,RXT2,X-Large Tilt Wall Mount,DISCOUNT, $214.47 , $99.00 ,6,Chief,Professional AV Solutions,841872143057,  
WEBLINK,TA410,Chief Portrait Adapter,DISCOUNT, $260.75 , $29.00 ,1,Chief,Professional AV Solutions,841872151847,  
WEBLINK,TA500,Chief Large THINSTALL Wall Box,DISCOUNT, $886.02 , $299.00 ,1,Chief,Professional AV Solutions,841872156149, CORE RANGE 
WEBLINK,TS110SU,Chief Small Swing Arm Mount (15.9kg),DISCOUNT, $307.04 , $99.00 ,2,Chief,Professional AV Solutions,841872153698,  
WEBLINK,AS3LD,CHIEF TEMPO MOUNT,NORMAL," $1,674.47 "," $1,172.13 ",42,Chief,Professional AV Solutions,841872177564, CORE RANGE 
WEBLINK,CMA101W,Chief 127mm Designer Ceiling Plate,NORMAL, $45.16 , $31.61 ,0,Chief,Professional AV Solutions,841872094007, CORE RANGE 
WEBLINK,CMA105,"Chief Ceiling Plate, Black (102mm)",NORMAL, $125.78 , $88.05 ,5,Chief,Professional AV Solutions,841872002491, CORE RANGE 
WEBLINK,CMA115,"Chief Ceiling Plate, Black (152mm)",NORMAL, $131.72 , $93.57 ,11,Chief,Professional AV Solutions,841872002514, CORE RANGE 
WEBLINK,CMA115W,"Chief Ceiling Plate, White (152mm)",NORMAL, $131.52 , $93.37 ,16,Chief,Professional AV Solutions,841872045481, CORE RANGE 
WEBLINK,CMA151,Chief NPT Adapter,NORMAL, $75.60 , $52.92 ,3,Chief,Professional AV Solutions,841872002538,  
WEBLINK,CMA270,Chief NPT Coupler Sealed,NORMAL, $72.62 , $51.62 ,19,Chief,Professional AV Solutions,841872002583, CORE RANGE 
WEBLINK,CMA270W,Chief NPT Coupler Sealed,NORMAL, $72.64 , $51.64 ,17,Chief,Professional AV Solutions,841872045962, CORE RANGE 
WEBLINK,CMA330,Chief Offset Ceiling Plate,NORMAL, $152.04 , $106.43 ,5,Chief,Professional AV Solutions,841872002606, CORE RANGE 
WEBLINK,CMA340,Chief Projector Stabilisation,NORMAL, $527.88 , $369.51 ,3,Chief,Professional AV Solutions,841872002620, CORE RANGE 
WEBLINK,CMA348,Chief Large Venue Vibration Coupler,NORMAL," $1,488.65 "," $1,042.06 ",4,Chief,Professional AV Solutions,841872172521, CORE RANGE 
WEBLINK,CMA348W,Chief Large Venue Vibration Coupler,NORMAL," $1,488.65 "," $1,042.06 ",5,Chief,Professional AV Solutions,841872172538, CORE RANGE 
WEBLINK,CMA360,Chief I-Beam Clamp,NORMAL, $676.37 , $479.65 ,7,Chief,Professional AV Solutions,841872002651, CORE RANGE 
WEBLINK,CMA365,Chief Truss Adapter,NORMAL, $154.16 , $107.91 ,0,Chief,Professional AV Solutions,841872002675, CORE RANGE 
WEBLINK,CMA372,Chief Offset Unistrut Adapter,NORMAL, $170.81 , $119.56 ,7,Chief,Professional AV Solutions,841872002705, CORE RANGE 
WEBLINK,CMA395,Chief Angled Ceiling Plate,NORMAL, $141.43 , $99.00 ,21,Chief,Professional AV Solutions,841872002750, CORE RANGE 
WEBLINK,CMA395W,Chief Angled Ceiling Plate,NORMAL, $141.43 , $99.00 ,23,Chief,Professional AV Solutions,841872092553, CORE RANGE 
WEBLINK,CMA640B,Chief Decorative Ring Black,NORMAL, $32.25 , $22.58 ,10,Chief,Professional AV Solutions,841872092577, CORE RANGE 
WEBLINK,CMA640S,Chief Decorative Ring Silver,NORMAL, $32.40 , $22.68 ,40,Chief,Professional AV Solutions,841872002798,  
WEBLINK,CMA640W,Chief Decorative Ring White,NORMAL, $31.00 , $22.00 ,13,Chief,Professional AV Solutions,841872092584, CORE RANGE 
WEBLINK,CMS003,"Chief Extension Column, Black (76mm)",NORMAL, $55.71 , $39.00 ,3,Chief,Professional AV Solutions,841872092591, CORE RANGE 
WEBLINK,CMS003W,"Chief Extension Column, White (76mm)",NORMAL, $55.71 , $39.00 ,1,Chief,Professional AV Solutions,841872104768, CORE RANGE 
WEBLINK,CMS012,"Chief Extension Column, Black (300mm)",NORMAL, $101.68 , $72.11 ,4,Chief,Professional AV Solutions,841872092669, CORE RANGE 
WEBLINK,CMS012W,"Chief Extension Column, White (300mm)",NORMAL, $101.69 , $72.11 ,1,Chief,Professional AV Solutions,841872092713, CORE RANGE 
WEBLINK,CMS018,"Chief Extension Column, Black (457mm)",NORMAL, $122.96 , $86.07 ,5,Chief,Professional AV Solutions,841872092720, CORE RANGE 
WEBLINK,CMS018024W,"Chief Adj Column, White (457-600mm)",NORMAL, $388.53 , $271.97 ,2,Chief,Professional AV Solutions,841872104805, CORE RANGE 
WEBLINK,CMS018W,"Chief Extension Column, White (457mm)",NORMAL, $122.96 , $86.07 ,1,Chief,Professional AV Solutions,841872104799, CORE RANGE 
WEBLINK,CMS0203,"Chief Adj Column, Black (609-914mm)",NORMAL, $422.62 , $295.83 ,2,Chief,Professional AV Solutions,841872092744, CORE RANGE 
WEBLINK,CMS0203W,"Chief Adj Column, White (609-914mm)",NORMAL, $422.62 , $295.83 ,3,Chief,Professional AV Solutions,841872092768, CORE RANGE 
WEBLINK,CMS024,"Chief Extension Column, Black (600mm)",NORMAL, $125.78 , $88.05 ,4,Chief,Professional AV Solutions,841872092775, CORE RANGE 
WEBLINK,CMS024W,"Chief Extension Column, White (600mm)",NORMAL, $125.78 , $88.05 ,0,Chief,Professional AV Solutions,841872076331, CORE RANGE 
WEBLINK,CMS0305,"Chief Adj Column, Black (91-152cm)",NORMAL, $472.05 , $330.44 ,0,Chief,Professional AV Solutions,841872092799, CORE RANGE 
WEBLINK,CMS0305W,"Chief Adj Column, White (91-152cm)",NORMAL, $472.05 , $330.44 ,0,Chief,Professional AV Solutions,841872092812, CORE RANGE 
WEBLINK,CMS036,"Chief Extension Column, Black (914mm)",NORMAL, $140.19 , $98.13 ,5,Chief,Professional AV Solutions,841872092829, CORE RANGE 
WEBLINK,CMS036W,"Chief Extension Column, White (914mm)",NORMAL, $140.19 , $98.13 ,15,Chief,Professional AV Solutions,841872092843, CORE RANGE 
WEBLINK,CMS0406,"Chief Adj Column, Black (121-182cm)",NORMAL, $495.85 , $347.10 ,4,Chief,Professional AV Solutions,841872092850, CORE RANGE 
WEBLINK,CMS0406W,"Chief Adj Column, White (121-182cm)",NORMAL, $495.85 , $347.10 ,2,Chief,Professional AV Solutions,841872104812, CORE RANGE 
WEBLINK,CMS048,"Chief Extension Column, Black (121cm)",NORMAL, $209.33 , $146.53 ,1,Chief,Professional AV Solutions,841872092867, CORE RANGE 
WEBLINK,CMS048W,"Chief Extension Column, White (121cm)",NORMAL, $209.33 , $146.53 ,9,Chief,Professional AV Solutions,841872104829, CORE RANGE 
WEBLINK,CMS0507,"Chief Adj Column, Black (152-213cm)",NORMAL, $534.34 , $374.04 ,3,Chief,Professional AV Solutions,841872076430, CORE RANGE 
WEBLINK,CMS0507W,"Chief Adj Column, White (152-213cm)",NORMAL, $534.34 , $374.04 ,1,Chief,Professional AV Solutions,841872104836, CORE RANGE 
WEBLINK,CMS060,"Chief Extension Column, Black (152cm)",NORMAL, $260.95 , $182.67 ,2,Chief,Professional AV Solutions,841872092874, CORE RANGE 
WEBLINK,CMS060W,"Chief Extension Column, White (152cm)",NORMAL, $260.95 , $182.67 ,2,Chief,Professional AV Solutions,841872104843, CORE RANGE 
WEBLINK,CMS072,"Chief Extension Column, Black (182cm)",NORMAL, $314.77 , $220.34 ,5,Chief,Professional AV Solutions,841872092904, CORE RANGE 
WEBLINK,CMS072W,"Chief Extension Column, White (182cm)",NORMAL, $314.77 , $220.34 ,18,Chief,Professional AV Solutions,841872104874, CORE RANGE 
WEBLINK,CMS115,"Chief 6"" round ceiling plate, Black",NORMAL, $159.54 , $111.68 ,5,Chief,Professional AV Solutions,841872076072, CORE RANGE 
WEBLINK,CMS115W,"Chief 6"" round ceiling plate, White",NORMAL, $159.54 , $111.68 ,4,Chief,Professional AV Solutions,841872076096, CORE RANGE 
WEBLINK,CMS261,"Chief Column Cut-Off Adapter, Black",NORMAL, $107.00 , $74.90 ,13,Chief,Professional AV Solutions,841872145853, CORE RANGE 
WEBLINK,CMS261W,"Chief Column Cut-Off Adapter, White",NORMAL, $107.00 , $74.90 ,47,Chief,Professional AV Solutions,841872145877, CORE RANGE 
WEBLINK,CMS380,Chief Truss Clamp,NORMAL, $353.83 , $247.68 ,1,Chief,Professional AV Solutions,841872169392, CORE RANGE 
WEBLINK,CPA036,"Chief Pin Extension Column, Blk (910mm)",NORMAL, $154.16 , $107.91 ,0,Chief,Professional AV Solutions,841872156705, CORE RANGE 
WEBLINK,CPA060,"Chief Pin Extension Column, Blk (152cm)",NORMAL, $229.89 , $160.92 ,1,Chief,Professional AV Solutions,841872156743,  
WEBLINK,CPA072,"Chief Pin Extension Column, Blk (182cm)",NORMAL, $291.60 , $204.12 ,9,Chief,Professional AV Solutions,841872156767, CORE RANGE 
WEBLINK,CPA120,"Chief Pin Extension Column, Blk (304cm)",NORMAL, $492.18 , $344.52 ,0,Chief,Professional AV Solutions,841872158907, CORE RANGE 
WEBLINK,CPA262,Chief Adapter - CPA to Male NPT,NORMAL, $131.15 , $91.80 ,3,Chief,Professional AV Solutions,841872156781, CORE RANGE 
WEBLINK,CPA263,Chief Adapter - CPA to CPA,NORMAL, $137.33 , $96.12 ,16,Chief,Professional AV Solutions,841872158921, CORE RANGE 
WEBLINK,CPA264,Chief Adapter - Female NPT to CPA,NORMAL, $169.74 , $118.81 ,5,Chief,Professional AV Solutions,841872158877, CORE RANGE 
WEBLINK,CPA265,Chief Adapter - CPA to Projector,NORMAL, $91.88 , $64.31 ,10,Chief,Professional AV Solutions,841872171234, CORE RANGE 
WEBLINK,CPA330,Chief Offset Ceiling Plate (203mm),NORMAL, $185.15 , $129.60 ,5,Chief,Professional AV Solutions,841872156422, CORE RANGE 
WEBLINK,CPA351,Chief Floor to Ceiling Collar Plate,NORMAL, $468.42 , $331.70 ,7,Chief,Professional AV Solutions,841872170442, CORE RANGE 
WEBLINK,CPA353,Chief Floor to Ceiling Clamp-style Plate,NORMAL, $485.09 , $344.09 ,4,Chief,Professional AV Solutions,841872170435, CORE RANGE 
WEBLINK,CPA380,Chief CPA Truss Clamp,NORMAL, $307.04 , $214.92 ,0,Chief,Professional AV Solutions,841872169408,  
WEBLINK,CPA395,Chief Pin Connection Angle Ceiling Plate,NORMAL, $152.75 , $106.92 ,6,Chief,Professional AV Solutions,841872156446, CORE RANGE 
WEBLINK,CSMP9X12,Chief Component Storage Panel,NORMAL, $122.87 , $86.00 ,13,Chief,Professional AV Solutions,841872173467, CORE RANGE 
WEBLINK,CSPH,Chief UnderTable Component Storage Panel,NORMAL, $621.30 , $434.91 ,4,Chief,Professional AV Solutions,841872170930, CORE RANGE 
WEBLINK,CSSLP15X10,Chief Component Storage Panel Slide Lock,NORMAL, $384.52 , $269.55 ,0,Chief,Professional AV Solutions,841872176222, CORE RANGE 
WEBLINK,FCA520,"Fusion Universal Clamp Kit, 2",NORMAL, $121.33 , $84.93 ,1,Chief,Professional AV Solutions,841872156484, CORE RANGE 
WEBLINK,FCA613B,Chief Large Shelf with Storage,NORMAL, $784.29 , $549.00 ,5,Chief,Professional AV Solutions,841872169415, CORE RANGE 
WEBLINK,FCA624B,Chief Fusion Dual Monitor Accessory,NORMAL, $823.74 , $499.00 ,3,Chief,Professional AV Solutions,841872169699, CORE RANGE 
WEBLINK,FCA810,Fusion 8inch Above/Below Shelf,NORMAL, $327.14 , $229.00 ,7,Chief,Professional AV Solutions,841872162669, CORE RANGE 
WEBLINK,FCA810K,ConferenceSHOT ePTZ FCA MOUNT XL DISPLAY,NORMAL, $276.18 , $193.32 ,2,Chief,Professional AV Solutions,841872176093,  
WEBLINK,FCA811,Fusion 14inch camera shelf 60 - 100,NORMAL, $382.40 , $267.68 ,1,Chief,Professional AV Solutions,841872162676, CORE RANGE 
WEBLINK,FCA840,Fusion Centre Channel Speaker,NORMAL, $434.46 , $149.00 ,2,Chief,Professional AV Solutions,841872163857, CORE RANGE 
WEBLINK,FCA841,"FUSION SIDE CHANNEL SPEAKER ADAPTOR, XL",NORMAL, $635.97 , $445.18 ,1,Chief,Professional AV Solutions,841872163864, CORE RANGE 
WEBLINK,FCACLIPS,Wire Ties & Clips Kit,NORMAL, $29.33 , $20.52 ,3,Chief,Professional AV Solutions,841872156118,  
WEBLINK,FCASCA,Chief Structural Column Adapter,NORMAL," $1,680.16 "," $1,176.11 ",3,Chief,Professional AV Solutions,841872173009, CORE RANGE 
WEBLINK,FCASTC,Fusion¨ Storage Cabinet,NORMAL," $1,909.44 "," $1,348.92 ",0,Chief,Professional AV Solutions,, CORE RANGE 
WEBLINK,FCAV1U,Fusion Pull Out Video Wall Accessory,NORMAL, $698.57 , $489.00 ,66,Chief,Professional AV Solutions,841872166483, CORE RANGE 
WEBLINK,FCAX08,Fusion VW Extrusion 8 inch Extender Kit,NORMAL, $427.45 , $299.21 ,6,Chief,Professional AV Solutions,841872157481, CORE RANGE 
WEBLINK,FCAX20,Fusion VW Extrusion 20 inch Extender Kit,NORMAL, $496.74 , $319.00 ,1,Chief,Professional AV Solutions,841872157504, CORE RANGE 
WEBLINK,FCAXV1U,Chief Fusion XL Pull Out Accessory,NORMAL," $1,128.58 ", $790.00 ,1,Chief,Professional AV Solutions,841872175379, CORE RANGE 
WEBLINK,FCK000,"MOUNT CONNECTOR 0"" EXTENSION",NORMAL, $80.55 , $56.38 ,2,Chief,Professional AV Solutions,841872144597, CORE RANGE 
WEBLINK,FCK008,Chief Fusion Connector Kit,NORMAL, $121.33 , $84.93 ,5,Chief,Professional AV Solutions,841872117201, CORE RANGE 
WEBLINK,FCK016,Chief Fusion Connector Kit,NORMAL, $154.16 , $107.91 ,2,Chief,Professional AV Solutions,841872117195, CORE RANGE 
WEBLINK,FHB5037,Chief Fusion VESA extension 400-600,NORMAL, $123.02 , $86.11 ,0,Chief,Professional AV Solutions,841872162751, CORE RANGE 
WEBLINK,FHB5038,Chief Fusion Vesa Adapter,NORMAL, $263.16 , $184.21 ,3,Chief,Professional AV Solutions,841872166056, CORE RANGE 
WEBLINK,FHB5106,"Interface Adaptor, 500mm",NORMAL, $495.30 , $346.72 ,2,Chief,Professional AV Solutions,841872172927,  
WEBLINK,FHB5147,Chief Universal FP Mount Hardware Kit,NORMAL, $45.16 , $31.61 ,7,Chief,Professional AV Solutions,841872173443, CORE RANGE 
WEBLINK,FHB5149,Chief Fusion & Thinstall Hardware Kits,NORMAL, $278.74 , $195.11 ,1,Chief,Professional AV Solutions,841872174617, CORE RANGE 
WEBLINK,FMSCA,"Fusion Ceiling Box, Floating",NORMAL, $465.60 , $325.91 ,7,Chief,Professional AV Solutions,841872168319, CORE RANGE 
WEBLINK,FMSCM,"Fusion Ceiling Box, Height-Adjust",NORMAL, $457.65 , $320.35 ,4,Chief,Professional AV Solutions,841872168326, CORE RANGE 
WEBLINK,FMSECAP,Fusion Horizontal Row End Cap,NORMAL, $49.15 , $34.40 ,3,Chief,Professional AV Solutions,841872168043, CORE RANGE 
WEBLINK,FMSH108,"Fusion Horizontal Row, 108"" (2743mm)",NORMAL, $856.44 , $599.50 ,0,Chief,Professional AV Solutions,841872167947, CORE RANGE 
WEBLINK,FMSH120,"Fusion Horizontal Row, 120"" (3048mm)",NORMAL, $996.69 , $697.68 ,1,Chief,Professional AV Solutions,841872167954, CORE RANGE 
WEBLINK,FMSH36,"Fusion Horizontal Row, 36"" (914mm)",NORMAL, $459.00 , $321.84 ,0,Chief,Professional AV Solutions,841872175836, CORE RANGE 
WEBLINK,FMSH48,"Fusion Horizontal Row, 48"" (1219mm)",NORMAL, $427.15 , $299.00 ,0,Chief,Professional AV Solutions,841872167961, CORE RANGE 
WEBLINK,FMSH60,"Fusion Horizontal Row, 60"" (1524mm)",NORMAL, $484.29 , $339.00 ,0,Chief,Professional AV Solutions,841872167978, CORE RANGE 
WEBLINK,FMSH72,"Fusion Horizontal Row 72"" (1828mm)",NORMAL, $566.69 , $396.68 ,3,Chief,Professional AV Solutions,841872167985, CORE RANGE 
WEBLINK,FMSH84,"Fusion Horizontal Row, 84"" (2133mm)",NORMAL, $612.75 , $428.93 ,0,Chief,Professional AV Solutions,841872167992, CORE RANGE 
WEBLINK,FMSH96,"Fusion Horizontal Row, 96"" (2438mm)",NORMAL, $674.19 , $471.93 ,1,Chief,Professional AV Solutions,841872168005, CORE RANGE 
WEBLINK,FMSHC1,Fusion Horizontal Row Connector,NORMAL, $274.90 , $192.43 ,13,Chief,Professional AV Solutions,841872168012, CORE RANGE 
WEBLINK,FMSITL,Fusion Large Tilt Interface,NORMAL, $375.01 , $262.50 ,1,Chief,Professional AV Solutions,841872167909, CORE RANGE 
WEBLINK,FMSWA,"Fusion Wall Attachment, Floating",NORMAL, $512.30 , $358.61 ,1,Chief,Professional AV Solutions,841872167923, CORE RANGE 
WEBLINK,FMSWM,"Fusion Wall Attachment, Height-Adjust",NORMAL, $505.25 , $353.68 ,0,Chief,Professional AV Solutions,841872167930, CORE RANGE 
WEBLINK,FRA, Chief Rotation Adapter Accessory,NORMAL, $840.86 , $588.60 ,1,Chief,Professional AV Solutions,841872169910, CORE RANGE 
WEBLINK,FSR1U,Small Flat Panel Fixed Wall Mount,NORMAL, $177.24 , $126.24 ,4,Chief,Professional AV Solutions,841872168593, CORE RANGE 
WEBLINK,FTR1U,Chief Small Flat Panel Tilt Wall Mount,NORMAL, $198.12 , $138.68 ,0,Chief,Professional AV Solutions,841872168609, CORE RANGE 
WEBLINK,JHSUB,Chief Ceiling Mount,NORMAL, $372.16 , $260.51 ,3,Chief,Professional AV Solutions,841872114408, CORE RANGE 
WEBLINK,KITXWXSM1U,Ultra-Wide Micro-Adjustable Static Wall,NORMAL," $2,845.35 "," $1,991.74 ",1,Chief,Professional AV Solutions,841872176864, CORE RANGE 
WEBLINK,KITXWXSM1UP,Ultrawide Micro-Adjust Portrait StaticXL,NORMAL," $3,260.81 "," $2,282.57 ",0,Chief,Professional AV Solutions,841872177267,  
WEBLINK,LCB1U,Chief Dual Ceiling Mount,NORMAL," $1,742.46 "," $1,219.71 ",2,Chief,Professional AV Solutions,841872159010, CORE RANGE 
WEBLINK,LCM1U,Chief Large Ceiling Mount 56kg,NORMAL, $928.57 , $650.00 ,9,Chief,Professional AV Solutions,841872156170, CORE RANGE 
WEBLINK,LCM2X1U,Ceiling Mount 2x1 Menu Board,NORMAL," $2,041.89 "," $1,429.32 ",0,Chief,Professional AV Solutions,841872158778, CORE RANGE 
WEBLINK,LFAUB,Chief Large Fusion Floor Stand,NORMAL," $3,255.72 "," $2,299.00 ",4,Chief,Professional AV Solutions,841872156330, CORE RANGE 
WEBLINK,LPAUB,Chief Large Mobile Cart,NORMAL," $2,998.00 "," $2,099.00 ",2,Chief,Professional AV Solutions,841872155951, CORE RANGE 
WEBLINK,LSA1U,Chief Large Fixed Wall Mount 90kg,NORMAL, $362.84 , $253.98 ,20,Chief,Professional AV Solutions,841872163710, CORE RANGE 
WEBLINK,LSM1U,"Large Micro-Adjustable Fixed 42-86"" 90kg",NORMAL, $398.57 , $279.00 ,194,Chief,Professional AV Solutions,841872163260, CORE RANGE 
WEBLINK,LSTU,Chief Fixed Wall Mount,NORMAL, $384.29 , $269.00 ,0,Chief,Professional AV Solutions,841872117225, CORE RANGE 
WEBLINK,LTA1U,Large Fusion Tilt Wall Mount,NORMAL, $555.71 , $389.00 ,6,Chief,Professional AV Solutions,841872163727, CORE RANGE 
WEBLINK,LTM1U,Large Micro-Adjustable Tilt 90kg,NORMAL, $621.43 , $435.00 ,17,Chief,Professional AV Solutions,841872163277, CORE RANGE 
WEBLINK,LVS1U,Video Wall Landscape Mounting,NORMAL," $1,007.14 ", $705.00 ,12,Chief,Professional AV Solutions,841872161150, CORE RANGE 
WEBLINK,MCM1U,Chief Medium Ceiling Mount 56kg,NORMAL, $641.43 , $449.00 ,29,Chief,Professional AV Solutions,841872156194, CORE RANGE 
WEBLINK,MSM1U,Medium Micro-Adjustable Fixed 56kg,NORMAL, $312.86 , $219.00 ,76,Chief,Professional AV Solutions,841872163284, CORE RANGE 
WEBLINK,MTM1U,Medium Micro-Adjustable Tilt 56kg,NORMAL, $439.57 , $311.42 ,9,Chief,Professional AV Solutions,841872163291, CORE RANGE 
WEBLINK,MTMP1U,Medium Portrait Tilt Wall Mount,NORMAL, $421.12 , $294.78 ,5,Chief,Professional AV Solutions,841872163895, CORE RANGE 
WEBLINK,PAC102B,Pole Mount Shelf Accessory,NORMAL, $255.72 , $179.00 ,1,Chief,Professional AV Solutions,841872098555, CORE RANGE 
WEBLINK,PAC525FCW,In-Wall Box with Flange&Cover,NORMAL, $372.16 , $260.51 ,10,Chief,Professional AV Solutions,841872161389, CORE RANGE 
WEBLINK,PAC526FCW,In-Wall Box with Flange&Cover,NORMAL, $465.60 , $325.91 ,0,Chief,Professional AV Solutions,841872161471, CORE RANGE 
WEBLINK,PDRUB,Chief Swing Arm Mount,NORMAL," $2,141.43 "," $1,499.00 ",4,Chief,Professional AV Solutions,841872051659, CORE RANGE 
WEBLINK,PFB1UB,Chief Single Flat Panel Bolt-Down Mount,NORMAL," $2,141.43 "," $1,499.00 ",19,Chief,Professional AV Solutions,841872172415, CORE RANGE 
WEBLINK,PFQUB,Large Confidence Monitor Cart 2inch,NORMAL," $3,284.00 "," $2,299.00 ",1,Chief,Professional AV Solutions,841872107905, CORE RANGE 
WEBLINK,PG1A,Chief Medium Projector Cage - Black,NORMAL," $1,391.39 ", $974.40 ,0,Chief,Professional AV Solutions,841872044897, CORE RANGE 
WEBLINK,PG1AW,Chief Medium Projector Cage - White,NORMAL," $1,078.51 ", $754.95 ,0,Chief,Professional AV Solutions,841872094120, CORE RANGE 
WEBLINK,PG2A,Chief Small Projector Cage - Black,NORMAL, $988.51 , $691.95 ,1,Chief,Professional AV Solutions,841872045788, CORE RANGE 
WEBLINK,PG2AW,Chief Small Projector Cage - White,NORMAL, $973.51 , $681.45 ,1,Chief,Professional AV Solutions,841872074870, CORE RANGE 
WEBLINK,PG3A,Chief Large Projector Cage - Black,NORMAL," $1,753.50 "," $1,227.45 ",0,Chief,Professional AV Solutions,841872145341, CORE RANGE 
WEBLINK,PG3AW,Chief Large Projector Cage - White,NORMAL," $1,738.51 "," $1,216.95 ",1,Chief,Professional AV Solutions,841872145358, CORE RANGE 
WEBLINK,PG4A,Chief XL Projector Cage - Black,NORMAL," $3,588.00 "," $2,512.00 ",1,Chief,Professional AV Solutions,841872172507, CORE RANGE 
WEBLINK,PG4AW,Chief XL Projector Cage - White,NORMAL," $3,588.00 "," $2,512.00 ",1,Chief,Professional AV Solutions,841872172514, CORE RANGE 
WEBLINK,RFCUB,Fit Mobile Cart for Interactive Displays,NORMAL," $1,170.00 ", $819.00 ,3,Chief,Professional AV Solutions,, CORE RANGE 
WEBLINK,RLF3,LARGE UNIVERSAL FIXED MOUNT,NORMAL, $284.29 , $199.00 ,27,Chief,Professional AV Solutions,841872176635, CORE RANGE 
WEBLINK,RLT3,LARGE UNIVERSAL TILT MOUNT,NORMAL, $341.43 , $239.00 ,4,Chief,Professional AV Solutions,841872176642, CORE RANGE 
WEBLINK,RLXT3,"LARGE UNIVERSAL, EXTENDING, TILT MOUNT",NORMAL, $412.86 , $289.00 ,3,Chief,Professional AV Solutions,841872176659, CORE RANGE 
WEBLINK,RMB400,Fit Menu Board Wall Mount Interfaces,NORMAL, $271.68 , $190.18 ,0,Chief,Professional AV Solutions,841872172064, CORE RANGE 
WEBLINK,RMF3,MEDIUM UNIVERSAL FIXED MOUNT,NORMAL, $227.14 , $159.00 ,0,Chief,Professional AV Solutions,841872176666, CORE RANGE 
WEBLINK,RMT3,MEDIUM UNIVERSAL TILT MOUNT,NORMAL, $284.29 , $199.00 ,0,Chief,Professional AV Solutions,841872176673, CORE RANGE 
WEBLINK,RPMAU,Chief Elite Universal Projector Mount,NORMAL, $498.57 , $349.00 ,17,Chief,Professional AV Solutions,841872078021, CORE RANGE 
WEBLINK,RPMAUW,Chief Elite Universal Projector Mount,NORMAL, $498.57 , $349.00 ,2,Chief,Professional AV Solutions,841872078045, CORE RANGE 
WEBLINK,RXF3,XL UNIVERSAL FIXED MOUNT,NORMAL, $341.43 , $239.00 ,2,Chief,Professional AV Solutions,841872176680, CORE RANGE 
WEBLINK,RXT3,XL UNIVERSAL TILT MOUNT,NORMAL, $463.51 , $324.45 ,9,Chief,Professional AV Solutions,841872176697, CORE RANGE 
WEBLINK,SCACB,"CHIEF VOYAGER CAMERA ACCESSORY, BLK",NORMAL, $358.37 , $250.85 ,3,Chief,Professional AV Solutions,841872176871, CORE RANGE 
WEBLINK,SCASB,"CHIEF VOYAGER SPEAKER BAR ACCESSORY, BLK",NORMAL, $540.21 , $378.15 ,3,Chief,Professional AV Solutions,841872176895, CORE RANGE 
WEBLINK,SLM302,Chief Interface brkt for RPM prjtr Mount,NORMAL, $358.51 , $149.00 ,2,Chief,Professional AV Solutions,841872155708, CORE RANGE 
WEBLINK,TA200,Chief Video Conferencing Shelf,NORMAL, $247.60 , $173.31 ,1,Chief,Professional AV Solutions,841872151809, CORE RANGE 
WEBLINK,TA250,Chief Video Conferencing Shelf,NORMAL, $280.30 , $196.20 ,1,Chief,Professional AV Solutions,841872151816, CORE RANGE 
WEBLINK,TS318TU,Chief Medium Swing Arm Mount (34kg),NORMAL, $970.00 , $685.00 ,0,Chief,Professional AV Solutions,841872149387, CORE RANGE 
WEBLINK,TS525TU,Chief Large Dual Arm Wall Mount (56kg),NORMAL," $1,312.86 ", $919.00 ,0,Chief,Professional AV Solutions,841872147307, CORE RANGE 
WEBLINK,VCMU,Chief Projector Mount Black Medium,NORMAL," $1,127.14 ", $789.00 ,2,Chief,Professional AV Solutions,841872154350, CORE RANGE 
WEBLINK,VCMUW,Chief Projector Mount White Medium,NORMAL," $1,127.14 ", $789.00 ,6,Chief,Professional AV Solutions,841872168357, CORE RANGE 
WEBLINK,VCTUB,XL Universal Tool-Free Projector Mount,NORMAL," $1,427.15 ", $999.00 ,0,Chief,Professional AV Solutions,841872172460, CORE RANGE 
WEBLINK,VCTUW,XL Universal Tool-Free Projector Mount,NORMAL," $1,427.15 ", $999.00 ,7,Chief,Professional AV Solutions,841872172477, CORE RANGE 
WEBLINK,VPAUB,Vertical & Portrait Projection,NORMAL, $971.43 , $680.00 ,0,Chief,Professional AV Solutions,841872168265, CORE RANGE 
WEBLINK,WMA1S,"Heavy Duty Wall Mount, Single Stud",NORMAL, $483.51 , $338.45 ,3,Chief,Professional AV Solutions,841872149714, CORE RANGE 
WEBLINK,XCM1U,Chief X-Large Ceiling Mount 113kg,NORMAL," $1,390.00 ", $979.00 ,8,Chief,Professional AV Solutions,841872159393, CORE RANGE 
WEBLINK,XFA1UB,X-Large Fusion Manual Height Adjustable,NORMAL," $4,690.56 "," $3,283.38 ",0,Chief,Professional AV Solutions,841872168982, CORE RANGE 
WEBLINK,XPA1UB,X-Large Fusion Manual Height Adj Cart,NORMAL," $4,998.57 "," $3,499.00 ",0,Chief,Professional AV Solutions,841872169002, CORE RANGE 
WEBLINK,XSM1U,Fusion XL Micro-Adjustable Fixed 113kg,NORMAL, $560.65 , $397.79 ,49,Chief,Professional AV Solutions,841872163871, CORE RANGE 
WEBLINK,XTM1U,Chief X-Large Tilt Mount 113kg,NORMAL, $772.50 , $540.75 ,3,Chief,Professional AV Solutions,841872163888, CORE RANGE 
WEBLINK,AS3A100,Camera Shelf for Tempoª Flat Panel Wall,SPECIAL ORDER ONLY, $505.07 , $353.55 ,1,Chief,Professional AV Solutions,841872177908, CORE RANGE 
WEBLINK,AS3A101,Video-Sound Bar Mount for Tempoª Flat Pa,SPECIAL ORDER ONLY, $557.11 , $389.97 ,1,Chief,Professional AV Solutions,841872177915, CORE RANGE 
WEBLINK,AS3A102,Crestron¨ UC Bracket Accessory for Tempo,SPECIAL ORDER ONLY, $342.20 , $239.54 ,0,Chief,Professional AV Solutions,,  
WEBLINK,AS3PL,CHIEF TEMPO MOUNT PORTRAIT LARGE,SPECIAL ORDER ONLY," $2,072.00 "," $1,450.00 ",0,Chief,Professional AV Solutions,841872179049,  
WEBLINK,AS3PM,CHIEF TEMPO MOUNT PORTRAIT MEDIUM,SPECIAL ORDER ONLY," $1,768.00 "," $1,237.00 ",0,Chief,Professional AV Solutions,,  
WEBLINK,AVA1101,Chief Tempo Dual-Display Accessory,SPECIAL ORDER ONLY," $2,629.64 "," $1,840.75 ",0,Chief,Professional AV Solutions,841872175492,  
WEBLINK,AVA1102,Chief 2RU FP FSS Accessory,SPECIAL ORDER ONLY, $572.09 , $400.46 ,0,Chief,Professional AV Solutions,841872173962,  
WEBLINK,AVA1103,Chief Tempo Component Storage Panel,SPECIAL ORDER ONLY, $346.36 , $242.45 ,0,Chief,Professional AV Solutions,841872174372,  
WEBLINK,AVSFSS,Chief Flat Panel Floor Support System,SPECIAL ORDER ONLY," $4,526.00 "," $3,168.00 ",0,Chief,Professional AV Solutions,841872173955,  
WEBLINK,CMA100,Chief Ceiling Plate & Column,SPECIAL ORDER ONLY, $542.22 , $381.65 ,0,Chief,Professional AV Solutions,841872002477, CORE RANGE 
WEBLINK,CMA101,Chief 127mm  Designer Ceiling Plate,SPECIAL ORDER ONLY, $64.76 , $45.33 ,0,Chief,Professional AV Solutions,841872002484, CORE RANGE 
WEBLINK,CMA273,Chief Threaded End Cap,SPECIAL ORDER ONLY, $64.08 , $44.85 ,0,Chief,Professional AV Solutions,841872051147,  
WEBLINK,CMA274,Chief Quick-Snap Cable Covers,SPECIAL ORDER ONLY, $88.35 , $61.85 ,0,Chief,Professional AV Solutions,841872063805, CORE RANGE 
WEBLINK,CMA275,Chief Quick-Snap Cable Covers 3 Pack,SPECIAL ORDER ONLY, $231.15 , $161.84 ,0,Chief,Professional AV Solutions,,  
WEBLINK,CMA345,Chief Structural Ceiling Plate,SPECIAL ORDER ONLY, $524.27 , $366.99 ,0,Chief,Professional AV Solutions,841872002637, CORE RANGE 
WEBLINK,CMA347,Chief Isolating Coupler,SPECIAL ORDER ONLY," $1,098.27 ", $768.79 ,0,Chief,Professional AV Solutions,841872018584, CORE RANGE 
WEBLINK,CMA351,Chief Heavy Duty Swivel Adapter,SPECIAL ORDER ONLY, $413.24 , $289.27 ,0,Chief,Professional AV Solutions,841872002644, CORE RANGE 
WEBLINK,CMA362,Chief C-Clamp Adapter,SPECIAL ORDER ONLY, $335.78 , $235.05 ,0,Chief,Professional AV Solutions,841872002668,  
WEBLINK,CMA380,CONCRETE FASTENER KIT,SPECIAL ORDER ONLY, $47.25 , $33.08 ,0,Chief,Professional AV Solutions,841872002712,  
WEBLINK,CMA385,Chief Internal Joist Mount,SPECIAL ORDER ONLY, $345.72 , $242.00 ,0,Chief,Professional AV Solutions,841872002729,  
WEBLINK,CMA455,Suspended Ceiling Tile Replacement Kit,SPECIAL ORDER ONLY, $539.51 , $377.65 ,0,Chief,Professional AV Solutions,841872002781,  
WEBLINK,CMA474,Chief SYSAU Plenum Rated Storage Box,SPECIAL ORDER ONLY, $511.04 , $357.73 ,0,Chief,Professional AV Solutions,841872167503,  
WEBLINK,CMA480,BELOW CEILING ENCLOSURE,SPECIAL ORDER ONLY, $388.26 , $271.78 ,0,Chief,Professional AV Solutions,841872140711, CORE RANGE 
WEBLINK,CMA480W,"Column Storage Shelf, White",SPECIAL ORDER ONLY, $398.50 , $278.95 ,0,Chief,Professional AV Solutions,841872140728,  
WEBLINK,CMA643,Chief Decorative Ring - Chrome,SPECIAL ORDER ONLY, $37.41 , $26.20 ,0,Chief,Professional AV Solutions,841872101170,  
WEBLINK,CMS006,"Chief Extension Column, Black (152mm)",SPECIAL ORDER ONLY, $58.20 , $40.74 ,0,Chief,Professional AV Solutions,841872092607, CORE RANGE 
WEBLINK,CMS006009,"Chief Adj Column, Black (152-228mm)",SPECIAL ORDER ONLY, $201.15 , $140.80 ,0,Chief,Professional AV Solutions,841872092614, CORE RANGE 
WEBLINK,CMS006009W,"Chief Adj Column, White (152-228mm)",SPECIAL ORDER ONLY, $201.15 , $140.80 ,0,Chief,Professional AV Solutions,841872076218, CORE RANGE 
WEBLINK,CMS006W,"Chief Extension Column, White (152mm)",SPECIAL ORDER ONLY, $58.20 , $40.74 ,0,Chief,Professional AV Solutions,841872092638, CORE RANGE 
WEBLINK,CMS009,"Chief Extension Column, Black (228mm)",SPECIAL ORDER ONLY, $104.81 , $73.37 ,0,Chief,Professional AV Solutions,841872092645, CORE RANGE 
WEBLINK,CMS009012,"Chief Adj Column, Black (228-300mm)",SPECIAL ORDER ONLY, $287.17 , $201.02 ,0,Chief,Professional AV Solutions,841872092652, CORE RANGE 
WEBLINK,CMS009012W,"Chief Adj Column, White (228-300mm)",SPECIAL ORDER ONLY, $287.17 , $201.02 ,0,Chief,Professional AV Solutions,841872104782, CORE RANGE 
WEBLINK,CMS009W,"Chief Extension Column, White (228mm)",SPECIAL ORDER ONLY, $104.81 , $73.37 ,0,Chief,Professional AV Solutions,841872104775, CORE RANGE 
WEBLINK,CMS012018,"Chief Adj Column, Black (300-457mm)",SPECIAL ORDER ONLY, $361.61 , $253.13 ,0,Chief,Professional AV Solutions,841872092676, CORE RANGE 
WEBLINK,CMS012018W,"Chief Adj Column, White (300-457mm)",SPECIAL ORDER ONLY, $361.00 , $253.13 ,7,Chief,Professional AV Solutions,841872092690, CORE RANGE 
WEBLINK,CMS018024,"Chief Adj Column, Black (457-600mm)",SPECIAL ORDER ONLY, $388.52 , $271.97 ,0,Chief,Professional AV Solutions,841872092737, CORE RANGE 
WEBLINK,CMS0608,"Chief Adj Column, Black (182-243cm)",SPECIAL ORDER ONLY, $567.77 , $397.44 ,2,Chief,Professional AV Solutions,841872092881, CORE RANGE 
WEBLINK,CMS0709W,"Chief Adj Column, White (213-274cm)",SPECIAL ORDER ONLY, $550.65 , $385.46 ,2,Chief,Professional AV Solutions,841872104867, CORE RANGE 
WEBLINK,CMS0810,"Chief Adj Column, Black (243-304cm)",SPECIAL ORDER ONLY, $659.86 , $461.90 ,0,Chief,Professional AV Solutions,841872092911, CORE RANGE 
WEBLINK,CMS0911,"Chief Adj Column, Black (274-335cm)",SPECIAL ORDER ONLY, $661.14 , $462.80 ,0,Chief,Professional AV Solutions,841872092928, CORE RANGE 
WEBLINK,CMS0911W,"Chief Adj Column, White (274-335cm)",SPECIAL ORDER ONLY, $661.14 , $462.80 ,0,Chief,Professional AV Solutions,841872104898, CORE RANGE 
WEBLINK,CMS445,Speed-Connect Suspended Ceiling Tile Rep,SPECIAL ORDER ONLY, $711.84 , $498.29 ,0,Chief,Professional AV Solutions,841872092065,  
WEBLINK,CMSZ006,Chief Fully Threaded Column (0-152mm),SPECIAL ORDER ONLY, $94.51 , $66.16 ,0,Chief,Professional AV Solutions,841872122151,  
WEBLINK,CPA018,"Chief Pin Extension Column, Blk (457mm)",SPECIAL ORDER ONLY, $124.51 , $87.16 ,0,Chief,Professional AV Solutions,,  
WEBLINK,CPA024,"Chief Pin Extension Column, Blk (610mm)",SPECIAL ORDER ONLY, $128.90 , $90.23 ,0,Chief,Professional AV Solutions,841872156682, CORE RANGE 
WEBLINK,CPA048,"Chief Pin Extension Column, Blk (121cm)",SPECIAL ORDER ONLY, $217.74 , $152.42 ,0,Chief,Professional AV Solutions,841872156729,  
WEBLINK,CPA048P,"Chief Pin Extension Column, Blk (121cm)",SPECIAL ORDER ONLY, $314.08 , $219.86 ,0,Chief,Professional AV Solutions,841872158792, CORE RANGE 
WEBLINK,CPA072P,"Chief Pin Extension Column, Blk (182cm)",SPECIAL ORDER ONLY, $417.69 , $292.38 ,0,Chief,Professional AV Solutions,841872158808, CORE RANGE 
WEBLINK,CPA084,"Chief Pin Extension Column, Blk (213cm)",SPECIAL ORDER ONLY, $412.33 , $288.63 ,0,Chief,Professional AV Solutions,841872170350, CORE RANGE 
WEBLINK,CPA096,"Chief Pin Extension Column, Blk (243cm)",SPECIAL ORDER ONLY, $415.04 , $290.52 ,0,Chief,Professional AV Solutions,841872158884,  
WEBLINK,CPA108,"Chief Pin Extension Column, Blk (274cm)",SPECIAL ORDER ONLY, $482.10 , $337.47 ,0,Chief,Professional AV Solutions,841872170343, CORE RANGE 
WEBLINK,CPA640W,Chief Decorative Ring White,SPECIAL ORDER ONLY, $47.25 , $33.08 ,0,Chief,Professional AV Solutions,841872163390,  
WEBLINK,CSACLIPS,CONNEXSYS CABLE MANAGEMENT CLIPS (25PK),SPECIAL ORDER ONLY, $110.17 , $77.12 ,0,Chief,Professional AV Solutions,841872165677,  
WEBLINK,CSAS060,"PAINTED STRUT CHANNEL 60"" LENGTH",SPECIAL ORDER ONLY, $311.61 , $218.13 ,0,Chief,Professional AV Solutions,841872169194,  
WEBLINK,CSPBPTA,BACK PLANE ACCY FOR TA500 TA501,SPECIAL ORDER ONLY, $524.76 , $367.33 ,0,Chief,Professional AV Solutions,841872173375,  
WEBLINK,CSPHK,Proximity Component Storage,SPECIAL ORDER ONLY, $241.53 , $169.07 ,1,Chief,Professional AV Solutions,841872170947, CORE RANGE 
WEBLINK,CSPR,Chief Component Storage Panel,SPECIAL ORDER ONLY, $487.82 , $341.47 ,0,Chief,Professional AV Solutions,841872169866, CORE RANGE 
WEBLINK,DMA1B,"SINGLE DYNAMIC MONITOR ARM, BLACK",SPECIAL ORDER ONLY, $490.01 , $343.01 ,0,Chief,Professional AV Solutions,841872174914,  
WEBLINK,FCA008,Fusion Connector Kit - 8 Inch,SPECIAL ORDER ONLY, $131.34 , $91.95 ,0,Chief,Professional AV Solutions,0,  
WEBLINK,FCA106,Fusion Side Cover Accessory,SPECIAL ORDER ONLY, $322.05 , $225.44 ,0,Chief,Professional AV Solutions,841872164441,  
WEBLINK,FCA110,Chief Fusion Cat5 Surge CPU Adapter,SPECIAL ORDER ONLY, $66.96 , $46.87 ,0,Chief,Professional AV Solutions,841872165592,  
WEBLINK,FCA115,Chief Fusion Wall Plate,SPECIAL ORDER ONLY, $252.56 , $176.79 ,0,Chief,Professional AV Solutions,841872166582,  
WEBLINK,FCA2X1U,Fusion 2x1 Accessory,SPECIAL ORDER ONLY," $3,636.47 "," $2,545.53 ",0,Chief,Professional AV Solutions,,  
WEBLINK,FCA3U,Multi-directional Ceiling Triple Mount A,SPECIAL ORDER ONLY," $2,009.02 "," $1,406.32 ",0,Chief,Professional AV Solutions,841872159492,  
WEBLINK,FCA4U,Chief Ceiling Quad Mount Adaptor,SPECIAL ORDER ONLY," $2,804.03 "," $1,962.82 ",0,Chief,Professional AV Solutions,841872159744,  
WEBLINK,FCA510,Chief CPU Accessory,SPECIAL ORDER ONLY, $484.36 , $339.05 ,0,Chief,Professional AV Solutions,841872156538,  
WEBLINK,FCA515,Chief CPU Accessory,SPECIAL ORDER ONLY, $513.39 , $359.37 ,3,Chief,Professional AV Solutions,841872156521,  
WEBLINK,FCA530,Chief Center Channel Speaker Adapter,SPECIAL ORDER ONLY, $335.63 , $234.94 ,1,Chief,Professional AV Solutions,841872156644, CORE RANGE 
WEBLINK,FCA535,Chief Fusion Side Speaker Adapters,SPECIAL ORDER ONLY, $341.77 , $239.24 ,1,Chief,Professional AV Solutions,841872156651, CORE RANGE 
WEBLINK,FCA611B,Chief Small Shelf,SPECIAL ORDER ONLY, $494.29 , $346.01 ,0,Chief,Professional AV Solutions,841872156583, CORE RANGE 
WEBLINK,FCA776,Fusion¨ LVM Leveling Feet Accessory,SPECIAL ORDER ONLY, $486.42 , $340.49 ,0,Chief,Professional AV Solutions,841872156071,  
WEBLINK,FCA813,Fusion Low-Profile Above/Below Shelf,SPECIAL ORDER ONLY, $452.14 , $316.50 ,0,Chief,Professional AV Solutions,841872172736,  
WEBLINK,FCA820,Fusion Center Camera Shelf 8inch,SPECIAL ORDER ONLY, $331.71 , $232.20 ,1,Chief,Professional AV Solutions,841872162690, CORE RANGE 
WEBLINK,FCA830,Fusion Centre Channel Speaker,SPECIAL ORDER ONLY, $416.49 , $291.54 ,0,Chief,Professional AV Solutions,841872163833, CORE RANGE 
WEBLINK,FCA831,"FUSION SIDE CHANNEL SPEAKER ADAPTOR, L/R",SPECIAL ORDER ONLY, $576.93 , $403.85 ,0,Chief,Professional AV Solutions,841872163840, CORE RANGE 
WEBLINK,FCA832,Fusion Center Speaker Bracket,SPECIAL ORDER ONLY, $400.00 , $280.00 ,0,Chief,Professional AV Solutions,,  
WEBLINK,FCABX18,Fusion¨ LBM Video Wall Height Extensions,SPECIAL ORDER ONLY, $499.11 , $349.38 ,0,Chief,Professional AV Solutions,841872161648,  
WEBLINK,FCABX36,Fusion¨ LBM Video Wall Height Extensions,SPECIAL ORDER ONLY, $592.98 , $415.08 ,0,Chief,Professional AV Solutions,841872161662,  
WEBLINK,FCAC1LB,"Fusion Flat Panel Back Cover, Single LCM",SPECIAL ORDER ONLY," $1,195.76 ", $837.03 ,0,Chief,Professional AV Solutions,841872172095,  
WEBLINK,FCAC1XB,Chief Fusion Flat Panel Cover,SPECIAL ORDER ONLY," $1,209.45 ", $846.62 ,0,Chief,Professional AV Solutions,841872172101,  
WEBLINK,FCAC3X1LB,"FUSION BACK COVER, 3X1 LARGE, BLK",SPECIAL ORDER ONLY," $2,399.05 "," $1,679.34 ",0,Chief,Professional AV Solutions,841872172132,  
WEBLINK,FCAC3X1MB,Chief Fusion Flat Panel Back Cover,SPECIAL ORDER ONLY," $2,399.05 "," $1,679.34 ",0,Chief,Professional AV Solutions,841872172149,  
WEBLINK,FCALRB1,Fusion Mount for Logitech Rally Bar,SPECIAL ORDER ONLY, POA , POA ,0,Chief,Professional AV Solutions,,  
WEBLINK,FCAVCA,Chief Variable Column Adapter,SPECIAL ORDER ONLY, $604.47 , $423.13 ,0,Chief,Professional AV Solutions,841872173016, CORE RANGE 
WEBLINK,FCAVCSU80,Chief Square 8x6in U-Bolt Set,SPECIAL ORDER ONLY, $183.35 , $128.35 ,0,Chief,Professional AV Solutions,841872173306, CORE RANGE 
WEBLINK,FCAVCU20,Chief 2Ó U-Bolt Set,SPECIAL ORDER ONLY, $128.26 , $89.78 ,0,Chief,Professional AV Solutions,841872173436, CORE RANGE 
WEBLINK,FCAX14,Fusion Extension Brackets,SPECIAL ORDER ONLY, $483.99 , $338.79 ,2,Chief,Professional AV Solutions,841872157498, CORE RANGE 
WEBLINK,FCS1U,Cable Floor-to-Ceiling Flat Panel Mount,SPECIAL ORDER ONLY," $1,132.84 ", $792.98 ,0,Chief,Professional AV Solutions,841872173511, CORE RANGE 
WEBLINK,FHB3034,Chief Fusion and Thinstall Hardware Kit,SPECIAL ORDER ONLY, $30.00 , $21.00 ,0,Chief,Professional AV Solutions,,  
WEBLINK,FHB5032,Chief Accessory To reduce VESA,SPECIAL ORDER ONLY, $125.79 , $88.06 ,0,Chief,Professional AV Solutions,841872161815,  
WEBLINK,FHB5034,Chief Fusion and Thinstall Hardware Kit,SPECIAL ORDER ONLY, $31.30 , $21.91 ,0,Chief,Professional AV Solutions,841872162645,  
WEBLINK,FHB5078,Fusion Portrait Interface Adapter Kit,SPECIAL ORDER ONLY, $300.66 , $210.46 ,0,Chief,Professional AV Solutions,841872166544,  
WEBLINK,FHB5104,900X600MM M8 NO OFFSET,SPECIAL ORDER ONLY, $715.09 , $500.56 ,0,Chief,Professional AV Solutions,841872177304,  
WEBLINK,FHB5164,Fusion Vesa Shift Bracket 65ÓSamsungFlip,SPECIAL ORDER ONLY, $236.88 , $165.82 ,0,Chief,Professional AV Solutions,841872175416,  
WEBLINK,FHB5174,650 mm Interface Extenders for Tempo,SPECIAL ORDER ONLY, $467.12 , $326.99 ,1,Chief,Professional AV Solutions,,  
WEBLINK,FHBO5168,Chief Brackets for Outdoor 55inch,SPECIAL ORDER ONLY," $2,450.94 "," $1,715.66 ",0,Chief,Professional AV Solutions,841872176741,  
WEBLINK,FHBU,Chief Universal Hardware Kit,SPECIAL ORDER ONLY, $31.73 , $22.21 ,6,Chief,Professional AV Solutions,841872120829,  
WEBLINK,FHBUL,"Chief VESA Adapter, 200x200 - 600x600",SPECIAL ORDER ONLY, $372.57 , $260.80 ,0,Chief,Professional AV Solutions,841872173979,  
WEBLINK,FHS110B,Chief Small Flat Panel Ceiling Mount,SPECIAL ORDER ONLY, $351.93 , $246.35 ,0,Chief,Professional AV Solutions,841872100326,  
WEBLINK,FMSCAO,Fusion Ceiling Array Offset,SPECIAL ORDER ONLY," $2,034.73 "," $1,424.31 ",3,Chief,Professional AV Solutions,841872168388, CORE RANGE 
WEBLINK,FMSFC,Fusion¨ Bolt-Down Column,SPECIAL ORDER ONLY," $2,188.99 "," $1,532.29 ",0,Chief,Professional AV Solutions,841872175812,  
WEBLINK,FMSFR,Fusion¨ Row to Column Connector,SPECIAL ORDER ONLY, $542.42 , $379.69 ,0,Chief,Professional AV Solutions,841872175829,  
WEBLINK,FMSIML,Fusion Large Micro-Adjust Tilt Interface,SPECIAL ORDER ONLY, $384.85 , $269.40 ,0,Chief,Professional AV Solutions,841872167916, CORE RANGE 
WEBLINK,FSB018BLK,Chief Small Flat Panel Table Stand,SPECIAL ORDER ONLY, $818.65 , $573.05 ,0,Chief,Professional AV Solutions,841872020488,  
WEBLINK,FSB1U,Chief Small Universal Interface Bracket,SPECIAL ORDER ONLY, $147.05 , $102.94 ,0,Chief,Professional AV Solutions,841872169200,  
WEBLINK,FSB4041,"Chiefl Interface Bracket, 200x200",SPECIAL ORDER ONLY, $149.60 , $104.72 ,0,Chief,Professional AV Solutions,841872164540,  
WEBLINK,FSB4442B,"400x200 M8, CENTERED",SPECIAL ORDER ONLY, $270.71 , $189.50 ,0,Chief,Professional AV Solutions,841872171692,  
WEBLINK,HCUB,"Chief XL Projector Interface, Black",SPECIAL ORDER ONLY," $1,098.05 ", $768.63 ,0,Chief,Professional AV Solutions,841872172484,  
WEBLINK,HFSVS,"Tablet Floor Stand, VESA",SPECIAL ORDER ONLY," $1,114.61 ", $780.23 ,0,Chief,Professional AV Solutions,841872175782,  
WEBLINK,JSB210B,J-Series Medium Interface Brackets,SPECIAL ORDER ONLY, $157.08 , $109.96 ,0,Chief,Professional AV Solutions,841872114507,  
WEBLINK,JSBUB,J-Series Universal Interface Bracket,SPECIAL ORDER ONLY, $156.44 , $109.51 ,0,Chief,Professional AV Solutions,841872114330, CORE RANGE 
WEBLINK,JSBVB,Chief J-Series VESA Interface Bracket,SPECIAL ORDER ONLY, $163.43 , $114.40 ,0,Chief,Professional AV Solutions,841872114521,  
WEBLINK,K0W100B,Chief Kontour K0 Wall Mount,SPECIAL ORDER ONLY, $434.85 , $304.39 ,0,Chief,Professional AV Solutions,841872159959,  
WEBLINK,K1C330B,Chief K1C 3x1 Monitor Column Mount,SPECIAL ORDER ONLY," $1,923.76 "," $1,346.63 ",0,Chief,Professional AV Solutions,841872171333,  
WEBLINK,K2C120B,Kontourª K2C Articulating Column Mount,SPECIAL ORDER ONLY, $650.58 , $455.41 ,0,Chief,Professional AV Solutions,841872160498,  
WEBLINK,K2W120B,Chief Kontour K2W Swing Arm Wall Mount,SPECIAL ORDER ONLY, $627.08 , $438.96 ,0,Chief,Professional AV Solutions,841872160689,  
WEBLINK,K2W220S,Kontour K2W Dual Wall Mount,SPECIAL ORDER ONLY, $946.16 , $662.31 ,0,Chief,Professional AV Solutions,841872160733,  
WEBLINK,K2W22HB,"Kontour K2W Wall Mount Swing Arm, Dual",SPECIAL ORDER ONLY, $813.18 , $569.22 ,0,Chief,Professional AV Solutions,841872160740,  
WEBLINK,K3F120B,Kontour K3 Free Standing 1x2,SPECIAL ORDER ONLY," $1,047.23 ", $733.06 ,0,Chief,Professional AV Solutions,841872157009,  
WEBLINK,K4W310B,K4 3x1 Horizontal wall mount a,SPECIAL ORDER ONLY," $2,480.55 "," $1,736.38 ",0,Chief,Professional AV Solutions,841872157931,  
WEBLINK,KPP110B,"Chief Pivot/Tilt Pole Mount, Black",SPECIAL ORDER ONLY, $389.16 , $272.41 ,0,Chief,Professional AV Solutions,841872093123,  
WEBLINK,KRA232B,"Thin Client PC Mounting Accessory, Colum",SPECIAL ORDER ONLY, $189.57 , $132.70 ,0,Chief,Professional AV Solutions,,  
WEBLINK,KTA1007B,Array Large Grommet Accessory,SPECIAL ORDER ONLY, $310.33 , $217.23 ,0,Chief,Professional AV Solutions,841872146898,  
WEBLINK,KTA1042B,"Array 42inch Pole Accessory, Black",SPECIAL ORDER ONLY, $196.14 , $137.29 ,0,Chief,Professional AV Solutions,841872066677,  
WEBLINK,KTA225B,"34inch Dual Array Accessory, Black",SPECIAL ORDER ONLY, $711.98 , $498.38 ,0,Chief,Professional AV Solutions,841872091327,  
WEBLINK,KTP230B,Chief Dual Vertical Table Stand,SPECIAL ORDER ONLY," $1,055.85 ", $739.10 ,0,Chief,Professional AV Solutions,841872066806,  
WEBLINK,KWK110B,KWK Height-Adjustable Keyboard and Mouse,SPECIAL ORDER ONLY," $1,276.12 ", $893.29 ,0,Chief,Professional AV Solutions,841872115276,  
WEBLINK,KWT110B,Chief All-in-One Workstation Wall Mount,SPECIAL ORDER ONLY," $3,077.81 "," $2,154.47 ",0,Chief,Professional AV Solutions,841872115283,  
WEBLINK,LCB1UP,Chief Dual Ceiling Mount Portrait,SPECIAL ORDER ONLY," $2,064.66 "," $1,445.26 ",0,Chief,Professional AV Solutions,841872159027,  
WEBLINK,LCB3X1U,Chief Large Ceiling 3x1 Menu Board,SPECIAL ORDER ONLY," $5,693.79 "," $3,985.65 ",0,Chief,Professional AV Solutions,841872158990,  
WEBLINK,LCM1X2U,Fusion¨ Large Ceiling Mounted 1 x 2 Stac,SPECIAL ORDER ONLY," $2,367.57 "," $1,657.30 ",0,Chief,Professional AV Solutions,,  
WEBLINK,LCM2X1UP,Ceiling Mounted 2 x 1 Portrait,SPECIAL ORDER ONLY," $2,406.31 "," $1,684.42 ",0,Chief,Professional AV Solutions,841872158846,  
WEBLINK,LCM3U,"Chief Large Triple Ceiling Mount, Black",SPECIAL ORDER ONLY," $5,028.42 "," $3,519.90 ",0,Chief,Professional AV Solutions,841872159508,  
WEBLINK,LCM3X1U,Large Ceiling Mount 3 x 1 Menu,SPECIAL ORDER ONLY," $3,513.57 "," $2,459.50 ",0,Chief,Professional AV Solutions,841872158785, CORE RANGE 
WEBLINK,LCM3X2U,FUSIONª Micro-Adjustable Large Ceiling M,SPECIAL ORDER ONLY," $13,030.97 "," $9,121.68 ",0,Chief,Professional AV Solutions,841872157146,  
WEBLINK,LCM3X3U,Chief 3x3 Ceiling Video Wall,SPECIAL ORDER ONLY," $17,589.26 "," $12,312.48 ",0,Chief,Professional AV Solutions,841872155005,  
WEBLINK,LCM4U,Chief Quad Ceiling Mount,SPECIAL ORDER ONLY," $6,648.15 "," $4,653.70 ",1,Chief,Professional AV Solutions,841872159751,  
WEBLINK,LDB1U,Chief Large Fusion Bolt-Down Table Stand,SPECIAL ORDER ONLY," $1,653.57 "," $1,157.50 ",0,Chief,Professional AV Solutions,841872171609,  
WEBLINK,LF48UBP-B2B,Chief Impact Floor Standing B2B Kiosk,SPECIAL ORDER ONLY," $13,018.92 "," $9,113.24 ",0,Chief,Professional AV Solutions,841872174853,  
WEBLINK,LF48UWP,Chief Impact Portrait Floor Kiosk,SPECIAL ORDER ONLY," $10,987.10 "," $7,690.97 ",0,Chief,Professional AV Solutions,841872174860,  
WEBLINK,LF49UBP,Chief Impact Floor Standing Kiosk 49inch,SPECIAL ORDER ONLY," $11,281.19 "," $7,896.83 ",0,Chief,Professional AV Solutions,841872173832,  
WEBLINK,LF55UBP,Chief Impact Floor Standing Kiosk 55inch,SPECIAL ORDER ONLY," $10,604.58 "," $7,423.20 ",0,Chief,Professional AV Solutions,841872173870,  
WEBLINK,LF55UBP-B2B,Chief Impact Flr Mounted B2B Kiosk 55in,SPECIAL ORDER ONLY," $13,307.92 "," $9,315.54 ",0,Chief,Professional AV Solutions,841872173931,  
WEBLINK,LFE1U,Chief Large Height Floor Support Mount,SPECIAL ORDER ONLY," $5,418.14 "," $3,792.69 ",0,Chief,Professional AV Solutions,841872173481,  
WEBLINK,LPE1U,Chief Large Electric Flat Panel Cart,SPECIAL ORDER ONLY," $5,726.94 "," $4,008.86 ",0,Chief,Professional AV Solutions,841872173474,  
WEBLINK,LPK1,LPK-1 LOW PROFILE MOUNTING KIT,SPECIAL ORDER ONLY, $345.72 , $242.00 ,0,Chief,Professional AV Solutions,841872003016,  
WEBLINK,LSCUB,"CHIEF VOYAGER CART, BLK",SPECIAL ORDER ONLY," $4,444.50 "," $3,111.15 ",5,Chief,Professional AV Solutions,841872176758,  
WEBLINK,LSCUW,"CHIEF VOYAGER CART, WHT",SPECIAL ORDER ONLY," $4,878.06 "," $3,414.64 ",3,Chief,Professional AV Solutions,841872176765,  
WEBLINK,LSD1U,Dynamic Height Adjustable Wall Mount,SPECIAL ORDER ONLY," $4,413.61 "," $3,089.53 ",0,Chief,Professional AV Solutions,841872168166,  
WEBLINK,LVM2X2U,Chief Mobile Video Wall 2X2,SPECIAL ORDER ONLY," $11,783.58 "," $8,248.50 ",0,Chief,Professional AV Solutions,841872155449,  
WEBLINK,LVM3X3U,Chief Mobile Video Wall 3x3,SPECIAL ORDER ONLY," $18,814.00 "," $13,169.99 ",0,Chief,Professional AV Solutions,841872155463,  
WEBLINK,LVS1UP,Large ConnexSys Video Portrait,SPECIAL ORDER ONLY," $2,445.29 "," $1,711.70 ",0,Chief,Professional AV Solutions,841872161167,  
WEBLINK,LW49UBP,"Chief On-Wall Kiosk Portrait 49"" Black",SPECIAL ORDER ONLY," $5,302.44 "," $3,711.71 ",0,Chief,Professional AV Solutions,841872172262,  
WEBLINK,LW50UBP,"Impact On-Wall Kiosk - Portrait 50"" BLK",SPECIAL ORDER ONLY," $5,302.44 "," $3,711.71 ",0,Chief,Professional AV Solutions,841872172286,  
WEBLINK,LW50UWP,"Impact On-Wall Kiosk - Portrait 50"" WHT",SPECIAL ORDER ONLY," $5,302.44 "," $3,711.71 ",0,Chief,Professional AV Solutions,841872172293,  
WEBLINK,LW55UBP,"Chief On-Wall Kiosk Portrait 55"" Black",SPECIAL ORDER ONLY," $5,302.44 "," $3,711.71 ",0,Chief,Professional AV Solutions,841872172309,  
WEBLINK,LW55UBPG,Chief On-Wall Kiosk Protective Glass,SPECIAL ORDER ONLY," $7,336.44 "," $5,135.51 ",0,Chief,Professional AV Solutions,841872174259,  
WEBLINK,LW55UW,"Chief On-Wall Kiosk Landscape 55"" Black",SPECIAL ORDER ONLY," $6,493.37 "," $4,545.36 ",0,Chief,Professional AV Solutions,841872175263,  
WEBLINK,LW65UBP,"Chief On-Wall Kiosk Portrait 65"" Black",SPECIAL ORDER ONLY," $7,275.55 "," $5,092.88 ",0,Chief,Professional AV Solutions,,  
WEBLINK,LW75UBP,"Impact On-Wall Kiosk  Portrait 75"" Black",SPECIAL ORDER ONLY," $7,613.66 "," $5,329.56 ",0,Chief,Professional AV Solutions,,  
WEBLINK,LW75UBPG,"Impact On-Wall Kiosk  Portrait 75"" Black",SPECIAL ORDER ONLY," $11,002.93 "," $7,702.05 ",0,Chief,Professional AV Solutions,841872174310,  
WEBLINK,LW75UWP,"Impact On-Wall Kiosk  Portrait 75"" White",SPECIAL ORDER ONLY," $7,613.66 "," $5,329.56 ",0,Chief,Professional AV Solutions,841872172606,  
WEBLINK,LWM3X1U,Fusion Large Wall 3X1 Menu Board,SPECIAL ORDER ONLY," $3,509.12 "," $2,456.39 ",0,Chief,Professional AV Solutions,841872166339,  
WEBLINK,LWM3X1UP,Fusion Large Wall 3X1 MenuBoard Portrait,SPECIAL ORDER ONLY," $3,558.02 "," $2,490.62 ",0,Chief,Professional AV Solutions,841872166599,  
WEBLINK,MCB1U,Chief Medium Back 2 Back Ceiling Mount,SPECIAL ORDER ONLY," $1,225.05 ", $857.53 ,0,Chief,Professional AV Solutions,841872159003,  
WEBLINK,MF1US,Chief Medium Floor Stand,SPECIAL ORDER ONLY," $2,638.36 "," $1,846.85 ",0,Chief,Professional AV Solutions,841872100623,  
WEBLINK,MF2UB,Chief Medium FP Dual Display Floor Stand,SPECIAL ORDER ONLY," $3,071.87 "," $2,150.31 ",0,Chief,Professional AV Solutions,841872101156,  
WEBLINK,MFMUB,Medium Confidence Monitor Cart 3' to 4',SPECIAL ORDER ONLY," $2,240.94 "," $1,568.66 ",0,Chief,Professional AV Solutions,841872107868,  
WEBLINK,MFQUB,Chief Medium Conference Monitor Cart 2in,SPECIAL ORDER ONLY," $2,119.20 "," $1,483.44 ",0,Chief,Professional AV Solutions,841872107943,  
WEBLINK,MPD1U,Medium Fusion DHA Mobile Cart,SPECIAL ORDER ONLY," $8,588.47 "," $6,011.00 ",0,Chief,Professional AV Solutions,841872168180,  
WEBLINK,MSA1U,Medium Fixed Wall Mount 56kg,SPECIAL ORDER ONLY, $353.38 , $247.37 ,1,Chief,Professional AV Solutions,841872163734, CORE RANGE 
WEBLINK,MSSVB,Chief Medium Flat Panel Table Stand,SPECIAL ORDER ONLY," $1,517.03 "," $1,061.92 ",0,Chief,Professional AV Solutions,841872067834,  
WEBLINK,MSTU,Chief Fixed Wall Mount,SPECIAL ORDER ONLY, $424.96 , $297.47 ,0,Chief,Professional AV Solutions,841872117249,  
WEBLINK,MTMS1U,Medium Fusion Wall Mount,SPECIAL ORDER ONLY, $551.67 , $386.17 ,0,Chief,Professional AV Solutions,841872167756,  
WEBLINK,MTTU,Chief Tilt Wall Mount,SPECIAL ORDER ONLY, $496.58 , $347.61 ,0,Chief,Professional AV Solutions,841872117232,  
WEBLINK,ODA330B,Chief Outdoor Concrete Ceiling Plate,SPECIAL ORDER ONLY," $1,560.38 "," $1,092.27 ",0,Chief,Professional AV Solutions,841872171876, CORE RANGE 
WEBLINK,ODAC0203B,Chief Outdoor Ceiling Column 609 - 914mm,SPECIAL ORDER ONLY, $541.50 , $379.05 ,0,Chief,Professional AV Solutions,841872171883, CORE RANGE 
WEBLINK,ODAC0708B,Chief 7-8Õ Outdoor Pedestal Column,SPECIAL ORDER ONLY," $1,212.87 ", $849.01 ,0,Chief,Professional AV Solutions,841872171913, CORE RANGE 
WEBLINK,ODAPCVRB,Chief Outdoor Pedestal Floor Cover,SPECIAL ORDER ONLY, $953.90 , $667.73 ,0,Chief,Professional AV Solutions,841872171920, CORE RANGE 
WEBLINK,ODMLA25,Chief Articulating Outdoor Wall Mount,SPECIAL ORDER ONLY," $1,834.94 "," $1,284.46 ",0,Chief,Professional AV Solutions,841872168258, CORE RANGE 
WEBLINK,ODMLT,Chief Outdoor LFP Tilt Wall Mount,SPECIAL ORDER ONLY, $755.85 , $529.09 ,0,Chief,Professional AV Solutions,841872168210, CORE RANGE 
WEBLINK,OLCB1U,Chief Outdoor LFP Ceiling B2B Mount,SPECIAL ORDER ONLY," $4,287.37 "," $3,001.16 ",0,Chief,Professional AV Solutions,841872171937,  
WEBLINK,OLCM1U,Outdoor Single Ceiling & Pedestal Mount,SPECIAL ORDER ONLY," $4,232.86 "," $2,963.00 ",0,Chief,Professional AV Solutions,841872171951, CORE RANGE 
WEBLINK,OLF55BP-S,"OUTDOOR PORTRAIT KIOSK, SAM OH55F  BLACK",SPECIAL ORDER ONLY," $18,753.65 "," $13,127.56 ",0,Chief,Professional AV Solutions,841872177441,  
WEBLINK,OMNDBF55,Custom Floor Stand for Samsung OM55N-D,SPECIAL ORDER ONLY," $1,326.75 ", $928.72 ,0,Chief,Professional AV Solutions,841872174068,  
WEBLINK,OMNDC55,Custom Ceiling Mount for Samsung OM55N-D,SPECIAL ORDER ONLY," $1,198.53 ", $838.97 ,0,Chief,Professional AV Solutions,841872174082,  
WEBLINK,OXCM1U,Outdoor Flat Panel Single Ceiling Mount,SPECIAL ORDER ONLY," $6,484.29 "," $4,539.00 ",0,Chief,Professional AV Solutions,841872171982,  
WEBLINK,PAC101B,Chief Component Wall Shelf,SPECIAL ORDER ONLY, $233.42 , $163.40 ,0,Chief,Professional AV Solutions,841872098548,  
WEBLINK,PAC390,Chief Furniture Flat Panel Wall Adapter,SPECIAL ORDER ONLY, $649.71 , $454.80 ,0,Chief,Professional AV Solutions,841872040059,  
WEBLINK,PAC400,Chief Rotation Adaptor,SPECIAL ORDER ONLY, $817.49 , $572.24 ,1,Chief,Professional AV Solutions,841872003276,  
WEBLINK,PAC501B,Chief In-Wall Swing Arm Accessory,SPECIAL ORDER ONLY, $850.45 , $595.31 ,0,Chief,Professional AV Solutions,841872109053,  
WEBLINK,PAC525F,In-Wall Box with Flange 16x9,SPECIAL ORDER ONLY, $311.46 , $218.02 ,0,Chief,Professional AV Solutions,841872161358,  
WEBLINK,PAC525FC,In-Wall Box with Flange&Cover,SPECIAL ORDER ONLY, $369.31 , $258.51 ,0,Chief,Professional AV Solutions,841872161372,  
WEBLINK,PAC525FW,In-Wall Box with Flange,SPECIAL ORDER ONLY, $311.46 , $218.02 ,0,Chief,Professional AV Solutions,841872161396,  
WEBLINK,PAC526,Chief Large In-Wall Storage Box,SPECIAL ORDER ONLY, $318.44 , $222.91 ,0,Chief,Professional AV Solutions,841872161419,  
WEBLINK,PAC526F,In-Wall Box with White Flange BLACK,SPECIAL ORDER ONLY, $432.29 , $302.60 ,0,Chief,Professional AV Solutions,841872161440,  
WEBLINK,PAC526FC,In-Wall Box with Flange&Cover - Black,SPECIAL ORDER ONLY, $530.82 , $371.57 ,0,Chief,Professional AV Solutions,841872161464,  
WEBLINK,PAC526FW,In-Wall Box with White Flange,SPECIAL ORDER ONLY, $388.78 , $272.15 ,0,Chief,Professional AV Solutions,841872161488,  
WEBLINK,PAC722,Chief Dual Display Adapter,SPECIAL ORDER ONLY," $1,512.00 "," $1,058.40 ",0,Chief,Professional AV Solutions,841872122649,  
WEBLINK,PAC770,Chief Heavy Duty Castors,SPECIAL ORDER ONLY, $391.71 , $274.20 ,0,Chief,Professional AV Solutions,841872107172,  
WEBLINK,PAC775,Chief Outdoor Casters,SPECIAL ORDER ONLY, $377.93 , $264.55 ,0,Chief,Professional AV Solutions,841872122595,  
WEBLINK,PAC810,Chief VC Camera Shelf - 9inch,SPECIAL ORDER ONLY, $512.87 , $359.01 ,0,Chief,Professional AV Solutions,841872173986,  
WEBLINK,PAC811,Chief VC Camera Shelf - 14inch,SPECIAL ORDER ONLY, $541.32 , $378.92 ,0,Chief,Professional AV Solutions,841872173993,  
WEBLINK,PAC870,Chief Height-Adjustable Accessory Shelf,SPECIAL ORDER ONLY, $442.80 , $309.96 ,0,Chief,Professional AV Solutions,841872174006,  
WEBLINK,PAC900,Chief Portable Flat Panel Stand Case,SPECIAL ORDER ONLY," $1,965.75 "," $1,376.02 ",0,Chief,Professional AV Solutions,841872171197,  
WEBLINK,PACCC1,Chief Center Channel Speaker Adapter,SPECIAL ORDER ONLY, $394.24 , $275.97 ,0,Chief,Professional AV Solutions,841872107813,  
WEBLINK,PACFCB, Cable Floor to Ceiling B2B Accessory,SPECIAL ORDER ONLY, $773.75 , $541.63 ,0,Chief,Professional AV Solutions,841872173504,  
WEBLINK,PACL1,Chief Storage Accessory Box for PAC525,SPECIAL ORDER ONLY, $121.70 , $85.19 ,0,Chief,Professional AV Solutions,841872174563,  
WEBLINK,PACL2,Chief Storage Accessory Box for PAC526,SPECIAL ORDER ONLY, $185.54 , $129.88 ,0,Chief,Professional AV Solutions,841872174570,  
WEBLINK,PF1UB,Chief Large Floor Stand,SPECIAL ORDER ONLY," $2,637.49 "," $1,846.24 ",1,Chief,Professional AV Solutions,841872100654, CORE RANGE 
WEBLINK,PF2UB,Large Dual Display Floor AV Stand,SPECIAL ORDER ONLY," $3,544.16 "," $2,480.91 ",0,Chief,Professional AV Solutions,841872101132,  
WEBLINK,PFB2UB,Chief Medium Bolt Down Table Stand,SPECIAL ORDER ONLY," $3,176.33 "," $2,223.43 ",0,Chief,Professional AV Solutions,841872172422,  
WEBLINK,PNRIWUB,Chief Large In-Wall Swing Arm Mount,SPECIAL ORDER ONLY," $2,294.20 "," $1,605.94 ",0,Chief,Professional AV Solutions,841872109237,  
WEBLINK,PRSU,Chief Portable Flat Panel Stand,SPECIAL ORDER ONLY," $4,410.26 "," $3,087.18 ",0,Chief,Professional AV Solutions,841872169644,  
WEBLINK,PSB2088,Chief 14in SQ Adaptor 55in Cisco Spark,SPECIAL ORDER ONLY," $1,058.00 ", $740.60 ,0,Chief,Professional AV Solutions,841872171845,  
WEBLINK,PSB2104,900x600 VESA Interface Adapter Bracket,SPECIAL ORDER ONLY, $715.09 , $500.56 ,0,Chief,Professional AV Solutions,841872177298,  
WEBLINK,PSMH2485,Chief Heavy Duty Custom Flat Panel Wall,SPECIAL ORDER ONLY," $6,642.75 "," $4,649.93 ",0,Chief,Professional AV Solutions,841872112107,  
WEBLINK,PSMHO2089,Chief Heavy Duty Outdoor Portrait Mount,SPECIAL ORDER ONLY," $5,559.55 "," $3,891.68 ",0,Chief,Professional AV Solutions,841872173146,  
WEBLINK,PSMO2168,Heavy-Duty Outdoor Mount for Samsung 55,SPECIAL ORDER ONLY," $2,689.00 "," $1,882.30 ",0,Chief,Professional AV Solutions,841872176987,  
WEBLINK,PSSUB,Chief Large Flat Panel Swivel Table Stan,SPECIAL ORDER ONLY," $1,745.37 "," $1,221.76 ",0,Chief,Professional AV Solutions,841872070346,  
WEBLINK,PWRUB,Chief Swing Arm Mount,SPECIAL ORDER ONLY," $1,701.55 "," $1,191.09 ",0,Chief,Professional AV Solutions,841872051581,  
WEBLINK,RPAA1W,Chief Security Projector Mount,SPECIAL ORDER ONLY, $686.16 , $480.31 ,7,Chief,Professional AV Solutions,841872104560, CORE RANGE 
WEBLINK,RSA266,Chief Mini Custom RPA Projector Mount,SPECIAL ORDER ONLY, $604.07 , $422.85 ,0,Chief,Professional AV Solutions,841872147772,  
WEBLINK,RSAUW,Chief Projector Mount,SPECIAL ORDER ONLY, $603.45 , $422.41 ,0,Chief,Professional AV Solutions,841872119755,  
WEBLINK,RSMAU,Chief Projector Mount,SPECIAL ORDER ONLY, $447.22 , $313.06 ,1,Chief,Professional AV Solutions,841872119793, CORE RANGE 
WEBLINK,RSMAUW,Chief Projector Mount,SPECIAL ORDER ONLY, $464.12 , $324.88 ,1,Chief,Professional AV Solutions,841872119816, CORE RANGE 
WEBLINK,SCACW,"CHIEF VOYAGER CAMERA ACCESSORY, WHT",SPECIAL ORDER ONLY, $334.18 , $233.93 ,2,Chief,Professional AV Solutions,841872176888, CORE RANGE 
WEBLINK,SCASW,"CHIEF VOYAGER SPEAKER BAR ACCESSORY, WHT",SPECIAL ORDER ONLY, $503.86 , $352.70 ,2,Chief,Professional AV Solutions,841872176901, CORE RANGE 
WEBLINK,SCSSB,"CHIEF VOYAGER SHELF ACCESSORY, BLK",SPECIAL ORDER ONLY, $848.76 , $594.13 ,2,Chief,Professional AV Solutions,841872176918, CORE RANGE 
WEBLINK,SCSSW,"CHIEF VOYAGER SHELF ACCESSORY, WHT",SPECIAL ORDER ONLY, $931.99 , $652.39 ,0,Chief,Professional AV Solutions,841872176925, CORE RANGE 
WEBLINK,SLB281,Chief JVC Projector Interface,SPECIAL ORDER ONLY, $468.11 , $327.68 ,1,Chief,Professional AV Solutions,841872150208,  
WEBLINK,SLB302,Chief RPA Interface Bracket,SPECIAL ORDER ONLY, $463.04 , $324.13 ,0,Chief,Professional AV Solutions,841872155692,  
WEBLINK,SLBLEGB,Chief Universal Projector Leg Accessory,SPECIAL ORDER ONLY, $1.78 , $1.25 ,2,Chief,Professional AV Solutions,841872166858, CORE RANGE 
WEBLINK,SLBLEGW,Chief Universal Projector Leg Accessory,SPECIAL ORDER ONLY, $62.58 , $43.81 ,0,Chief,Professional AV Solutions,841872166841, CORE RANGE 
WEBLINK,SLM281,Chief Custom RPM Interface Bracket,SPECIAL ORDER ONLY, $470.28 , $329.19 ,0,Chief,Professional AV Solutions,,  
WEBLINK,STMS1U,Small Tilt Wall Mount Single Stud,SPECIAL ORDER ONLY, $409.96 , $286.97 ,1,Chief,Professional AV Solutions,841872167749,  
WEBLINK,SYSAUW,Suspended Ceiling Projector,SPECIAL ORDER ONLY," $1,376.58 ", $963.60 ,0,Chief,Professional AV Solutions,841872166179, CORE RANGE 
WEBLINK,TA350,Chief Centre Speaker Adapter,SPECIAL ORDER ONLY, $337.95 , $236.56 ,0,Chief,Professional AV Solutions,841872151830,  
WEBLINK,TA501,Chief Medium THINSTALL wall bo,SPECIAL ORDER ONLY, $981.53 , $687.07 ,1,Chief,Professional AV Solutions,841872156156, CORE RANGE 
WEBLINK,TA502,"THINSTALL IN-WALL BOX- SMALL,TS218/TS118",SPECIAL ORDER ONLY, $674.69 , $472.28 ,0,Chief,Professional AV Solutions,841872156163, CORE RANGE 
WEBLINK,TILD1X2IER-L,"TiLED SAMSUNG IER MOUNT,2 HIGH, LEFT",SPECIAL ORDER ONLY," $1,235.41 ", $864.78 ,0,Chief,Professional AV Solutions,841872176550,  
WEBLINK,TILD1X2IER-M,"TiLED SAMSUNG IER MOUNT,2 HIGH, MIDDLE",SPECIAL ORDER ONLY," $1,236.05 ", $865.23 ,0,Chief,Professional AV Solutions,841872176567,  
WEBLINK,TILD1X2IER-R,"TiLED SAMSUNG IER MOUNT,2 HIGH, RIGHT",SPECIAL ORDER ONLY," $1,235.41 ", $864.78 ,0,Chief,Professional AV Solutions,841872176574,  
WEBLINK,TILD1X3IER-L,"TiLED SAMSUNG IER MOUNT, 3 HIGH, LEFT",SPECIAL ORDER ONLY," $2,019.00 "," $1,413.30 ",0,Chief,Professional AV Solutions,841872176598,  
WEBLINK,TILD1X3IER-M,"TiLED SAMSUNG IER MOUNT, 3 HIGH, MIDDLE",SPECIAL ORDER ONLY," $2,019.00 "," $1,413.30 ",0,Chief,Professional AV Solutions,841872176604,  
WEBLINK,TILD1X3IER-R,"TiLED SAMSUNG IER MOUNT, 3 HIGH, RIGHT",SPECIAL ORDER ONLY," $2,019.00 "," $1,413.30 ",0,Chief,Professional AV Solutions,841872176611,  
WEBLINK,TILSC2HIFH,"TiLED SAMSUNG IFH/IER SIDE COVER, 2 HIGH",SPECIAL ORDER ONLY, $784.60 , $549.22 ,0,Chief,Professional AV Solutions,841872175751,  
WEBLINK,TILSC3HIFH,"TiLED SAMSUNG IFH/IER SIDE COVER, 3 HIGH",SPECIAL ORDER ONLY, $785.87 , $550.11 ,0,Chief,Professional AV Solutions,841872176703,  
WEBLINK,TS218SU,Chief Medium Swing Arm Mount (34kg),SPECIAL ORDER ONLY, $758.61 , $531.02 ,0,Chief,Professional AV Solutions,841872152448,  
WEBLINK,TS318SU,Chief Swing Arm Mount (34kg),SPECIAL ORDER ONLY, $980.22 , $686.15 ,0,Chief,Professional AV Solutions,841872149370,  
WEBLINK,TS325TU,Chief Medium Dual Arm Wall Mount (34kg),SPECIAL ORDER ONLY," $1,335.97 ", $935.18 ,0,Chief,Professional AV Solutions,841872151120, CORE RANGE 
WEBLINK,VPAUW,Vertical & Portrait Projection,SPECIAL ORDER ONLY, $971.43 , $680.00 ,0,Chief,Professional AV Solutions,,  
WEBLINK,WM130AUS,WM130 with RSMAUS Kit,SPECIAL ORDER ONLY," $1,416.35 ", $991.44 ,0,Chief,Professional AV Solutions,841872122984,  
WEBLINK,WP22S,Chief Short Throw Mount (40 inches) Ext,SPECIAL ORDER ONLY, $547.81 , $383.47 ,0,Chief,Professional AV Solutions,841872153926,  
WEBLINK,XBM1U,Chief Fusion XL Single Bolt-Down,SPECIAL ORDER ONLY," $8,585.81 "," $6,010.07 ",0,Chief,Professional AV Solutions,841872164533, CORE RANGE 
WEBLINK,XCB1U,FUSIONª X-Large Single Pole Flat Panel,SPECIAL ORDER ONLY," $3,177.82 "," $2,224.47 ",0,Chief,Professional AV Solutions,841872159409,  
WEBLINK,XCM7000,FUSIONª X-Large Dual Pole Flat Panel Cei,SPECIAL ORDER ONLY," $2,637.61 "," $1,846.33 ",1,Chief,Professional AV Solutions,841872159645,  
WEBLINK,XFD1U,Chief Electric Height Adj. Floor Support,SPECIAL ORDER ONLY," $8,192.26 "," $5,734.58 ",0,Chief,Professional AV Solutions,841872171746,  
WEBLINK,XPD1U,XL Electric Height Adjustable Mobile Car,SPECIAL ORDER ONLY," $8,481.26 "," $5,936.88 ",0,Chief,Professional AV Solutions,841872171791,  
WEBLINK,XVAUB,Chief Video Conferencing Cart,SPECIAL ORDER ONLY," $8,537.18 "," $5,976.03 ",0,Chief,Professional AV Solutions,841872159928,  
WEBLINK,XVM1U,Fusion Extra Large Cart,SPECIAL ORDER ONLY," $8,904.93 "," $6,233.45 ",0,Chief,Professional AV Solutions,841872168272,  
WEBLINK,XVM1X1U,FusionExtra Large Single Screen Freestan,SPECIAL ORDER ONLY," $14,420.75 "," $10,094.52 ",0,Chief,Professional AV Solutions,841872156477,  
WEBLINK,AR100H-CLR,Elite 100D Aeon CLR Fixed Frame,DISCOUNT," $3,140.00 ", $999.00 ,4,Elite Screens,Projection Screens,848448017538,  
WEBLINK,AR100WH2,Elite 100D Aeon Fixed Frame,DISCOUNT," $1,557.40 ", $700.00 ,1,Elite Screens,Projection Screens,, CORE RANGE 
WEBLINK,AR150WH2,Elite 150D Aeon Fixed Frame,DISCOUNT," $2,847.83 ", $899.00 ,1,Elite Screens,Projection Screens,,  
WEBLINK,ITE115HD5-E8,"115'"" Tab Tensioned Diag Screen, 16:9 As",DISCOUNT," $6,321.74 "," $1,999.00 ",1,Elite Screens,Projection Screens,,  
WEBLINK,M119XWS1,"119'"" Diag Screen, 1:1 Aspect Ratio, Whi",DISCOUNT, $618.26 , $210.00 ,1,Elite Screens,Projection Screens,,  
WEBLINK,M84XSR-PRO,"Manual Pull-Down SRM Pro, 84 inches",DISCOUNT, $665.22 , $215.00 ,1,Elite Screens,Projection Screens,0,  
WEBLINK,SB110WH2,Elite Sable Fixed Frame Screen 110D,DISCOUNT, $940.00 , $240.00 ,1,Elite Screens,Projection Screens,848448016906, CORE RANGE 
WEBLINK,SK100NXW-E24,"100'"" Diag Screen, 16:10 Aspect Ratio, W",DISCOUNT," $1,857.39 ", $500.00 ,1,Elite Screens,Projection Screens,,  
WEBLINK,T50UWS1,"50'"" Diag Screen, 1:1 Aspect Ratio, Trip",DISCOUNT, $394.78 , $90.00 ,0,Elite Screens,Projection Screens,,  
WEBLINK,VMAX100UWH2,VMAX Electric Screen 100 inches,DISCOUNT," $1,640.87 ", $999.00 ,3,Elite Screens,Projection Screens,876818005106, CORE RANGE 
WEBLINK,VMAX100XWX2,VMAX Electric Screen 100 inches 16:10,DISCOUNT," $1,682.61 ", $599.00 ,16,Elite Screens,Projection Screens,876818005908,  
WEBLINK,VMAX110XWX2,VMAX Electric Screen 110 inches 16:10,DISCOUNT," $1,851.31 ", $699.00 ,13,Elite Screens,Projection Screens,876818005526,  
WEBLINK,VMAX120XWH2,"VMAX Electric Screen, 120 inches 16:9",DISCOUNT," $1,842.61 ", $899.00 ,5,Elite Screens,Projection Screens,876818005250, CORE RANGE 
WEBLINK,VMAX120XWX2,VMAX Electric Screen 120 inches 16:10,DISCOUNT," $1,948.70 ", $899.00 ,8,Elite Screens,Projection Screens,876818005892,  
WEBLINK,AR120WH2,Elite 120D Aeon Fixed Frame,NORMAL," $1,815.66 "," $1,180.04 ",0,Elite Screens,Projection Screens,, CORE RANGE 
WEBLINK,EB100HW2-E12,Evanesce B Electric Screen 100D,NORMAL," $2,040.00 "," $1,325.76 ",4,Elite Screens,Projection Screens,, CORE RANGE 
WEBLINK,EB120HW2-E8,Evanesce B Electric Screen 120D,NORMAL," $2,524.35 "," $1,640.34 ",4,Elite Screens,Projection Screens,, CORE RANGE 
WEBLINK,ELECTRIC100H,"Elite Electric Screen, 100 inches",NORMAL," $1,148.70 ", $746.21 ,13,Elite Screens,Projection Screens,876818005700, CORE RANGE 
WEBLINK,ELECTRIC125H,"Spectrum Electric Screen, 125 inches",NORMAL," $1,320.87 ", $858.05 ,3,Elite Screens,Projection Screens,876818005717,  
WEBLINK,ELECTRIC150H,"Elite Electric Screen, 150 inches",NORMAL," $2,384.35 "," $1,549.31 ",5,Elite Screens,Projection Screens,848448003999, CORE RANGE 
WEBLINK,ELECTRIC180H,"Elite Electric Screen, 180 inches",NORMAL," $3,833.05 "," $2,491.26 ",1,Elite Screens,Projection Screens,848448004002, CORE RANGE 
WEBLINK,ER100WH2,Elite Sable Fixed Frame Screen 100D,NORMAL," $1,228.70 ", $798.57 ,6,Elite Screens,Projection Screens,848448021610, CORE RANGE 
WEBLINK,ER120WH2,Elite Sable Fixed Frame Screen 120D,NORMAL," $1,410.44 ", $916.73 ,0,Elite Screens,Projection Screens,848448021641, CORE RANGE 
WEBLINK,ER135WH2,Elite Sable Fixed Frame Screen 135D,NORMAL," $1,760.00 "," $1,143.46 ",0,Elite Screens,Projection Screens,848448021634,  
WEBLINK,FT100XWH,ezCinema Tab Tension 100D 16:9,NORMAL," $1,602.61 "," $1,041.52 ",2,Elite Screens,Projection Screens,, CORE RANGE 
WEBLINK,M100UWH,"Manual Pull-Down Screen, 100 inches",NORMAL, $615.66 , $399.83 ,0,Elite Screens,Projection Screens,876818001252, CORE RANGE 
WEBLINK,M100XWH,"Manual Pull-Down Screen, 100"" 16:9 (W)",NORMAL, $615.66 , $399.83 ,0,Elite Screens,Projection Screens,876818001399, CORE RANGE 
WEBLINK,M120UWH2,"Manual Pull-Down Screen, 120 inches",NORMAL, $712.18 , $462.52 ,5,Elite Screens,Projection Screens,876818001405, CORE RANGE 
WEBLINK,M120XWH2,"Manual Pull-Down Screen, 120 inches",NORMAL, $712.18 , $462.52 ,0,Elite Screens,Projection Screens,876818001207, CORE RANGE 
WEBLINK,M150XWH2,"Manual Pull-Down, 150"" 16:9 (W)",NORMAL," $1,056.53 ", $686.23 ,0,Elite Screens,Projection Screens,876818001412,  
WEBLINK,MT100XWH2,"Manual Tab Tension 2 100"" 16:9",NORMAL," $1,212.18 ", $787.75 ,0,Elite Screens,Projection Screens,,  
WEBLINK,SB135WH2,Elite Sable Fixed Frame Screen 135D,NORMAL," $1,208.70 ", $785.35 ,0,Elite Screens,Projection Screens,848448016920, CORE RANGE 
WEBLINK,SB200WH2,Elite Sable Fixed Frame Screen 200D,NORMAL," $1,999.00 "," $1,698.00 ",0,Elite Screens,Projection Screens,,  
WEBLINK,T120UWH,"120'"" Diag Screen, 16:9 Aspect Ratio, Tr",NORMAL, $820.00 , $574.00 ,0,Elite Screens,Projection Screens,,  
WEBLINK,VMAX100XWH2,VMAX Electric Screen 100 inches,NORMAL," $1,640.87 "," $1,066.45 ",0,Elite Screens,Projection Screens,876818005243, CORE RANGE 
WEBLINK,VMAX150UWH2,"VMAX Electric Screen, 150 inches 16:9",NORMAL," $2,640.00 "," $1,715.76 ",0,Elite Screens,Projection Screens,,  
WEBLINK,VMAX150XWH2,VMAX2 Electric Screen 150inches 16:9,NORMAL," $2,640.00 "," $1,715.76 ",4,Elite Screens,Projection Screens,876818005267, CORE RANGE 
WEBLINK,VMAX150XWV2,VMAX2 Electric Screen 150inches 4:3,NORMAL," $2,151.00 "," $1,397.96 ",0,Elite Screens,Projection Screens,,  
WEBLINK,VMAXT100XWH3,VMAX Tab Tension 3 100 Inches 16:9,NORMAL," $2,098.27 "," $1,363.36 ",2,Elite Screens,Projection Screens,, CORE RANGE 
WEBLINK,VMAXT120XWH3,VMAX Tab Tension 3 120 Inches 16:9,NORMAL," $2,365.22 "," $1,537.08 ",11,Elite Screens,Projection Screens,, CORE RANGE 
WEBLINK,VMAXT135XWH3,VMAX Tab Tension 3 135 Inches 16:9,NORMAL," $2,500.87 "," $1,625.13 ",0,Elite Screens,Projection Screens,, CORE RANGE 
WEBLINK,ZSP-WB-W-V2.0,Remote Wall Box V2.0,NORMAL, $139.00 , $94.63 ,0,Elite Screens,Projection Screens,0,  
WEBLINK,AR100DHD3,Elite Aeon Edge Free Fixed Frame 100D,SPECIAL ORDER ONLY," $2,106.09 "," $1,368.59 ",0,Elite Screens,Projection Screens,,  
WEBLINK,AR110DHD3,Elite Aeon CineGrey 3D 110inches Screen,SPECIAL ORDER ONLY," $2,384.61 "," $1,550.00 ",0,Elite Screens,Projection Screens,,  
WEBLINK,AR110WH2,Elite 110D Aeon Fixed Frame,SPECIAL ORDER ONLY," $1,702.61 "," $1,106.38 ",0,Elite Screens,Projection Screens,0,  
WEBLINK,AR120DHD3,Elite Aeon CineGrey 3D 120inches Screen,SPECIAL ORDER ONLY," $2,505.22 "," $1,627.97 ",0,Elite Screens,Projection Screens,848448021306,  
WEBLINK,AR120H2-AUHD,Elite 120D Fixed Frame,SPECIAL ORDER ONLY," $2,691.31 "," $1,749.26 ",0,Elite Screens,Projection Screens,,  
WEBLINK,AR120H-CLR,Elite 120D Aeon CLR Fixed Frame,SPECIAL ORDER ONLY," $3,256.76 "," $2,279.73 ",0,Elite Screens,Projection Screens,84844801947,  
WEBLINK,AR135DHD3,Elite Aeon Edge Free Fixed Frame 135inch,SPECIAL ORDER ONLY," $2,777.40 "," $1,804.89 ",0,Elite Screens,Projection Screens,,  
WEBLINK,AR135H2-AUHD,"135'"" Diag Screen, 16:9 Aspect Ratio, Ed",SPECIAL ORDER ONLY," $3,541.00 "," $2,001.43 ",0,Elite Screens,Projection Screens,,  
WEBLINK,AR135WH2,Elite 135D Aeon Fixed Frame,SPECIAL ORDER ONLY," $2,190.44 "," $1,423.42 ",0,Elite Screens,Projection Screens,,  
WEBLINK,AR150DHD3,Aeon CineGrey 3D,SPECIAL ORDER ONLY," $3,402.61 "," $2,211.58 ",0,Elite Screens,Projection Screens,,  
WEBLINK,AR150H2-AUHD,"150'"" Diag Screen, 16:9 Aspect Ratio, Ed",SPECIAL ORDER ONLY," $3,584.35 "," $2,329.67 ",0,Elite Screens,Projection Screens,,  
WEBLINK,ARE100HW3-E24,Elite Aerie Tension Electric Screen 100D,SPECIAL ORDER ONLY," $6,958.00 "," $4,871.00 ",0,Elite Screens,Projection Screens,,  
WEBLINK,ARE120HW3-E20,Elite Aerie Tension Electric Screen 120D,SPECIAL ORDER ONLY," $5,945.22 "," $3,864.03 ",0,Elite Screens,Projection Screens,,  
WEBLINK,CIRCUIT V2.0,Elite Screen Circuit Board V2.0,SPECIAL ORDER ONLY, $140.00 , $85.00 ,0,Elite Screens,Projection Screens,,  
WEBLINK,DIY141RH1,"Elite DIY Pro Rear Series, 141 inches",SPECIAL ORDER ONLY, $879.00 , $535.00 ,0,Elite Screens,Projection Screens,0,  
WEBLINK,EF138C-PST,Elite Fixed Frame Edge Free Screen 138D,SPECIAL ORDER ONLY," $5,089.57 "," $3,307.98 ",0,Elite Screens,Projection Screens,,  
WEBLINK,ELECTRIC100H-AUHD,Elite 100 inch Motorised Screen UHD,SPECIAL ORDER ONLY," $1,940.87 "," $1,261.40 ",0,Elite Screens,Projection Screens,0,  
WEBLINK,ELECTRIC100HT,Spectrum Tab Tension 2 100 Inches,SPECIAL ORDER ONLY," $1,906.96 "," $1,239.30 ",0,Elite Screens,Projection Screens,,  
WEBLINK,ELECTRIC100V,"Elite Electric Screen, 100 inches",SPECIAL ORDER ONLY," $1,126.09 ", $731.92 ,0,Elite Screens,Projection Screens,,  
WEBLINK,ELECTRIC106X,"Spectrum Electric Screen, 106 inches",SPECIAL ORDER ONLY," $1,224.35 ", $857.04 ,0,Elite Screens,Projection Screens,876818006257,  
WEBLINK,ELECTRIC125H-AUHD,Spectrum (AcousticPro UHD) Screen 125in,SPECIAL ORDER ONLY," $2,540.00 "," $1,650.64 ",0,Elite Screens,Projection Screens,,  
WEBLINK,ELECTRIC125HT,Spectrum Tab Tension 2 125 Inches,SPECIAL ORDER ONLY," $2,293.92 "," $1,490.68 ",4,Elite Screens,Projection Screens,,  
WEBLINK,ELECTRIC128X,"Spectrum Electric Screen, 128 inches",SPECIAL ORDER ONLY," $1,363.48 ", $885.79 ,0,Elite Screens,Projection Screens,876818006264,  
WEBLINK,ELECTRIC84H,"Spectrum Electric Screen, 84 inches",SPECIAL ORDER ONLY," $1,066.96 ", $693.06 ,0,Elite Screens,Projection Screens,876818005694,  
WEBLINK,ELECTRIC84V,"Spectrum Electric Screen, 84 inches",SPECIAL ORDER ONLY," $1,040.00 ", $675.57 ,0,Elite Screens,Projection Screens,876818005663,  
WEBLINK,ELECTRIC90X,"Spectrum Electric Screen, 90D",SPECIAL ORDER ONLY," $1,161.74 ", $754.90 ,0,Elite Screens,Projection Screens,876818006288,  
WEBLINK,ER100WX1,"Elite CineWhite 100"" Fixed Frame Screen",SPECIAL ORDER ONLY," $1,403.48 ", $911.93 ,0,Elite Screens,Projection Screens,,  
WEBLINK,ER106WH2,Elite Sable Fixed Frame Screen 106D,SPECIAL ORDER ONLY," $1,324.35 ", $860.41 ,0,Elite Screens,Projection Screens,848448021627,  
WEBLINK,ER110WH2,Elite Sable Fixed Frame Screen 110D,SPECIAL ORDER ONLY," $1,333.05 ", $865.98 ,0,Elite Screens,Projection Screens,848448021375,  
WEBLINK,ER120DHD3,Sable Frame Cinegrey 3D 120D,SPECIAL ORDER ONLY," $2,440.86 "," $1,586.47 ",0,Elite Screens,Projection Screens,,  
WEBLINK,ER120WX1,"Sable Fixed Frame Screen 120"" 16:10",SPECIAL ORDER ONLY," $1,587.83 "," $1,031.69 ",0,Elite Screens,Projection Screens,,  
WEBLINK,ER150WH1,Sable Fixed Frame Screen 150 inches,SPECIAL ORDER ONLY, $244.00 , $149.00 ,0,Elite Screens,Projection Screens,848448017224,  
WEBLINK,ER150WH2,Elite Fixed Frame Screen 150D,SPECIAL ORDER ONLY," $2,406.09 "," $1,563.53 ",0,Elite Screens,Projection Screens,,  
WEBLINK,ER180WH2,Sable Fixed Frame Screen 180 inches,SPECIAL ORDER ONLY," $3,073.92 "," $1,998.04 ",0,Elite Screens,Projection Screens,848448022020,  
WEBLINK,ER200WH2,Sable Fixed Frame Screen 200 inches,SPECIAL ORDER ONLY," $3,439.14 "," $2,235.09 ",0,Elite Screens,Projection Screens,848448022402,  
WEBLINK,ETB100HW2-E12,Evanesce Tab-Tension B Series 100 inch,SPECIAL ORDER ONLY," $2,384.62 "," $1,550.00 ",0,Elite Screens,Projection Screens,,  
WEBLINK,ETB110HW2-E8,Evanesce Tab-Tension B Series 110 inch,SPECIAL ORDER ONLY," $2,584.00 "," $1,680.00 ",0,Elite Screens,Projection Screens,,  
WEBLINK,F100NWH,"Elite 100""16:9 Portable Screen",SPECIAL ORDER ONLY," $1,170.00 ", $660.78 ,0,Elite Screens,Projection Screens,, CORE RANGE 
WEBLINK,F100NWX2,ezCinema Plus 16:10 100 inch,SPECIAL ORDER ONLY," $1,579.00 ", $892.33 ,0,Elite Screens,Projection Screens,,  
WEBLINK,F100XWH1,"Elite 100""16:9 Floor Pullup Screen",SPECIAL ORDER ONLY," $1,360.00 ", $883.54 ,0,Elite Screens,Projection Screens,876818004048,  
WEBLINK,F100XWV1,"Elite 4:3 100"" Pull Up Screen",SPECIAL ORDER ONLY," $1,243.48 ", $808.17 ,0,Elite Screens,Projection Screens,876818004024,  
WEBLINK,F110NWX2,ezCinema Plus 16:10 110 inch,SPECIAL ORDER ONLY," $1,573.04 "," $1,022.42 ",0,Elite Screens,Projection Screens,,  
WEBLINK,F120NWH, EliteeZCinema Floor Pull-Up Screen 120D,SPECIAL ORDER ONLY," $1,473.05 ", $957.46 ,0,Elite Screens,Projection Screens,876818004284,  
WEBLINK,F123NWX,Floor Pull-up Screen 123 inches,SPECIAL ORDER ONLY," $1,933.05 "," $1,256.25 ",0,Elite Screens,Projection Screens,0,  
WEBLINK,F150NWH,ezCinema 150 inch portable pullup screen,SPECIAL ORDER ONLY," $1,943.00 "," $1,262.87 ",0,Elite Screens,Projection Screens,,  
WEBLINK,F80NWX,Elite Floor Pull-up Screen 80 inches,SPECIAL ORDER ONLY, $854.79 , $555.27 ,0,Elite Screens,Projection Screens,848448005962,  
WEBLINK,F84NWH,"80'"" Diag Screen, 16:9 Aspect Ratio, Por",SPECIAL ORDER ONLY, $881.74 , $572.72 ,0,Elite Screens,Projection Screens,876818004208,  
WEBLINK,F84XWH1,"Elite 16:9 84"" Pull Up Screen",SPECIAL ORDER ONLY," $1,133.05 ", $736.00 ,0,Elite Screens,Projection Screens,,  
WEBLINK,F95NWX,Floor Pull-up Screen 95 inches,SPECIAL ORDER ONLY, $978.27 , $635.40 ,0,Elite Screens,Projection Screens,,  
WEBLINK,FT110XWH,ezCinema Tab Tension 110D 16:9,SPECIAL ORDER ONLY," $1,724.35 "," $1,120.78 ",0,Elite Screens,Projection Screens,,  
WEBLINK,FT80XWH,"Elite 80"" Floor Pull-Up Screen",SPECIAL ORDER ONLY," $1,348.70 ", $876.60 ,0,Elite Screens,Projection Screens,0,  
WEBLINK,FT80XWV,"Elite 80"" Floor Pull-Up Screen",SPECIAL ORDER ONLY," $1,226.96 ", $797.35 ,0,Elite Screens,Projection Screens,,  
WEBLINK,FT92XWH,Elite 92D Floor Pull-Up Screen Tab Tensi,SPECIAL ORDER ONLY," $1,523.48 ", $990.04 ,0,Elite Screens,Projection Screens,,  
WEBLINK,FTE101UH2-CLR-E8,Elite Screens Kestrel Tab-Tension 2 CLR,SPECIAL ORDER ONLY," $5,961.74 "," $3,874.80 ",0,Elite Screens,Projection Screens,,  
WEBLINK,FTE121UH2-CLR-E12,Elite Screens Kestrel Tab-Tension 2 CLR,SPECIAL ORDER ONLY," $8,195.66 "," $5,327.06 ",0,Elite Screens,Projection Screens,,  
WEBLINK,FTE133H3,Elite Screens Kestrel Tab-Tension 3,SPECIAL ORDER ONLY," $6,376.53 "," $4,144.58 ",0,Elite Screens,Projection Screens,,  
WEBLINK,FTE150H3,Elite Screens Kestrel Tab-Tension 3,SPECIAL ORDER ONLY," $7,600.87 "," $4,940.37 ",0,Elite Screens,Projection Screens,,  
WEBLINK,ITE133HD5-E8,"133'"" Tab Tensioned Diag Screen, 16:9 As",SPECIAL ORDER ONLY," $6,838.27 "," $4,444.81 ",0,Elite Screens,Projection Screens,,  
WEBLINK,IWB114XW2A,"Elite Insta-DE 2A Screen, 114D",SPECIAL ORDER ONLY," $3,164.00 "," $1,926.00 ",0,Elite Screens,Projection Screens,,  
WEBLINK,IWB5X30W2A,Large Sheet Coverage White Board Screen,SPECIAL ORDER ONLY," $1,444.47 "," $1,011.13 ",0,Elite Screens,Projection Screens,,  
WEBLINK,IWB63VW,"Soft Pad White Board Screen, 63 inches",SPECIAL ORDER ONLY, $452.17 , $316.52 ,0,Elite Screens,Projection Screens,0,  
WEBLINK,M100NWV1,Elite Manual Pull Down 100in 4:3,SPECIAL ORDER ONLY, $543.48 , $352.97 ,0,Elite Screens,Projection Screens,0,  
WEBLINK,M100XSR-PRO,"Manual Pull-Down SRM Pro,100 inches",SPECIAL ORDER ONLY, $815.66 , $529.81 ,0,Elite Screens,Projection Screens,0,  
WEBLINK,M109NWX,"Manual Pull-Down Screen, 109"" 16:10 (W)",SPECIAL ORDER ONLY, $640.87 , $416.48 ,0,Elite Screens,Projection Screens,876818001115,  
WEBLINK,M109UWX,"109'"" Diag Screen, 16:10 Aspect Ratio, B",SPECIAL ORDER ONLY, $640.87 , $416.48 ,0,Elite Screens,Projection Screens,,  
WEBLINK,M120HSR-PRO,"Manual Pull-Down SRM Pro, 120 inches",SPECIAL ORDER ONLY, $894.79 , $581.37 ,0,Elite Screens,Projection Screens,876818001887,  
WEBLINK,M120XWV2,"120'"" Diag Screen, 4:3 Aspect Ratio, Wht",SPECIAL ORDER ONLY, $694.78 , $451.31 ,0,Elite Screens,Projection Screens,,  
WEBLINK,M128NWX,"Manual Pull-Down Screen, 128 inches",SPECIAL ORDER ONLY, $852.18 , $553.78 ,0,Elite Screens,Projection Screens,876818001627,  
WEBLINK,M128UWX,"Manual Pull-Down Screen, 128 inches",SPECIAL ORDER ONLY, $852.18 , $553.78 ,0,Elite Screens,Projection Screens,,  
WEBLINK,M135UWH2,"Manual Pull-Down Screen, 135 inches",SPECIAL ORDER ONLY, $875.66 , $568.86 ,0,Elite Screens,Projection Screens,876818001597,  
WEBLINK,M135XWH2,"Manual Pull-Down Screen, 135 inches",SPECIAL ORDER ONLY, $875.66 , $568.86 ,0,Elite Screens,Projection Screens,0,  
WEBLINK,M139NWX,"Manual Pull-Down Screen, 139 inches",SPECIAL ORDER ONLY, $956.53 , $621.18 ,0,Elite Screens,Projection Screens,876818001535,  
WEBLINK,M139UWX,"Manual Pull-Down Screen, 139 inches",SPECIAL ORDER ONLY, $956.53 , $621.18 ,0,Elite Screens,Projection Screens,876818001559,  
WEBLINK,M150UWH2,"Manual Pull-Down Screen, 150"" 16:9  (B)",SPECIAL ORDER ONLY," $1,056.53 ", $686.23 ,0,Elite Screens,Projection Screens,876818001085,  
WEBLINK,M84HSR-PRO,"Manual Pull-Down SRM Pro, 84 inches",SPECIAL ORDER ONLY, $660.87 , $429.06 ,0,Elite Screens,Projection Screens,876818001863,  
WEBLINK,M84UWH,"Manual Pull-Down Screen, 84 inches",SPECIAL ORDER ONLY, $471.31 , $199.00 ,0,Elite Screens,Projection Screens,876818001504,  
WEBLINK,M86NWX,"Manual Pull-Down Screen, 86 inches",SPECIAL ORDER ONLY, $464.35 , $301.41 ,0,Elite Screens,Projection Screens,876818001641,  
WEBLINK,M92UWH,"Manual Pull-Down Screen, 84 inches",SPECIAL ORDER ONLY, $546.96 , $355.33 ,0,Elite Screens,Projection Screens,876818001665,  
WEBLINK,M92XWH,"Manual Pull-Down Screen, 84 inches",SPECIAL ORDER ONLY, $546.96 , $355.33 ,0,Elite Screens,Projection Screens,876818001184,  
WEBLINK,M94NWX,"Manual Pull-Down, 94"" 16:10 (W)",SPECIAL ORDER ONLY, $527.83 , $199.00 ,0,Elite Screens,Projection Screens,876818001184,  
WEBLINK,M94UWX,"Manual Pull-Down, 94"" 16:10 (B)",SPECIAL ORDER ONLY, $527.83 , $342.64 ,0,Elite Screens,Projection Screens,0,  
WEBLINK,M99NWS1,Elite Manual Pull Down Projection Screen,SPECIAL ORDER ONLY, $447.83 , $291.09 ,0,Elite Screens,Projection Screens,,  
WEBLINK,MT100NWX2,"Manual Tab Tension 2 100"" 16:10",SPECIAL ORDER ONLY," $1,208.70 ", $785.35 ,0,Elite Screens,Projection Screens,,  
WEBLINK,MT113NWX2,Manual Tab Tension 2 113,SPECIAL ORDER ONLY," $1,318.27 ", $856.75 ,0,Elite Screens,Projection Screens,,  
WEBLINK,MT120XWH2,"Manual Tab Tension 2 120"" 16:9",SPECIAL ORDER ONLY," $1,353.04 ", $879.00 ,0,Elite Screens,Projection Screens,, CORE RANGE 
WEBLINK,MT125XWH3-E12,"Manual Tab Tension 3 125"" 16:9",SPECIAL ORDER ONLY," $1,866.00 "," $1,055.00 ",0,Elite Screens,Projection Screens,,  
WEBLINK,MT135XWH2,Manual Tab Tension 2 135,SPECIAL ORDER ONLY," $1,465.22 ", $951.86 ,0,Elite Screens,Projection Screens,,  
WEBLINK,MT138XWH2,Manual Tab Tension 2 138,SPECIAL ORDER ONLY," $1,622.61 "," $1,054.32 ",0,Elite Screens,Projection Screens,848448032326,  
WEBLINK,OMS100H2,"Elite Yard Master Screen, 110inches",SPECIAL ORDER ONLY, $946.08 , $614.67 ,0,Elite Screens,Projection Screens,,  
WEBLINK,OMS100H-ELECTRIC,"100'"" Diag Screen, 16:9 Aspect Ratio, Bl",SPECIAL ORDER ONLY," $2,394.78 "," $1,556.33 ",0,Elite Screens,Projection Screens,,  
WEBLINK,OMS100HM,"100'"" Diag Screen, 16:9 Aspect Ratio, Bl",SPECIAL ORDER ONLY," $1,161.74 ", $755.01 ,0,Elite Screens,Projection Screens,,  
WEBLINK,OMS100HT-ELECTRODUAL,Elite Screens Yard Master Electric,SPECIAL ORDER ONLY," $5,339.00 "," $3,250.00 ",0,Elite Screens,Projection Screens,,  
WEBLINK,OMS110H2,"Elite Yard Master Screen, 110inches",SPECIAL ORDER ONLY, $981.74 , $637.66 ,0,Elite Screens,Projection Screens,848448016043,  
WEBLINK,OMS110HR2,Yard Master 2 Outdoor Projection Screen,SPECIAL ORDER ONLY," $1,164.35 ", $756.55 ,0,Elite Screens,Projection Screens,,  
WEBLINK,OMS120H2,"Elite Yard Master 2 120"" Outdoor Screen",SPECIAL ORDER ONLY," $1,046.09 ", $679.69 ,0,Elite Screens,Projection Screens,848448022563,  
WEBLINK,OMS120H2-DUAL,Elite Yard Master 2 Dual 120D,SPECIAL ORDER ONLY," $1,917.00 "," $1,083.18 ",0,Elite Screens,Projection Screens,,  
WEBLINK,OMS120H-ELECTRIC,"Elite Yard Master 120"" Electric Screen",SPECIAL ORDER ONLY," $2,714.79 "," $1,764.09 ",0,Elite Screens,Projection Screens,,  
WEBLINK,OMS120HR2,Yard Master 2 Outdoor Projection Screen,SPECIAL ORDER ONLY," $1,228.70 ", $798.58 ,0,Elite Screens,Projection Screens,,  
WEBLINK,OMS135H2,Yard Master 2 Outdoor Projection Screen,SPECIAL ORDER ONLY," $1,422.61 ", $924.66 ,0,Elite Screens,Projection Screens,848448015893,  
WEBLINK,OMS135H2-DUAL,Elite Yard Master 2 Dual 135D,SPECIAL ORDER ONLY," $2,158.27 "," $1,402.62 ",0,Elite Screens,Projection Screens,,  
WEBLINK,OMS135HR2,Elite Yard Master Rear 135D,SPECIAL ORDER ONLY," $1,666.96 "," $1,083.18 ",0,Elite Screens,Projection Screens,0,  
WEBLINK,OMS135HT-ELECTRODUAL,Elite Screens Yard Master Tab-Tension135,SPECIAL ORDER ONLY," $5,075.38 "," $3,299.00 ",0,Elite Screens,Projection Screens,,  
WEBLINK,OMS145H2PLUS,Elite Yard Master Plus,SPECIAL ORDER ONLY," $1,823.48 "," $1,184.83 ",0,Elite Screens,Projection Screens,,  
WEBLINK,OMS150H2-DUAL,Elite Yard Master 2 Dual 150D,SPECIAL ORDER ONLY," $2,904.00 "," $1,887.77 ",0,Elite Screens,Projection Screens,,  
WEBLINK,OMS150HT-ELECTRODUAL,Elite Screens Yard Master Electric,SPECIAL ORDER ONLY," $5,700.87 "," $3,705.08 ",0,Elite Screens,Projection Screens,,  
WEBLINK,OMS180H2-DUAL,Elite Yard Master 2 Dual 180D,SPECIAL ORDER ONLY," $3,648.70 "," $2,371.33 ",0,Elite Screens,Projection Screens,,  
WEBLINK,OMS180H2PLUS,Elite Yard Master Plus,SPECIAL ORDER ONLY," $2,300.00 "," $1,494.87 ",0,Elite Screens,Projection Screens,,  
WEBLINK,OMS200H1,Yardmaster2 Portable Screen 200in,SPECIAL ORDER ONLY," $2,599.12 "," $1,819.39 ",0,Elite Screens,Projection Screens,0,  
WEBLINK,OMS200H2PLUS,Elite Yard Master Plus,SPECIAL ORDER ONLY," $2,692.17 "," $1,749.90 ",0,Elite Screens,Projection Screens,,  
WEBLINK,PMT135HT2-E12,"Elite PowerMax Tension, Black Case",SPECIAL ORDER ONLY," $4,506.96 "," $2,929.34 ",0,Elite Screens,Projection Screens,,  
WEBLINK,PMT150HT2-E20,"Elite PowerMax Tension, Black Case",SPECIAL ORDER ONLY," $6,311.30 "," $4,102.17 ",0,Elite Screens,Projection Screens,,  
WEBLINK,R100DHD5,Elite EzFrame Fixed Frame 100 inch,SPECIAL ORDER ONLY," $2,549.57 "," $1,656.93 ",0,Elite Screens,Projection Screens,0,  
WEBLINK,R100RH1,"Elite ezFrame Rear Screen, 100in",SPECIAL ORDER ONLY," $1,956.53 "," $1,271.73 ",0,Elite Screens,Projection Screens,0,  
WEBLINK,R106WH1-A1080P2,ezFrame Acoustic Fixed Frame 106 inches,SPECIAL ORDER ONLY," $2,571.31 "," $1,671.22 ",0,Elite Screens,Projection Screens,876818000361,  
WEBLINK,R110DHD5,"Elite ezFrame 110"" 16:9 Screen",SPECIAL ORDER ONLY," $2,758.27 "," $1,792.52 ",0,Elite Screens,Projection Screens,,  
WEBLINK,R110WH1-A1080P3,ezFrame Acoustic Fixed Frame 110 inches,SPECIAL ORDER ONLY," $2,777.40 "," $1,805.20 ",0,Elite Screens,Projection Screens,848448003630,  
WEBLINK,R120DHD5,Elite EzFrame Fixed Frame 120 inch,SPECIAL ORDER ONLY," $3,128.70 "," $2,033.49 ",0,Elite Screens,Projection Screens,,  
WEBLINK,R120RH1,Elite EzFrame Fixed Frame 120 inch,SPECIAL ORDER ONLY," $2,249.57 "," $1,462.03 ",0,Elite Screens,Projection Screens,,  
WEBLINK,R120WH1-A1080P3,ezFrame Acoustic Fixed Frame 120 inches,SPECIAL ORDER ONLY," $2,988.70 "," $1,942.34 ",0,Elite Screens,Projection Screens,848448000882,  
WEBLINK,R120WV1,Elite ezFrame 4:3 Fixed Framed Screen,SPECIAL ORDER ONLY," $2,546.09 "," $1,654.72 ",0,Elite Screens,Projection Screens,0,  
WEBLINK,R125WH1W-A4K,Elite Cinema235 Acoustic4K,SPECIAL ORDER ONLY," $3,619.14 "," $2,352.13 ",0,Elite Screens,Projection Screens,0,  
WEBLINK,R135DHD5,Elite EzFrame Fixed Frame 135 inch,SPECIAL ORDER ONLY," $3,552.18 "," $2,308.57 ",0,Elite Screens,Projection Screens,,  
WEBLINK,R135WH1-A1080P2,ezFrame Acoustic Fixed Frame 135 inches,SPECIAL ORDER ONLY, $256.00 , $156.00 ,0,Elite Screens,Projection Screens,848448022389,  
WEBLINK,R138WH1W-A4K,Elite Cinema235 Acoustic4K,SPECIAL ORDER ONLY," $4,297.40 "," $2,792.86 ",0,Elite Screens,Projection Screens,,  
WEBLINK,R150WH1-A1080P3,ezFrame Acoustic Fixed Frame 150 inches,SPECIAL ORDER ONLY," $3,693.92 "," $2,400.56 ",0,Elite Screens,Projection Screens,848448000905,  
WEBLINK,R92WH1-A1080P2,ezFrame Acoustic Fixed Frame 92 inches,SPECIAL ORDER ONLY," $2,283.48 "," $1,484.12 ",0,Elite Screens,Projection Screens,876818000347,  
WEBLINK,SB100WH2,Elite Sable Fixed Frame Screen 100D,SPECIAL ORDER ONLY, $810.44 , $526.77 ,0,Elite Screens,Projection Screens,,  
WEBLINK,SB120WH2,Elite Sable Fixed Frame Screen 120D,SPECIAL ORDER ONLY," $1,069.57 ", $694.89 ,0,Elite Screens,Projection Screens,848448016913,  
WEBLINK,SB150WH2,Elite Sable Frame B2 150D,SPECIAL ORDER ONLY," $1,582.60 "," $1,030.32 ",0,Elite Screens,Projection Screens,0,  
WEBLINK,SB165,Elite Sable Fixed Frame Screen 165D,SPECIAL ORDER ONLY," $1,999.00 "," $1,698.00 ",0,Elite Screens,Projection Screens,,  
WEBLINK,SB180,Elite Sable Fixed Frame Screen 180D,SPECIAL ORDER ONLY," $1,999.00 "," $1,698.00 ",0,Elite Screens,Projection Screens,,  
WEBLINK,SB92WH2,"92'"" Diag Screen, 16:9 Aspect Ratio",SPECIAL ORDER ONLY, $745.21 , $483.93 ,0,Elite Screens,Projection Screens,,  
WEBLINK,SE100WH1-A4K,"Elite ezFrame 100"" Acoustic4K 16:9 Fixed",SPECIAL ORDER ONLY," $3,289.57 "," $2,138.05 ",0,Elite Screens,Projection Screens,,  
WEBLINK,SE110WH1-A4K,ezFrame Acoustic4K 110 inches,SPECIAL ORDER ONLY," $3,580.87 "," $2,327.48 ",0,Elite Screens,Projection Screens,,  
WEBLINK,SE120WH1-A4K,ezFrame Acoustic4K 120 inches,SPECIAL ORDER ONLY," $3,824.35 "," $2,485.27 ",0,Elite Screens,Projection Screens,,  
WEBLINK,SE135WH1-A4K,ezFrame Acoustic4K 135 inches,SPECIAL ORDER ONLY," $4,294.79 "," $2,791.26 ",0,Elite Screens,Projection Screens,,  
WEBLINK,SE150WH1-A4K,ezFrame Acoustic4K 150 inches,SPECIAL ORDER ONLY," $5,156.53 "," $3,351.67 ",0,Elite Screens,Projection Screens,,  
WEBLINK,SE84WH1-A4K,ezFrame Acoustic4K Fixed Frame 84 inches,SPECIAL ORDER ONLY," $2,534.79 "," $1,647.37 ",0,Elite Screens,Projection Screens,,  
WEBLINK,SK100XHW-E24,"100'"" Diag Screen, 16:9 Aspect Ratio, Wh",SPECIAL ORDER ONLY," $1,857.39 "," $1,300.00 ",0,Elite Screens,Projection Screens,,  
WEBLINK,SK110XHW-E24,Elite 110D Saker Electric Screen,SPECIAL ORDER ONLY," $2,048.70 "," $1,331.36 ",0,Elite Screens,Projection Screens,848448013752,  
WEBLINK,SK120NXW-E12,Elite 120D 16:10 Saker Electric Screen,SPECIAL ORDER ONLY," $2,053.92 "," $1,334.56 ",0,Elite Screens,Projection Screens,,  
WEBLINK,SK120XHW-E20,Elite 120D 16:9 Saker Electric Screen,SPECIAL ORDER ONLY," $2,115.66 "," $1,374.99 ",0,Elite Screens,Projection Screens,,  
WEBLINK,SK200NXW2,"Elite Saker 200"" Motorised Projection",SPECIAL ORDER ONLY," $7,266.09 "," $4,722.47 ",0,Elite Screens,Projection Screens,0,  
WEBLINK,SK84XHW-E24,Elite 84 inch Saker Electric Screen,SPECIAL ORDER ONLY," $1,449.57 ", $942.12 ,0,Elite Screens,Projection Screens,,  
WEBLINK,SKT100UHD5-E12,Elite Saber Tab-Tension 100inch,SPECIAL ORDER ONLY," $6,190.44 "," $4,023.78 ",0,Elite Screens,Projection Screens,0,  
WEBLINK,SKT100XH-CLR-E12,Elite UST Motorized Screen 100D,SPECIAL ORDER ONLY," $5,580.87 "," $3,627.48 ",0,Elite Screens,Projection Screens,,  
WEBLINK,SKT110XHW-E24,Elite Saker Tab-Tension 110D,SPECIAL ORDER ONLY," $2,360.00 "," $1,533.51 ",0,Elite Screens,Projection Screens,,  
WEBLINK,SKT120UHD5-E12,"Saker Tab-Tension CineGrey 120"" 5D",SPECIAL ORDER ONLY," $7,840.00 "," $4,431.27 ",0,Elite Screens,Projection Screens,,  
WEBLINK,SKT120XH-CLR-E12,"SAKER TAB-TENSION CLR 120"" FOR UST",SPECIAL ORDER ONLY," $8,029.57 "," $5,219.06 ",0,Elite Screens,Projection Screens,,  
WEBLINK,SKT120XHW-E20,"Elite Saker Tab Tension, 120D Black Case",SPECIAL ORDER ONLY," $2,672.18 "," $1,736.46 ",0,Elite Screens,Projection Screens,,  
WEBLINK,SKT135UHD5-E10,Elite Saker Tab-Tension CineGrey 5D,SPECIAL ORDER ONLY," $7,440.00 "," $4,835.57 ",0,Elite Screens,Projection Screens,0,  
WEBLINK,SKT135XHB-E6,"Elite Saker Tab Tension, Black Case",SPECIAL ORDER ONLY," $3,570.00 "," $2,173.00 ",0,Elite Screens,Projection Screens,0,  
WEBLINK,SKT135XHW-E6,"Elite Saker Tab Tension, White Case",SPECIAL ORDER ONLY," $2,866.95 "," $1,863.34 ",0,Elite Screens,Projection Screens,,  
WEBLINK,SKT150XHW-E6,"Elite Saker Tab Tension, White Case",SPECIAL ORDER ONLY," $4,479.13 "," $2,910.88 ",0,Elite Screens,Projection Screens,,  
WEBLINK,SKT92XHD5-E12,Saker Tab-Tension CineGrey 5D,SPECIAL ORDER ONLY," $6,839.00 "," $3,865.25 ",0,Elite Screens,Projection Screens,,  
WEBLINK,ST120XWX2-E12,Elite 120D 16:10 Starling 2 Electric,SPECIAL ORDER ONLY," $2,106.09 "," $1,368.59 ",0,Elite Screens,Projection Screens,,  
WEBLINK,STT100XWH2-E12,"100'"" Diag Screen, 16:9 Aspect Ratio, Wh",SPECIAL ORDER ONLY," $2,596.53 "," $1,687.60 ",0,Elite Screens,Projection Screens,,  
WEBLINK,STT110XWH2-E12,"110'"" Diag Screen, 16:9 Aspect Ratio, Wh",SPECIAL ORDER ONLY," $2,849.57 "," $1,851.72 ",0,Elite Screens,Projection Screens,,  
WEBLINK,STT120UHD4AT-E16.73,120Ó 16:9 acoustic transparent 425mm BD,SPECIAL ORDER ONLY," $8,494.00 "," $5,946.00 ",0,Elite Screens,Projection Screens,,  
WEBLINK,STT120XWH2-E12,Starling Tab-Tension 2 Electric 120D,SPECIAL ORDER ONLY," $3,104.35 "," $2,017.43 ",0,Elite Screens,Projection Screens,,  
WEBLINK,STT120XWX2-E12,Elite 120D 16:10 Starling 2 Electric TT,SPECIAL ORDER ONLY," $3,226.96 "," $2,097.49 ",0,Elite Screens,Projection Screens,,  
WEBLINK,STT135XWH2-E6,Starling Tab-Tension 2 Electric 135D,SPECIAL ORDER ONLY," $3,371.31 "," $2,191.15 ",0,Elite Screens,Projection Screens,,  
WEBLINK,STT150ATND3-E12,Starling Tab-Tension AcousticPro 4K 150D,SPECIAL ORDER ONLY," $7,173.00 "," $4,054.17 ",0,Elite Screens,Projection Screens,,  
WEBLINK,STT150XWH2-E6,Starling Tab-Tension 2 Electric 150D,SPECIAL ORDER ONLY," $4,530.44 "," $2,944.55 ",0,Elite Screens,Projection Screens,848448017484,  
WEBLINK,T100UWH,"100'"" Diag Screen, 16:9 Aspect Ratio, Tr",SPECIAL ORDER ONLY, $637.40 , $414.13 ,0,Elite Screens,Projection Screens,,  
WEBLINK,T100UWV1,"100'"" Diag Screen, 4:3 Aspect Ratio, Tri",SPECIAL ORDER ONLY, $607.83 , $395.07 ,0,Elite Screens,Projection Screens,,  
WEBLINK,T113UWS1,"Elite 113"" Tripod Projection Screen",SPECIAL ORDER ONLY, $607.83 , $395.08 ,0,Elite Screens,Projection Screens,,  
WEBLINK,T113UWS1-PRO,Elite Tripod Pro Screen 113inches,SPECIAL ORDER ONLY, $718.27 , $466.41 ,0,Elite Screens,Projection Screens,876818003034,  
WEBLINK,T119UWS1,"Elite 119"" Tripod Projection Screen",SPECIAL ORDER ONLY, $695.66 , $452.16 ,0,Elite Screens,Projection Screens,0,  
WEBLINK,T120NWV1,"120'"" Diag Screen, 4:3 Aspect Ratio, Tri",SPECIAL ORDER ONLY, $753.04 , $489.45 ,0,Elite Screens,Projection Screens,,  
WEBLINK,T136UWS1,"Elite 136"" Tripod Projection Screen",SPECIAL ORDER ONLY, $776.53 , $504.52 ,0,Elite Screens,Projection Screens,,  
WEBLINK,T85UWS1,"Tripod Screen, 85 inches",SPECIAL ORDER ONLY, $498.27 , $323.66 ,0,Elite Screens,Projection Screens,876818003225,  
WEBLINK,T92UWH,Elite 92D Portable Tripod Screen 16:9,SPECIAL ORDER ONLY, $546.96 , $355.45 ,0,Elite Screens,Projection Screens,0,  
WEBLINK,TE100HR2-DUAL,Elite 100D CineTension 2 WrathVeil Dual,SPECIAL ORDER ONLY," $5,468.77 "," $3,828.14 ",0,Elite Screens,Projection Screens,0,  
WEBLINK,TTP100UWH-D,Tripod Tab Tension Pro 100 inch portable,SPECIAL ORDER ONLY," $1,447.83 ", $940.60 ,0,Elite Screens,Projection Screens,,  
WEBLINK,TTP110UWH-D,Tripod Tab Tension Pro 110 inch portable,SPECIAL ORDER ONLY," $1,588.70 "," $1,032.66 ",0,Elite Screens,Projection Screens,,  
WEBLINK,VMAX106UWX2,VMAX Electric Screen 106 inches,SPECIAL ORDER ONLY," $1,771.31 "," $1,151.24 ",0,Elite Screens,Projection Screens,876818005342,  
WEBLINK,VMAX110UWH2,VMAX Electric Screen 110 inches,SPECIAL ORDER ONLY," $1,787.83 "," $1,161.60 ",0,Elite Screens,Projection Screens,876818005410,  
WEBLINK,VMAX110XWH2,VMAX Electric Screen 110 inches,SPECIAL ORDER ONLY," $1,787.83 "," $1,161.60 ",0,Elite Screens,Projection Screens,876818005526,  
WEBLINK,VMAX120UWH2,"VMAX Electric Screen, 120 inches 16:9",SPECIAL ORDER ONLY," $1,842.61 "," $1,197.30 ",0,Elite Screens,Projection Screens,876818005144,  
WEBLINK,VMAX130XWX2,VMAX Electric Screen 130 inches,SPECIAL ORDER ONLY," $2,472.18 "," $1,606.37 ",0,Elite Screens,Projection Screens,876818005434,  
WEBLINK,VMAX135UWH2,"VMAX Electric Screen, 135 inches",SPECIAL ORDER ONLY," $2,306.96 "," $1,499.32 ",0,Elite Screens,Projection Screens,876818005601,  
WEBLINK,VMAX135XWH2,"VMAX Electric Screen, 135 inches 16:9",SPECIAL ORDER ONLY," $2,306.96 "," $1,499.32 ",0,Elite Screens,Projection Screens,0,  
WEBLINK,VMAX140XWX2,VMAX Electric Screen 140 inches,SPECIAL ORDER ONLY," $2,731.31 "," $1,775.29 ",0,Elite Screens,Projection Screens,876818005199,  
WEBLINK,VMAX150XWX2,VMAX Electric Screen 150 inches 16:10,SPECIAL ORDER ONLY," $2,794.79 "," $1,816.52 ",0,Elite Screens,Projection Screens,876818005519,  
WEBLINK,VMAX180XWX2,VMAX Electric Screen 180 inches,SPECIAL ORDER ONLY," $4,234.79 "," $2,752.46 ",0,Elite Screens,Projection Screens,876818005328,  
WEBLINK,VMAX90XWX2,VMAX Electric Screen 90 inches,SPECIAL ORDER ONLY," $1,580.87 "," $1,027.55 ",0,Elite Screens,Projection Screens,876818005915,  
WEBLINK,VMAX92UWH2,VMAX Electric Screen 92inches 16:9,SPECIAL ORDER ONLY," $1,534.79 ", $997.44 ,0,Elite Screens,Projection Screens,876818005120,  
WEBLINK,VMAX92XWH2,VMAX Electric Screen 92 inches,SPECIAL ORDER ONLY," $1,534.79 ", $997.44 ,0,Elite Screens,Projection Screens,876818005236,  
WEBLINK,VMAXT110XWH3,VMAX Tab Tension 3 110 Inches,SPECIAL ORDER ONLY," $2,214.00 "," $1,550.00 ",0,Elite Screens,Projection Screens,,  
WEBLINK,Y-MOTOHEAD-#35OW-E,"35mm MOTOR CAP, WHITE",SPECIAL ORDER ONLY, $103.00 , $63.00 ,0,Elite Screens,Projection Screens,,  
WEBLINK,Y-MOTOHEAD-#42NW-E,Motor Cap 42mm for ELECTRIC125H,SPECIAL ORDER ONLY, POA , POA ,1,Elite Screens,Projection Screens,,  
WEBLINK,Y-MOTOHEAD-#42OB-E,Motor Cap 35mm for Spect/VMAX2/Starling+,SPECIAL ORDER ONLY, POA , POA ,2,Elite Screens,Projection Screens,,  
WEBLINK,Y-OMS150180H2-LEGS-EN,Extension Legs OMS150 OMS180,SPECIAL ORDER ONLY, $884.00 , $618.00 ,0,Elite Screens,Projection Screens,,  
WEBLINK,ZCU1,In-ceiling trim kits,SPECIAL ORDER ONLY, $614.00 , $374.00 ,0,Elite Screens,Projection Screens,876818008350,  
WEBLINK,ZCU2,In-ceiling trim kits,SPECIAL ORDER ONLY, $614.00 , $374.00 ,0,Elite Screens,Projection Screens,876818008367,  
WEBLINK,ZCU3,In-ceiling trim kits,SPECIAL ORDER ONLY, $614.00 , $374.00 ,0,Elite Screens,Projection Screens,876818008374,  
WEBLINK,ZCU4,In-ceiling trim kits,SPECIAL ORDER ONLY, $687.00 , $418.00 ,0,Elite Screens,Projection Screens,876818008404,  
WEBLINK,ZCU5,In-ceiling Trim Kits,SPECIAL ORDER ONLY, $841.00 , $512.00 ,0,Elite Screens,Projection Screens,876818008220,  
WEBLINK,ZHONELB12-8,Extention brackets 12 inches,SPECIAL ORDER ONLY, $87.82 , $61.47 ,0,Elite Screens,Projection Screens,0,  
WEBLINK,ZLB6-B-X,Extention brackets 6 inches black,SPECIAL ORDER ONLY, $114.82 , $80.37 ,0,Elite Screens,Projection Screens,0,  
WEBLINK,ZLB6-W-X,Extention brackets 6 inches white,SPECIAL ORDER ONLY, $114.82 , $80.37 ,0,Elite Screens,Projection Screens,876818009166,  
WEBLINK,ZOMS2-L135,"Optional Extension Legs, 51.4"" 1305 mm",SPECIAL ORDER ONLY, $561.00 , $342.00 ,0,Elite Screens,Projection Screens,0,  
WEBLINK,ZOMS2-LEGS, Extension Legs,SPECIAL ORDER ONLY, $308.00 , $187.00 ,0,Elite Screens,Projection Screens,,  
WEBLINK,ZR800D,Universal Learning Remote Control,SPECIAL ORDER ONLY, $308.00 , $187.00 ,0,Elite Screens,Projection Screens,,  
WEBLINK,ZSP-EYE-12VB,"Elite IR ""eye""sensor&5-12v trigger cable",SPECIAL ORDER ONLY, $87.00 , $53.00 ,0,Elite Screens,Projection Screens,0,  
WEBLINK,ZSP-IR-B-V2.0,Elite Screen IR Remote Black,SPECIAL ORDER ONLY, $125.00 , $76.00 ,0,Elite Screens,Projection Screens,0,  
WEBLINK,ZSP-IR-W-V2.0,Elite Screen IR Remote White,SPECIAL ORDER ONLY, $125.00 , $76.00 ,0,Elite Screens,Projection Screens,,  
WEBLINK,ZSP-IR-W-V3.0,Elite Screen IR Remote White,SPECIAL ORDER ONLY, $125.00 , $76.00 ,0,Elite Screens,Projection Screens,,  
WEBLINK,ZSP-RF-B-V2.0,Elite Screen RF Remote Black,SPECIAL ORDER ONLY, $125.00 , $76.00 ,0,Elite Screens,Projection Screens,,  
WEBLINK,ZSP-RF-W-V2.0,Elite Screen RF Remote White,SPECIAL ORDER ONLY, $125.00 , $76.00 ,0,Elite Screens,Projection Screens,,  
WEBLINK,ZSP-RF-W-V3.0,Elite Screen RF Remote White,SPECIAL ORDER ONLY, $125.00 , $76.00 ,1,Elite Screens,Projection Screens,,  
WEBLINK,ZU12V,Uni Wireless 5-12v trig for Projector,SPECIAL ORDER ONLY, $119.00 , $72.00 ,0,Elite Screens,Projection Screens,0,  
WEBLINK,ZVMAXLB12-B,Extension Brackets 12 inches Black,SPECIAL ORDER ONLY, $159.00 , $97.00 ,0,Elite Screens,Projection Screens,876818009036,  
WEBLINK,ZVMAXLB12-W,Extension Brackets 12 inches White,SPECIAL ORDER ONLY, $159.00 , $97.00 ,0,Elite Screens,Projection Screens,876818009029,  
WEBLINK,ZVMAXLB6-B,Extension Brackets 6 inches Black,SPECIAL ORDER ONLY, $72.00 , $44.00 ,0,Elite Screens,Projection Screens,876818009159,  
WEBLINK,ZVMAXLB6-W,Extension Brackets 6 inches White,SPECIAL ORDER ONLY, $135.00 , $82.00 ,0,Elite Screens,Projection Screens,876818009166,  
WEBLINK,FLXBFWM1011,"Wall Mount for Beam, White x1",DISCOUNT, $90.00 , $69.00 ,162,Flexson,AV Accessories,5057964001197,  
WEBLINK,FLXBTV1021,"TV Mount Attachment Beam, Black x1",DISCOUNT, $200.00 , $69.00 ,31,Flexson,AV Accessories,706352961111,  
WEBLINK,FLXBTVST1011,"Adjustable TV Stand Beam, White x 1",DISCOUNT, $350.00 , $99.00 ,15,Flexson,AV Accessories,706352961050,  
WEBLINK,FLXBWM1021,"Adjustable Wall Mount Beam, Black x1",DISCOUNT, $250.00 , $75.00 ,12,Flexson,AV Accessories,706352961074,  
WEBLINK,FLXPBTV1021,"TV Mount Attachment Playbar, Black x1",DISCOUNT, $361.00 , $75.00 ,11,Flexson,AV Accessories,799441549604,  
WEBLINK,FLXPBTVST1011,"Adjustable TV Stand Playbase, White x1",DISCOUNT, $851.00 , $99.00 ,7,Flexson,AV Accessories,713541217409,  
WEBLINK,FLXPWM1021,"Wall Mount for Sonos Port, Black",DISCOUNT, $136.00 , $39.00 ,23,Flexson,AV Accessories,5057964001920,  
WEBLINK,FLXS1AFS2011,"Adjustable Floor Stand One/Play1, Whtx2",DISCOUNT, $542.00 , $119.00 ,14,Flexson,AV Accessories,713541217652,  
WEBLINK,FLXS1CM1011,"Ceiling Mount One/Play1, White x1",DISCOUNT, $415.00 , $89.00 ,14,Flexson,AV Accessories,713541217645,  
WEBLINK,FLXS1DS1011,"Desk Stand One/Play1, White x1",DISCOUNT, $82.00 , $19.00 ,23,Flexson,AV Accessories,5057964000008,  
WEBLINK,FLXS1DS1021,"Desk Stand One/Play1, Black x1",DISCOUNT, $82.00 , $19.00 ,19,Flexson,AV Accessories,5057964000015,  
WEBLINK,FLXS1FS1011EU,Floor Stand One/Play1 EU WHITE x1,DISCOUNT, $283.00 , $69.00 ,52,Flexson,AV Accessories,652508362366,  
WEBLINK,FLXS1FS2011EU,Floor Stand One/Play1 EU WHITE x2,DISCOUNT, $483.00 , $99.00 ,35,Flexson,AV Accessories,652508362380,  
WEBLINK,FLXS1PFS1011,Premium Floor Stand One/Play1 WHITE x1,DISCOUNT, $588.00 , $149.00 ,17,Flexson,AV Accessories,5057964000145,  
WEBLINK,FLXS1WM1011,Wall Mount for Sonos One/Play1 Whitex1,DISCOUNT, $109.00 , $29.00 ,227,Flexson,AV Accessories,652508362328,  
WEBLINK,FLXS1WM1021,Wall Mount for Sonos One/Play1 Blackx1,DISCOUNT, $109.00 , $29.00 ,117,Flexson,AV Accessories,652508362335,  
WEBLINK,FLXS1WM2011,Wall Mount One/Play1 White x2,DISCOUNT, $140.00 , $39.00 ,20,Flexson,AV Accessories,652508362342,  
WEBLINK,FLXS1WM2021,Wall Mount One/Play1 Black x2,DISCOUNT, $140.00 , $39.00 ,78,Flexson,AV Accessories,652508362359,  
WEBLINK,FLXSMWM1012,"Wall Mount for Sonos Move, White",DISCOUNT, $54.00 , $19.00 ,53,Flexson,AV Accessories,5057964002248,  
WEBLINK,FLXSMWM1022,"Wall Mount for Sonos Move, Black",DISCOUNT, $54.00 , $19.00 ,193,Flexson,AV Accessories,5057964002231,  
WEBLINK,FLXSRMTC1021,Travel Case/Wall Mount for Sonos Roam,DISCOUNT, $69.00 , $19.00 ,4,Flexson,AV Accessories,5057964002293,  
WEBLINK,FLXSUBB,"Wall Mount for Sonos Sub, Black x 1",DISCOUNT, $252.00 , $59.00 ,92,Flexson,AV Accessories,639713328127,  
WEBLINK,GB-ADMIN-SUPPORT,GoBright Support Access,NORMAL, POA , POA ,0,GoBright,Automation & Control,,  
WEBLINK,GB-API-ACCESS,GoBright Wayfind License. 1Y.,NORMAL, POA , POA ,0,GoBright,Automation & Control,,  
WEBLINK,GB-CC1-LINAK-USB,GoBright Connection cable USB,NORMAL, $30.00 , $21.00 ,129,GoBright,Automation & Control,,  
WEBLINK,GB-DESK,"GoBright Desk License. PerDesk, PerYear.",NORMAL, POA , POA ,0,GoBright,Automation & Control,,  
WEBLINK,GB-DFC1,GoBright Desk Connect Device,NORMAL, $280.00 , $195.00 ,130,GoBright,Automation & Control,,  
WEBLINK,GB-DOSC1,GoBright Desk Occupancy Sensor,NORMAL, $192.00 , $135.00 ,130,GoBright,Automation & Control,,  
WEBLINK,GB-GLC1,GoBright Desk Glow Device,NORMAL, $105.00 , $73.10 ,49,GoBright,Automation & Control,,  
WEBLINK,GB-IMPL-FUNCTIONAL-ASSE,Implementation Services Functional Asset,NORMAL, POA , POA ,0,GoBright,Automation & Control,,  
WEBLINK,GB-INT1,"GoBright Interact, booking device",NORMAL, POA , POA ,0,GoBright,Automation & Control,,  
WEBLINK,GB-MAP,"GoBright Map License, 1Y per floorplan",NORMAL, POA , POA ,0,GoBright,Automation & Control,,  
WEBLINK,GB-MGW211-DP28,GoBright Gateway Mesh 2 Platform PoE,NORMAL, $807.00 , $565.00 ,5,GoBright,Automation & Control,,  
WEBLINK,GB-NFC-DEEP-50MM-MB,NFC Sticker with Deeplink support 50mm,NORMAL, $15.00 , $10.00 ,45,GoBright,Automation & Control,,  
WEBLINK,GB-NFC-DEEP-50MM-MB-DEM,NFC Sticker with Deeplink support 50mm,NORMAL, POA , POA ,5,GoBright,Automation & Control,,  
WEBLINK,GB-RFDOS1,RF Desk Occupancy Sensor,NORMAL, POA , POA ,0,GoBright,Automation & Control,,  
WEBLINK,GB-RFROS1,RF Room Occupancy Sensor,NORMAL, POA , POA ,0,GoBright,Automation & Control,,  
WEBLINK,GB-ROOM,"GoBright Room License. PerRoom, PerYear.",NORMAL, POA , POA ,0,GoBright,Automation & Control,0,  
WEBLINK,GB-VIEW,"GoBright View License, perdevice peryear",NORMAL, POA , POA ,0,GoBright,Automation & Control,,  
WEBLINK,GB-VISIT,"GoBright Visitor Registration, per year.",NORMAL, POA , POA ,0,GoBright,Automation & Control,,  
WEBLINK,GB-WAYFINDER,GoBright Wayfind License. 1Y.,NORMAL, POA , POA ,0,GoBright,Automation & Control,,  
WEBLINK,10G-CAB-05,Luxul Direct-Attach Cable 0.5m,DISCOUNT, $440.00 , $149.00 ,4,Luxul,Automation & Control,655003921281,  
WEBLINK,AMS-1816P,AV Series 18-Pt/16 PoE+ GbE Mngd Switch,DISCOUNT," $2,638.00 ", $999.00 ,1,Luxul,Automation & Control,655003921182,  
WEBLINK,XAP-1510,Luxul HighPower Dual-Band Wireless AP,DISCOUNT," $1,355.00 ", $599.00 ,6,Luxul,Automation & Control,729440674922, CORE RANGE 
WEBLINK,SW-100-05PD,Luxul 5 Port Unmanaged PoE+ Switch,NORMAL, $296.64 , $179.00 ,0,Luxul,Automation & Control,655003921328, CORE RANGE 
WEBLINK,SW-505-8P-F,8 PoE+ | 2 RJ45 | 2 SFP Front-Facing,NORMAL," $1,350.33 ", $949.00 ,0,Luxul,Automation & Control,655003923483, CORE RANGE 
WEBLINK,SW-505-8P-R,8 PoE+ | 2 RJ45 | 2 SFP Rear-Facing,NORMAL," $1,350.33 ", $949.00 ,0,Luxul,Automation & Control,655003923360, CORE RANGE 
WEBLINK,SW-615-24P-R,24 PoE+ | 4 (10G) SFP+ Ports Ð 1Gb L2/L3,NORMAL," $3,696.23 "," $2,599.00 ",0,Luxul,Automation & Control,655003923605, CORE RANGE 
WEBLINK,XWR-3150,Luxul EPIC 3 - Dual Band Wireless AC3100,NORMAL," $1,354.45 ", $824.00 ,0,Luxul,Automation & Control,655003920468, CORE RANGE 
WEBLINK,AP-3064,Wi-Fi 6 AX3600 4x4 Multi-Gig Access Poin,SPECIAL ORDER ONLY," $1,686.00 "," $1,180.00 ",0,Luxul,Automation & Control,655003923698,  
WEBLINK,SW-100-04P,Luxul 4 Port Unmanaged PoE+ Switch,SPECIAL ORDER ONLY, $316.00 , $221.20 ,0,Luxul,Automation & Control,655003921632, CORE RANGE 
WEBLINK,SW-505-16P-R,16 PoE+ | 2 Combo RJ45/SFP Rear-Facing,SPECIAL ORDER ONLY," $2,470.53 "," $1,729.00 ",0,Luxul,Automation & Control,655003923407,  
WEBLINK,SW-505-24P-F,24 PoE+ | 2 Combo RJ45/SFP Front-Facing,SPECIAL ORDER ONLY," $3,194.48 "," $2,239.00 ",0,Luxul,Automation & Control,655003923520, CORE RANGE 
WEBLINK,SW-505-24P-R,24 PoE+ | 2 Combo RJ45/SFP Rear-Facing,SPECIAL ORDER ONLY," $3,053.95 "," $2,138.28 ",0,Luxul,Automation & Control,655003923445,  
WEBLINK,SW-510-48P-F,48 PoE+ Port Gb Switch Front w 4 SFP,SPECIAL ORDER ONLY," $5,498.00 "," $3,849.00 ",0,Luxul,Automation & Control,655003921434,  
WEBLINK,SW-515-48P-F,48 PoE+ | 4 SFP Ports - 1Gb L2/L3 Manage,SPECIAL ORDER ONLY," $5,498.00 "," $3,849.00 ",0,Luxul,Automation & Control,655003923568,  
WEBLINK,SW-615-48P-F,48 PoE+ | 4 (10G) SFP+ Ports Ð 1Gb L2/L3,SPECIAL ORDER ONLY," $6,743.56 "," $4,729.00 ",0,Luxul,Automation & Control,655003923643,  
WEBLINK,XAP-1440,High Power AC1200 Dual-Band Outdoor Wire,SPECIAL ORDER ONLY," $1,848.85 "," $1,124.76 ",0,Luxul,Automation & Control,655003920376,  
WEBLINK,XWC-2000,Luxul Wireless Controller,SPECIAL ORDER ONLY," $1,187.00 ", $723.00 ,0,Luxul,Automation & Control,655003921083,  
WEBLINK,EST09,MAXHUB Trolley Up And Down,NORMAL," $2,040.14 "," $1,344.79 ",0,MAXHUB,Professional AV Solutions,,  
WEBLINK,EST11,MAXHUB Trolley Up Down Tilt,NORMAL," $2,596.55 "," $1,711.54 ",0,MAXHUB,Professional AV Solutions,,  
WEBLINK,ST33M,MAXHUB Trolley For Display New Trolley,NORMAL, $571.24 , $376.54 ,0,MAXHUB,Professional AV Solutions,,  
WEBLINK,BM45,MAXHUB UC BM45 MTR Speakerphone,NORMAL, $606.67 , $446.30 ,0,MAXHUB,Unified Communications,,  
WEBLINK,MT71E,W11 Pro OPS i5/16G/256G,NORMAL," $2,370.28 "," $1,629.60 ",0,MAXHUB,Unified Communications,,  
WEBLINK,MT71F,W11 Pro OPS i7/16G/512G,NORMAL," $3,267.94 "," $2,246.75 ",0,MAXHUB,Unified Communications,,  
WEBLINK,U50,Maxhub XBar U50 all in one Video Bar,NORMAL," $2,097.35 "," $1,542.89 ",0,MAXHUB,Unified Communications,,  
WEBLINK,UCP30,MAXHUB P30 EPTZ 4K 12X 90FOV DUAL CAMERA,NORMAL," $3,137.35 "," $2,307.96 ",0,MAXHUB,Unified Communications,, CORE RANGE 
WEBLINK,V50,Maxhub Android bar for small-medium room,NORMAL," $4,853.36 "," $3,570.33 ",0,MAXHUB,Unified Communications,,  
WEBLINK,V70,Maxhub Android bar for medium-large room,NORMAL," $6,101.37 "," $4,488.40 ",0,MAXHUB,Unified Communications,,  
WEBLINK,W70,Maxhub Windows bar for medium-large room,NORMAL," $7,106.71 "," $5,227.98 ",0,MAXHUB,Unified Communications,,  
WEBLINK,WB05,MAXHUB Wirless Screen Sharing Box,NORMAL, $923.63 , $608.83 ,0,MAXHUB,Unified Communications,,  
WEBLINK,WT13M,Wireless Screen Sharing Dongle,NORMAL, $293.04 , $193.16 ,0,MAXHUB,Unified Communications,, CORE RANGE 
WEBLINK,XCORE,MAXHUB XCore MTR Kit,NORMAL," $1,993.34 "," $1,466.39 ",0,MAXHUB,Unified Communications,0, CORE RANGE 
WEBLINK,XCOREPRO,MAXHUB XCore MTR Kit PRO,NORMAL," $4,680.02 "," $3,557.56 ",0,MAXHUB,Unified Communications,, CORE RANGE 
WEBLINK,XT10-VBKIT,MAXHUB XT10-VB MTR Kit,NORMAL," $2,825.35 "," $2,147.71 ",0,MAXHUB,Unified Communications,, CORE RANGE 
WEBLINK,E6530,MAXHUB Interactive Flat Panel E3 Series,NORMAL," $3,156.32 "," $2,387.01 ",0,MAXHUB,Visual Solutions,,  
WEBLINK,ND43CMB,MAXHUB CMB Series 43,NORMAL," $1,326.68 "," $1,012.44 ",0,MAXHUB,Visual Solutions,,  
WEBLINK,ND50CMB,MAXHUB CMB Series 50,NORMAL," $1,510.48 "," $1,152.70 ",0,MAXHUB,Visual Solutions,,  
WEBLINK,ND55CMB,MAXHUB CMB Series 55,NORMAL," $1,694.27 "," $1,292.96 ",0,MAXHUB,Visual Solutions,,  
WEBLINK,ND65CMB,MAXHUB CMB Series 65,NORMAL," $2,386.02 "," $1,820.86 ",0,MAXHUB,Visual Solutions,,  
WEBLINK,ND75CMB,MAXHUB CMB Series 75,NORMAL," $3,218.12 "," $2,455.86 ",0,MAXHUB,Visual Solutions,,  
WEBLINK,ND86CMB,MAXHUB CMB Series 86,NORMAL," $4,558.16 "," $3,478.51 ",0,MAXHUB,Visual Solutions,,  
WEBLINK,ND98CMB,MAXHUB CMB Series 98,NORMAL," $7,579.12 "," $5,783.91 ",0,MAXHUB,Visual Solutions,,  
WEBLINK,SL22MC,MAXHUB Lecterns,NORMAL," $8,253.31 "," $5,440.26 ",0,MAXHUB,Visual Solutions,, CORE RANGE 
WEBLINK,TCP10M,MAXHUB Touch Controller,NORMAL," $1,068.30 ", $704.18 ,0,MAXHUB,Visual Solutions,,  
WEBLINK,U7540,MaxHub U7540 75 interactive,NORMAL," $5,203.22 "," $3,935.00 ",0,MAXHUB,Visual Solutions,,  
WEBLINK,UW105NA,MAXHUB UW Series 105,NORMAL," $17,935.24 "," $13,687.06 ",0,MAXHUB,Visual Solutions,, CORE RANGE 
WEBLINK,UW92NA,MAXHUB UW Series 92,NORMAL," $9,356.94 "," $7,140.64 ",0,MAXHUB,Visual Solutions,,  
WEBLINK,V5550,Xboard V7 Series,NORMAL," $4,673.78 "," $3,213.29 ",0,MAXHUB,Visual Solutions,, CORE RANGE 
WEBLINK,V555T,Xboard V7 Series MTR,NORMAL," $7,882.38 "," $5,419.24 ",0,MAXHUB,Visual Solutions,,  
WEBLINK,V6550,Xboard V7 Series,NORMAL," $6,135.27 "," $4,218.08 ",0,MAXHUB,Visual Solutions,, CORE RANGE 
WEBLINK,V655T,Xboard V7 Series MTR,NORMAL," $9,599.82 "," $6,599.99 ",0,MAXHUB,Visual Solutions,,  
WEBLINK,V7550,Xboard V7 Series,NORMAL," $8,116.07 "," $5,579.90 ",0,MAXHUB,Visual Solutions,, CORE RANGE 
WEBLINK,V755T,Xboard V7 Series MTR,NORMAL," $11,602.87 "," $7,977.11 ",0,MAXHUB,Visual Solutions,,  
WEBLINK,V8650,Xboard V7 Series,NORMAL," $10,705.20 "," $7,359.96 ",0,MAXHUB,Visual Solutions,, CORE RANGE 
WEBLINK,V865T,Xboard V7 Series MTR,NORMAL," $14,262.47 "," $9,805.63 ",0,MAXHUB,Visual Solutions,,  
WEBLINK,V925T,Xboard V7 Series MTR,NORMAL," $18,101.65 "," $12,445.11 ",0,MAXHUB,Visual Solutions,,  
WEBLINK,SC13,MAXHUB DOC CAMERA,SPECIAL ORDER ONLY, $421.52 , $318.79 ,0,MAXHUB,Professional AV Solutions,,  
WEBLINK,TCP30M,MAXHUB TOUCH CONSOLE TCP30M,SPECIAL ORDER ONLY," $1,500.00 "," $1,091.00 ",0,MAXHUB,Professional AV Solutions,,  
WEBLINK,TCP30WM,MAXHUB TCP Wall Bracket Kit,SPECIAL ORDER ONLY, $129.83 , $85.58 ,0,MAXHUB,Professional AV Solutions,,  
WEBLINK,TCP33T,MAXHUB TOUCH CONSOLE TCP33T,SPECIAL ORDER ONLY," $1,565.35 "," $1,031.81 ",0,MAXHUB,Professional AV Solutions,,  
WEBLINK,5-21,"MAP Slim 5 Series Rack, 21RU",NORMAL," $1,635.06 ", $995.52 ,0,Middle Atlantic,Professional AV Solutions,656747000966,  
WEBLINK,5-37,"MAP Slim 5 Series Rack, 37RU",NORMAL," $1,887.00 "," $1,149.00 ",0,Middle Atlantic,Professional AV Solutions,656747001024,  
WEBLINK,5-43,"MAP Slim 5 Series Rack, 43RU",NORMAL," $1,980.00 "," $1,205.00 ",0,Middle Atlantic,Professional AV Solutions,656747001055,  
WEBLINK,5AR21,MAP ADJ REAR RKRAIL FOR SLIM 5-21,NORMAL, $396.78 , $241.74 ,4,Middle Atlantic,Professional AV Solutions,656747001192, CORE RANGE 
WEBLINK,5AR37,MAP ADJ REAR RKRAIL FOR SLIM 5-37,NORMAL, $503.88 , $306.00 ,3,Middle Atlantic,Professional AV Solutions,656747001239, CORE RANGE 
WEBLINK,5AR43,MAP ADJ REAR RKRAIL FOR SLIM 5-43,NORMAL, $524.28 , $319.26 ,0,Middle Atlantic,Professional AV Solutions,656747001253, CORE RANGE 
WEBLINK,BR1,"MAP Brush Grommet Panel, 1 RU",NORMAL, $214.20 , $130.56 ,0,Middle Atlantic,Professional AV Solutions,656747056581,  
WEBLINK,BXBTB5,MAP SLIM 5 TOP/BASE 29/37/43 RU,NORMAL," $1,090.07 ", $763.06 ,0,Middle Atlantic,Professional AV Solutions,656747038020, CORE RANGE 
WEBLINK,BXSRSR12R2,MAP 12 space SRSR Rail,NORMAL, $520.20 , $316.20 ,0,Middle Atlantic,Professional AV Solutions,656747079832, CORE RANGE 
WEBLINK,BXSRSR14R2,MAP 14 space SRSR Rail,NORMAL, $532.44 , $324.36 ,0,Middle Atlantic,Professional AV Solutions,656747079856,  
WEBLINK,BXSRSR16R2,MAP 16 space SRSR Rail,NORMAL, $553.86 , $337.62 ,18,Middle Atlantic,Professional AV Solutions,656747079870, CORE RANGE 
WEBLINK,BXSRSR18R2,MAP 18 space SRSR Rail,NORMAL, $550.80 , $334.56 ,0,Middle Atlantic,Professional AV Solutions,656747079894,  
WEBLINK,BXSRSR20R2,MAP 20 space SRSR Rail,NORMAL, $567.12 , $344.76 ,10,Middle Atlantic,Professional AV Solutions,656747079917, CORE RANGE 
WEBLINK,BXSRSR24R2,MAP 24 space SRSR Rail,NORMAL, $589.56 , $359.04 ,0,Middle Atlantic,Professional AV Solutions,656747079955, CORE RANGE 
WEBLINK,BXSRSR4TB2,MAP SRSR-4-XX top/bottom (113kg/48.6cm),NORMAL," $2,570.00 "," $1,799.00 ",0,Middle Atlantic,Professional AV Solutions,656747072567, CORE RANGE 
WEBLINK,BXSRSRX4TB2,MAP SRSR-X-XX top/bottom (90.7kg/58.8cm),NORMAL," $2,427.15 "," $1,699.00 ",9,Middle Atlantic,Professional AV Solutions,656747075674, CORE RANGE 
WEBLINK,BXSTB5,MAP SLIM 5 TOP/BASE FOR 8/14/21 RU,NORMAL, $824.89 , $577.43 ,6,Middle Atlantic,Professional AV Solutions,656747038570, CORE RANGE 
WEBLINK,CBS-5,SKIRTED CASTER BASE FOR S,NORMAL, $849.66 , $517.14 ,0,Middle Atlantic,Professional AV Solutions,656747003271, CORE RANGE 
WEBLINK,DOP-5-21,MAP PLEXI DOOR FOR SLIM 5-21,NORMAL," $2,374.56 "," $1,445.34 ",2,Middle Atlantic,Professional AV Solutions,656747004872, CORE RANGE 
WEBLINK,DOP-5-37,MAP PLEXI DOOR FOR SLIM 5-37,NORMAL," $2,953.92 "," $1,798.26 ",1,Middle Atlantic,Professional AV Solutions,656747004896, CORE RANGE 
WEBLINK,DOP-5-43,MAP PLEXI DOOR FOR SLIM 5-43,NORMAL," $3,011.04 "," $1,832.94 ",0,Middle Atlantic,Professional AV Solutions,656747004902, CORE RANGE 
WEBLINK,DR-8,MAP DR Series Desktop Rail Rack,NORMAL, $190.12 , $133.08 ,0,Middle Atlantic,Professional AV Solutions,656747005039,  
WEBLINK,HG,10-32 Rackscrew Black Gloss - 100 Piece,NORMAL, $175.45 , $122.81 ,0,Middle Atlantic,Professional AV Solutions,656747095177,  
WEBLINK,HP,"MAP Rackscrews,10-32, Truss-head, 100 PC",NORMAL, $98.94 , $60.18 ,0,Middle Atlantic,Professional AV Solutions,656747008306, CORE RANGE 
WEBLINK,LBP-1.5,10PK LACING BARS W/1.5OFF,NORMAL, $331.50 , $201.96 ,2,Middle Atlantic,Professional AV Solutions,656747035302, CORE RANGE 
WEBLINK,LBP-1A,"MAP Lace Bar, L-Shaped, 10pc",NORMAL, $149.94 , $91.80 ,0,Middle Atlantic,Professional AV Solutions,656747031656, CORE RANGE 
WEBLINK,LBP-1R,MAP 10 PACK ROUND LACER BARS,NORMAL, $263.16 , $160.14 ,10,Middle Atlantic,Professional AV Solutions,656747031663,  
WEBLINK,LBP-1R4,10 PACK 4OFF. ROUND LACE,NORMAL, $365.16 , $222.36 ,6,Middle Atlantic,Professional AV Solutions,656747031670,  
WEBLINK,RSHA-SONOS-AMP2,"MAP 2RU SHELF,2 SONOS AMP,BA",NORMAL, $797.00 , $485.00 ,2,Middle Atlantic,Professional AV Solutions,656747375453,  
WEBLINK,SP-5-21,MAP SIDE PANELS FOR SLIM 5-21,NORMAL," $1,049.00 ", $638.00 ,2,Middle Atlantic,Professional AV Solutions,656747021329,  
WEBLINK,SP-5-37,MAP SIDE PANELS FOR SLIM 5-37,NORMAL," $1,559.00 ", $949.00 ,1,Middle Atlantic,Professional AV Solutions,656747021343,  
WEBLINK,SP-5-43,MAP SIDE PANELS FOR SLIM 5-43,NORMAL," $1,727.88 "," $1,051.62 ",1,Middle Atlantic,Professional AV Solutions,656747021350, CORE RANGE 
WEBLINK,T5-21R,"MAP Slim 5 Tubed Rails, 21RU",NORMAL, $493.81 , $345.67 ,7,Middle Atlantic,Professional AV Solutions,656747039386,  
WEBLINK,T5-37R,"MAP Slim 5 Tubed Rails, 37RU",NORMAL, $566.40 , $396.48 ,1,Middle Atlantic,Professional AV Solutions,656747039560,  
WEBLINK,T5-43R,"MAP Slim 5 Tubed Rails, 43RU",NORMAL, $623.03 , $436.13 ,1,Middle Atlantic,Professional AV Solutions,656747039638,  
WEBLINK,U1V,"MAP 1RU Utility Rackshelf, 10.4 Inches",NORMAL, $194.82 , $118.32 ,1,Middle Atlantic,Professional AV Solutions,656747186684, CORE RANGE 
WEBLINK,5-21-26,21 RU Slim 5 Series 19-1/8 Inch Wide Rac,SPECIAL ORDER ONLY," $1,709.52 "," $1,280.10 ",0,Middle Atlantic,Professional AV Solutions,656747067617,  
WEBLINK,5-34-26,"SLIM5 KNOCKDOWN 34SP,26D",SPECIAL ORDER ONLY," $2,610.18 "," $1,589.16 ",0,Middle Atlantic,Professional AV Solutions,656747066702,  
WEBLINK,5-43-26,"SLIM5 KNOCKDOWN 43SP,26D",SPECIAL ORDER ONLY," $2,453.10 "," $1,493.28 ",0,Middle Atlantic,Professional AV Solutions,656747066795,  
WEBLINK,5-RS20,20 SLIM5 BOT RUNNER SET,SPECIAL ORDER ONLY, $117.32 , $82.16 ,0,Middle Atlantic,Professional AV Solutions,656747099151,  
WEBLINK,5WR,MAP Caster Kit for Slim 5 Series,SPECIAL ORDER ONLY, $355.05 , $248.53 ,0,Middle Atlantic,Professional AV Solutions,656747067082,  
WEBLINK,AXS-42,"20"" DP AXS-42RU in wall slide out rack",SPECIAL ORDER ONLY," $3,706.38 "," $2,594.47 ",0,Middle Atlantic,Professional AV Solutions,656747002403,  
WEBLINK,AXS-42-26,"26"" DP AX-S-42RU in wall slide out rack",SPECIAL ORDER ONLY," $4,106.43 "," $2,874.51 ",0,Middle Atlantic,Professional AV Solutions,656747047299,  
WEBLINK,AX-SXR-15,AX-SXR In-Wall Slide Out Rotating Rack,SPECIAL ORDER ONLY," $2,631.60 "," $1,861.50 ",0,Middle Atlantic,Professional AV Solutions,656747056048,  
WEBLINK,AX-SXR-36,AX-SXR In-Wall Slide Out Rotating Rack,SPECIAL ORDER ONLY," $2,631.60 "," $1,861.50 ",0,Middle Atlantic,Professional AV Solutions,656747056253,  
WEBLINK,AX-SXR-38,AX-SXR In-Wall Slide Out Rotating Rack,SPECIAL ORDER ONLY," $3,152.00 "," $2,206.75 ",0,Middle Atlantic,Professional AV Solutions,656747056277,  
WEBLINK,AX-SXR-40,AX-SXR In-Wall Slide Out Rotating Rack,SPECIAL ORDER ONLY," $3,050.00 "," $2,135.50 ",0,Middle Atlantic,Professional AV Solutions,,  
WEBLINK,AX-SXR-42,AX-SXR In-Wall Slide Out Rotating Rack,SPECIAL ORDER ONLY," $3,200.00 "," $2,250.00 ",0,Middle Atlantic,Professional AV Solutions,656747056314,  
WEBLINK,AX-SXR-43,AX-SXR In-Wall Slide Out Rotating Rack,SPECIAL ORDER ONLY," $3,200.00 "," $2,250.00 ",0,Middle Atlantic,Professional AV Solutions,656747056321,  
WEBLINK,BGR-1927,19RU floor equipment rack,SPECIAL ORDER ONLY," $2,299.25 "," $1,609.48 ",0,Middle Atlantic,Professional AV Solutions,656747142352,  
WEBLINK,BGR-3827,45RU floor equipment rack,SPECIAL ORDER ONLY," $2,738.00 "," $1,917.00 ",0,Middle Atlantic,Professional AV Solutions,656747140143,  
WEBLINK,BRK16,"16SP(28)RACK, 18DEEP",SPECIAL ORDER ONLY, $863.94 , $526.32 ,0,Middle Atlantic,Professional AV Solutions,656747002717,  
WEBLINK,BSPN-19-27,Side panels for equipment rack,SPECIAL ORDER ONLY, $967.00 , $677.00 ,0,Middle Atlantic,Professional AV Solutions,656747143168,  
WEBLINK,BSPN-38-27,Side panels for equipment rack,SPECIAL ORDER ONLY," $1,210.00 ", $847.00 ,0,Middle Atlantic,Professional AV Solutions,656747143137,  
WEBLINK,BXSRSR30R2,MAP 30 space SRSR Rail,SPECIAL ORDER ONLY, $538.50 , $376.95 ,0,Middle Atlantic,Professional AV Solutions,,  
WEBLINK,CBS-5-26,MAP Caster Base for 26 Inch Deep Slim 5,SPECIAL ORDER ONLY, $913.92 , $555.90 ,0,Middle Atlantic,Professional AV Solutions,656747051500,  
WEBLINK,CBS-BGR,"Caster base kit for BGR racks	",SPECIAL ORDER ONLY, $503.00 , $352.00 ,0,Middle Atlantic,Professional AV Solutions,656747143410,  
WEBLINK,CBS-WRK-27R,"FLR-FNDLY CBS,27""DP,WRK",SPECIAL ORDER ONLY," $1,256.64 ", $765.00 ,0,Middle Atlantic,Professional AV Solutions,656747067174,  
WEBLINK,CBS-WRK-32,CASTER BASE FOR WRK 32DP,SPECIAL ORDER ONLY," $1,022.04 ", $622.20 ,0,Middle Atlantic,Professional AV Solutions,656747003417,  
WEBLINK,CFR-8-16,MAP CFR Series Rack,SPECIAL ORDER ONLY," $1,397.40 ", $850.68 ,0,Middle Atlantic,Professional AV Solutions,656747112607,  
WEBLINK,CWR-26-26PD,MAP CWR Series Data Swing Wall Rack,SPECIAL ORDER ONLY," $3,019.34 "," $2,113.54 ",0,Middle Atlantic,Professional AV Solutions,656747113192,  
WEBLINK,EB1,1SP FLANGED ECONO BLANK,SPECIAL ORDER ONLY, $36.14 , $25.30 ,0,Middle Atlantic,Professional AV Solutions,656747005879,  
WEBLINK,FWD-SIDECLMP-24,"FWD,SM DEV SIDE CLMP,24PK",SPECIAL ORDER ONLY, $281.52 , $171.36 ,0,Middle Atlantic,Professional AV Solutions,656747391637,  
WEBLINK,HBL1,"MAP Blank Panel, 1 RU, Aluminium",SPECIAL ORDER ONLY, $48.49 , $31.51 ,0,Middle Atlantic,Professional AV Solutions,656747007958,  
WEBLINK,HBL2,"MAP Blank Panel, 2 RU, Aluminium",SPECIAL ORDER ONLY, $59.25 , $38.51 ,0,Middle Atlantic,Professional AV Solutions,656747008016,  
WEBLINK,HBL3,"MAP Blank Panel, 3 RU, Aluminium",SPECIAL ORDER ONLY, $78.98 , $51.35 ,0,Middle Atlantic,Professional AV Solutions,656747008023,  
WEBLINK,HG500,MAP 10-32 Rackscrew Black Gloss - 500,SPECIAL ORDER ONLY, $651.00 , $470.00 ,0,Middle Atlantic,Professional AV Solutions,656747095184,  
WEBLINK,HPQ,100PC 10-32X3/8 RK SCREWS,SPECIAL ORDER ONLY, $101.07 , $70.75 ,0,Middle Atlantic,Professional AV Solutions,,  
WEBLINK,HPQ-500,500PC 10-32X3/8 RK SCREWS,SPECIAL ORDER ONLY, $462.06 , $281.52 ,0,Middle Atlantic,Professional AV Solutions,656747069383,  
WEBLINK,HPS,MAP10-32 Rackscrew Truss-Head - 25 Piece,SPECIAL ORDER ONLY, $27.54 , $17.34 ,0,Middle Atlantic,Professional AV Solutions,656747008450,  
WEBLINK,IRCS-1824,"18U/610MMD,CONFIGURED RK",SPECIAL ORDER ONLY," $4,350.30 "," $2,647.92 ",0,Middle Atlantic,Professional AV Solutions,656747203497,  
WEBLINK,IRCS-2724,"27U/610MMD,CONFIGURED RK",SPECIAL ORDER ONLY," $5,478.42 "," $3,334.38 ",0,Middle Atlantic,Professional AV Solutions,656747203503,  
WEBLINK,IRCS-3524,"35U/610MMD,CONFIGURED RK",SPECIAL ORDER ONLY," $6,325.02 "," $3,849.48 ",0,Middle Atlantic,Professional AV Solutions,656747241505,  
WEBLINK,IRCS-4224,"42U/610MMD,CONFIGURED RK",SPECIAL ORDER ONLY," $7,533.72 "," $4,585.92 ",0,Middle Atlantic,Professional AV Solutions,656747203510,  
WEBLINK,IUQFP-2,"MAP Fan Panel, 50CFM, 24DB, 220-240 VAC",SPECIAL ORDER ONLY," $1,493.28 ", $970.64 ,0,Middle Atlantic,Professional AV Solutions,656747103940,  
WEBLINK,L2LDC2CCMGE,MAP Pre-Configured L2 Series Lectern,SPECIAL ORDER ONLY," $3,770.04 "," $2,450.53 ",0,Middle Atlantic,Professional AV Solutions,656747310867,  
WEBLINK,LACE-13-OP,"3-1/4 W,13SP,TIE PST,6PK",SPECIAL ORDER ONLY, $313.39 , $219.38 ,0,Middle Atlantic,Professional AV Solutions,656747100253,  
WEBLINK,LACE-13P,"Lace Strip, 13 RU, with Round Holes,6PC",SPECIAL ORDER ONLY, $156.20 , $101.54 ,0,Middle Atlantic,Professional AV Solutions,656747100277,  
WEBLINK,LBP-2A,"MAP Lace Bar, 2in Offset, L-Shaped, 10pc",SPECIAL ORDER ONLY, $156.20 , $101.54 ,0,Middle Atlantic,Professional AV Solutions,656747053962,  
WEBLINK,LBP-4A,"MAP Lace Bar 4 Inch Offset, L-Shaped-10P",SPECIAL ORDER ONLY, $260.77 , $182.54 ,0,Middle Atlantic,Professional AV Solutions,656747053979,  
WEBLINK,LBP-6A,"MAP Lace Bar 6 Inch Offset, L-Shaped-10P",SPECIAL ORDER ONLY, $325.38 , $197.88 ,0,Middle Atlantic,Professional AV Solutions,656747053986,  
WEBLINK,LL-RFR,LEVER LOCK KIT RFR,SPECIAL ORDER ONLY, $61.20 , $36.72 ,0,Middle Atlantic,Professional AV Solutions,656747190858,  
WEBLINK,LL-VP2110,"21""H,10""D,V ACCES MTG PLT",SPECIAL ORDER ONLY, $127.50 , $77.52 ,0,Middle Atlantic,Professional AV Solutions,656747142123,  
WEBLINK,LL-VWM-36S-42SP,MAP Lever Lock Front Door Kit for VWM,SPECIAL ORDER ONLY, $295.80 , $180.54 ,0,Middle Atlantic,Professional AV Solutions,656747292422,  
WEBLINK,LL-VWM-BPK,MAP Lever Lock Back Pan Kit for VWM,SPECIAL ORDER ONLY, $193.80 , $118.32 ,0,Middle Atlantic,Professional AV Solutions,656747292408,  
WEBLINK,LVFD-37,"MAP Vented Front Door, 37 RU Racks, 64%",SPECIAL ORDER ONLY," $1,016.14 ", $660.50 ,0,Middle Atlantic,Professional AV Solutions,656747072529,  
WEBLINK,MBRK8,MAP Series Maple Laminate Rack - MBRK8,SPECIAL ORDER ONLY, $605.41 , $423.81 ,0,Middle Atlantic,Professional AV Solutions,656747099557,  
WEBLINK,MM3-1X1BLK,MAP Articulating Monitor Mount,SPECIAL ORDER ONLY, $803.56 , $522.32 ,0,Middle Atlantic,Professional AV Solutions,,  
WEBLINK,MRK-3731,"MAP MRK Series Rack, 37 RU, 31""D",SPECIAL ORDER ONLY," $2,913.72 "," $1,893.92 ",0,Middle Atlantic,Professional AV Solutions,656747011061,  
WEBLINK,MV-RR37,"MAP Rackrail,10-32,37 RU, MRK/VRK Series",SPECIAL ORDER ONLY, $231.61 , $150.55 ,0,Middle Atlantic,Professional AV Solutions,656747011764,  
WEBLINK,MW-4FT,MAP MRK-VRK-VMRK Fan Top,SPECIAL ORDER ONLY, $173.00 , $121.00 ,0,Middle Atlantic,Professional AV Solutions,656747011825,  
WEBLINK,MW-4FT-380CFM,"INTEGRATED 4""FAN TOP",SPECIAL ORDER ONLY," $1,697.28 "," $1,033.26 ",0,Middle Atlantic,Professional AV Solutions,656747093500,  
WEBLINK,MW-4QFT-FC,165 CFM Fan Top for with Controller,SPECIAL ORDER ONLY," $1,982.00 "," $1,387.00 ",0,Middle Atlantic,Professional AV Solutions,656747061165,  
WEBLINK,MW-ST,SOLID TOP OPTION MRK/WRK,SPECIAL ORDER ONLY, $260.10 , $158.10 ,0,Middle Atlantic,Professional AV Solutions,656747011870,  
WEBLINK,MW-VRD-44,44SP VENTED REAR DR (BLK),SPECIAL ORDER ONLY," $1,013.88 ", $617.10 ,0,Middle Atlantic,Professional AV Solutions,656747011962,  
WEBLINK,PB-5A,"MAP Power Strip Bracket, Rack Front/Back",SPECIAL ORDER ONLY, $99.96 , $60.18 ,0,Middle Atlantic,Professional AV Solutions,656747029981,  
WEBLINK,PFD-37,"MAP Plexi Front Door, 37 RU Racks",SPECIAL ORDER ONLY," $1,301.58 ", $846.03 ,0,Middle Atlantic,Professional AV Solutions,656747012952,  
WEBLINK,PFD-44,"44SP PLEXI FRONTDR,UNIV.B",SPECIAL ORDER ONLY," $2,700.96 "," $1,644.24 ",0,Middle Atlantic,Professional AV Solutions,656747012990,  
WEBLINK,PHBL-1,1SP FLAT ALUM BLANK PANEL,SPECIAL ORDER ONLY, $46.92 , $28.56 ,0,Middle Atlantic,Professional AV Solutions,656747013041,  
WEBLINK,PHBL-2,2SP FLAT ALUM BLANK PANEL,SPECIAL ORDER ONLY, $46.92 , $28.56 ,0,Middle Atlantic,Professional AV Solutions,656747013065,  
WEBLINK,PHCM-1-2,"MAP 1 RU Plastic Cable Manager, 2 Inches",SPECIAL ORDER ONLY, $111.77 , $78.24 ,0,Middle Atlantic,Professional AV Solutions,,  
WEBLINK,PHCM-1-4,"MAP 1 RU Plastic Cable Manager, 4 Inches",SPECIAL ORDER ONLY, $118.09 , $82.66 ,0,Middle Atlantic,Professional AV Solutions,,  
WEBLINK,PROMRK-RR37,"MAP Rackrail, Cage Nut, 37 RU, MRK/VRK",SPECIAL ORDER ONLY, $267.52 , $173.89 ,0,Middle Atlantic,Professional AV Solutions,656747040504,  
WEBLINK,QBP-2A,"1 RU BlowerPanel, 100 CFM, 32dB",SPECIAL ORDER ONLY," $1,079.40 ", $755.27 ,0,Middle Atlantic,Professional AV Solutions,656747182235,  
WEBLINK,RC-2,"MAP Clamping Rackshelf, 2RU, Knockdown",SPECIAL ORDER ONLY, $174.15 , $113.20 ,0,Middle Atlantic,Professional AV Solutions,656747013751,  
WEBLINK,RC-4,"MAP Clamping Rackshelf, 4 RU, Knockdown",SPECIAL ORDER ONLY, $210.07 , $136.55 ,0,Middle Atlantic,Professional AV Solutions,656747013799,  
WEBLINK,RCS-4424,"MAP RCS Series, 42RU includes DC fans",SPECIAL ORDER ONLY," $5,456.39 "," $3,546.66 ",0,Middle Atlantic,Professional AV Solutions,,  
WEBLINK,REB14,MAP REB Series Slide Out Base,SPECIAL ORDER ONLY, $671.00 , $470.00 ,0,Middle Atlantic,Professional AV Solutions,,  
WEBLINK,RFR-1628BR,MAP RFR Series Rack,SPECIAL ORDER ONLY," $2,604.91 "," $1,693.19 ",0,Middle Atlantic,Professional AV Solutions,,  
WEBLINK,RKW-HD,BRK/RK WHEEL KIT HEAVYDTY,SPECIAL ORDER ONLY, $333.54 , $202.98 ,0,Middle Atlantic,Professional AV Solutions,656747099731,  
WEBLINK,RSHA-SONOS-AMP4,"4RU SHELF,4 SONOS AMP,BA",SPECIAL ORDER ONLY, $812.94 , $494.70 ,0,Middle Atlantic,Professional AV Solutions,656747375460,  
WEBLINK,SH-SRSR,"MAP 4 Point Rackshelf, 16 inches deep",SPECIAL ORDER ONLY, $286.43 , $200.50 ,0,Middle Atlantic,Professional AV Solutions,656747055911,  
WEBLINK,SPN-37-312,MAP PR BLK 37SP SDS FOR 31-32,SPECIAL ORDER ONLY," $1,752.00 "," $1,226.00 ",0,Middle Atlantic,Professional AV Solutions,656747021565,  
WEBLINK,SPN-40-312,PR BLK 40SP SDS FOR 31-32,SPECIAL ORDER ONLY," $2,854.98 "," $1,738.08 ",0,Middle Atlantic,Professional AV Solutions,656747021602,  
WEBLINK,SPN-44-267,PR BLK 44SP SDS FOR 26-27,SPECIAL ORDER ONLY," $2,234.82 "," $1,359.66 ",0,Middle Atlantic,Professional AV Solutions,656747021633,  
WEBLINK,SPN-44-312,PR BLK 44SP SDS FOR 31-32,SPECIAL ORDER ONLY," $2,975.34 "," $1,811.52 ",0,Middle Atlantic,Professional AV Solutions,656747021657,  
WEBLINK,SSL,1SP LAMINATED SLIDING SHE,SPECIAL ORDER ONLY, $484.50 , $294.78 ,0,Middle Atlantic,Professional AV Solutions,656747021978,  
WEBLINK,TA,MAP Anodized Trim Kit 45RU,SPECIAL ORDER ONLY, $169.60 , $118.72 ,0,Middle Atlantic,Professional AV Solutions,656747022135,  
WEBLINK,TRACK31,"MAP AXS Service Tracks, 31D",SPECIAL ORDER ONLY," $1,282.14 ", $780.30 ,0,Middle Atlantic,Professional AV Solutions,656747056413,  
WEBLINK,TRACKL,AXS Service Stand 2-3 Inches High,SPECIAL ORDER ONLY, $208.35 , $154.18 ,0,Middle Atlantic,Professional AV Solutions,656747022449,  
WEBLINK,TS1640,"MAP AXS Service Stand, 16-40inch",SPECIAL ORDER ONLY," $1,692.18 "," $1,030.20 ",0,Middle Atlantic,Professional AV Solutions,656747022470,  
WEBLINK,TS310,3-10 AX-S SERVICE STAND,SPECIAL ORDER ONLY," $1,040.96 ", $728.00 ,0,Middle Atlantic,Professional AV Solutions,656747022487,  
WEBLINK,U1,"MAP Utility rackself, 1 RU, 10.75D",SPECIAL ORDER ONLY, $192.78 , $117.30 ,0,Middle Atlantic,Professional AV Solutions,656747022678,  
WEBLINK,U2,"MAP Utility rackself, 2 RU, 14.75""D",SPECIAL ORDER ONLY, $272.34 , $165.24 ,0,Middle Atlantic,Professional AV Solutions,656747022692,  
WEBLINK,U2V,2 RU Utility Rackshelf,SPECIAL ORDER ONLY, $191.01 , $133.71 ,0,Middle Atlantic,Professional AV Solutions,656747110603,  
WEBLINK,U3,"MAP Utility rackself, 3 RU, 14.75""D",SPECIAL ORDER ONLY, $334.56 , $204.00 ,0,Middle Atlantic,Professional AV Solutions,656747022746,  
WEBLINK,U3V,"MAP 3 RU Utility Rackshelf, 15.4 Inches",SPECIAL ORDER ONLY, $217.94 , $152.55 ,0,Middle Atlantic,Professional AV Solutions,,  
WEBLINK,UFA-8,"1SP UNIV FA SHELF,8""DEEP",SPECIAL ORDER ONLY, $163.20 , $114.24 ,0,Middle Atlantic,Professional AV Solutions,656747140495,  
WEBLINK,UP1P,"10PK,1SP UTILITY PNL 1.75",SPECIAL ORDER ONLY, $472.26 , $287.64 ,0,Middle Atlantic,Professional AV Solutions,656747103858,  
WEBLINK,UTR1,"MAP Mounting Rackshelf, 1RU, 10D",SPECIAL ORDER ONLY, $147.90 , $102.00 ,0,Middle Atlantic,Professional AV Solutions,656747023125,  
WEBLINK,VBK-BGR,MAP BGR VENT BLOCKER,SPECIAL ORDER ONLY, $40.00 , $27.50 ,0,Middle Atlantic,Professional AV Solutions,,  
WEBLINK,VFD-44,"44SP VENT.FR.DOOR,UNIV.BL",SPECIAL ORDER ONLY," $1,887.00 "," $1,148.52 ",0,Middle Atlantic,Professional AV Solutions,656747023446,  
WEBLINK,VMPM-2,MAP VPM Series Rack 2RU,SPECIAL ORDER ONLY," $1,973.70 "," $1,201.56 ",0,Middle Atlantic,Professional AV Solutions,0,  
WEBLINK,VPM-4,4SP VERT PNL MOUNT,SPECIAL ORDER ONLY, $321.30 , $224.40 ,0,Middle Atlantic,Professional AV Solutions,656747123764,  
WEBLINK,VT1,1SP PERFORATED VENT PANEL,SPECIAL ORDER ONLY, $99.14 , $69.40 ,0,Middle Atlantic,Professional AV Solutions,656747023682,  
WEBLINK,VTF1,"MAP Vent panel, 1 RU, perforated",SPECIAL ORDER ONLY, $70.57 , $49.40 ,0,Middle Atlantic,Professional AV Solutions,656747023774,  
WEBLINK,VTF2,"MAP Vent panel, 2 RU, perforated",SPECIAL ORDER ONLY, $80.58 , $48.96 ,0,Middle Atlantic,Professional AV Solutions,656747023798,  
WEBLINK,VTF3,"MAP Brush Grommet Panel, 1 RU Perforated",SPECIAL ORDER ONLY, $95.88 , $58.14 ,0,Middle Atlantic,Professional AV Solutions,656747023804,  
WEBLINK,VWM-4-5-36K-PW,MAP 9RU Low Profile Wall Rack 4U Pivot,SPECIAL ORDER ONLY," $3,662.82 "," $2,229.72 ",0,Middle Atlantic,Professional AV Solutions,656747291548,  
WEBLINK,WR-37-32,37SP/32D ROLL OUT ROT RACK,SPECIAL ORDER ONLY," $5,178.34 "," $3,624.84 ",0,Middle Atlantic,Professional AV Solutions,656747059810,  
WEBLINK,WR-37-42,37SP/42D ROLLOUT ROT RACK,SPECIAL ORDER ONLY," $5,461.26 "," $3,822.88 ",0,Middle Atlantic,Professional AV Solutions,656747102882,  
WEBLINK,WR-44-32,44SP/32D ROLLOUT ROT RACK,SPECIAL ORDER ONLY," $5,501.44 "," $3,851.00 ",0,Middle Atlantic,Professional AV Solutions,656747059827,  
WEBLINK,WR-44-42,44SP/42D ROLLOUT ROT RACK,SPECIAL ORDER ONLY, $567.01 ," $3,966.91 ",0,Middle Atlantic,Professional AV Solutions,656747102899,  
WEBLINK,WRK-40-32,40SP/32D MULTIBAY WRK,SPECIAL ORDER ONLY," $8,040.66 "," $4,893.96 ",0,Middle Atlantic,Professional AV Solutions,656747024962,  
WEBLINK,WRK-44-27LRD,44SP/27D MULTIBAY WRK LRD,SPECIAL ORDER ONLY," $7,373.58 "," $4,488.00 ",0,Middle Atlantic,Professional AV Solutions,656747025150,  
WEBLINK,WRPFD-37,"37SP PLEXI FRONT DOOR,WR",SPECIAL ORDER ONLY," $1,668.00 "," $1,167.00 ",0,Middle Atlantic,Professional AV Solutions,656747098550,  
WEBLINK,L23,Pop-Up TV  Lift for up to 32 inch TV,DISCOUNT," $1,359.00 "," $1,019.00 ",3,Nexus 21,Concealment Systems,,  
WEBLINK,L90,TV Lift for Huge Screen upto 103 inch TV,DISCOUNT," $16,950.00 "," $4,999.00 ",1,Nexus 21,Concealment Systems,,  
WEBLINK,TRANSCEND,Pull Down Mount with In Wall,DISCOUNT," $2,571.58 ", $499.00 ,6,Nexus 21,Concealment Systems,,  
WEBLINK,TRANSCEND-PRO,Motorised drop-down over mantel mount,DISCOUNT," $5,324.53 ", $999.00 ,2,Nexus 21,Concealment Systems,,  
WEBLINK,XL75,Under Floor TV Lift for up to 75 inch TV,DISCOUNT," $11,679.22 "," $3,999.00 ",1,Nexus 21,Concealment Systems,,  
WEBLINK,CSIKIT,Nexus 21 CSI Control Kit,NORMAL, $658.96 , $395.38 ,3,Nexus 21,Concealment Systems,0,  
WEBLINK,L65,"Pop-Up 65"" TV Lift",NORMAL," $5,354.00 "," $4,015.00 ",0,Nexus 21,Concealment Systems,, CORE RANGE 
WEBLINK,N21ACS,Component Shelf - For L45 & L45s only,NORMAL," $1,422.45 ", $865.46 ,1,Nexus 21,Concealment Systems,,  
WEBLINK,N21ACSS,Center Speaker Shelf - For L-45 & L-45s,NORMAL, $746.65 , $454.53 ,1,Nexus 21,Concealment Systems,,  
WEBLINK,RFKIT-I,Nexus 21 RF Control Kit Inverted,NORMAL, $592.00 , $360.00 ,4,Nexus 21,Concealment Systems,,  
WEBLINK,AL125,Small Hidden Storage Lift,SPECIAL ORDER ONLY," $4,118.00 "," $3,088.00 ",0,Nexus 21,Concealment Systems,, CORE RANGE 
WEBLINK,AL250,Large Hidden Storage Lift,SPECIAL ORDER ONLY," $5,494.00 "," $4,120.00 ",1,Nexus 21,Concealment Systems,, CORE RANGE 
WEBLINK,APEX,Motorized Articulating Wall Mount,SPECIAL ORDER ONLY," $9,445.53 "," $6,700.00 ",0,Nexus 21,Concealment Systems,0, CORE RANGE 
WEBLINK,CL65+,Ceiling Flip Down TV Lift for up to 65in,SPECIAL ORDER ONLY," $16,410.00 "," $12,307.00 ",0,Nexus 21,Concealment Systems,, CORE RANGE 
WEBLINK,CL65E,Flip Down & Extend TV Lift  up to 65inch,SPECIAL ORDER ONLY," $17,919.00 "," $13,439.00 ",0,Nexus 21,Concealment Systems,, CORE RANGE 
WEBLINK,DL50B,Dual TV Lifts for up to 65 inch TV,SPECIAL ORDER ONLY," $8,260.00 "," $6,195.00 ",0,Nexus 21,Concealment Systems,,  
WEBLINK,DL65,Heavyweight Dual Column TV Lift up to 65,SPECIAL ORDER ONLY," $8,246.93 "," $4,730.00 ",0,Nexus 21,Concealment Systems,,  
WEBLINK,DL65EN,Heavyweight Dual Column TV Lift up to 65,SPECIAL ORDER ONLY," $8,823.95 "," $5,060.00 ",0,Nexus 21,Concealment Systems,,  
WEBLINK,DL65ENS,"Enclosed PopUp, Manl Swivel 65"" TV Lift",SPECIAL ORDER ONLY," $10,759.73 "," $6,000.00 ",0,Nexus 21,Concealment Systems,,  
WEBLINK,DM25,Compact Dual Monitor Lift,SPECIAL ORDER ONLY," $3,000.00 "," $2,250.00 ",0,Nexus 21,Concealment Systems,,  
WEBLINK,E550,Nexus 21 Eclipse Projector Drop Down,SPECIAL ORDER ONLY," $17,499.00 "," $13,124.00 ",0,Nexus 21,Concealment Systems,0, CORE RANGE 
WEBLINK,L23I,Subcompact Drop Down TV Up To 32inch TV,SPECIAL ORDER ONLY," $4,080.00 "," $3,060.00 ",0,Nexus 21,Concealment Systems,,  
WEBLINK,L23S,Pop-Up & Swivel TV Lift upto 32 inch,SPECIAL ORDER ONLY," $4,078.00 "," $3,058.00 ",0,Nexus 21,Concealment Systems,,  
WEBLINK,L27,Compact TV Lift for up to 48 inch TV,SPECIAL ORDER ONLY," $4,079.00 "," $3,059.00 ",0,Nexus 21,Concealment Systems,, CORE RANGE 
WEBLINK,L27I,Compact Drop Down TV For Up To 48inch TV,SPECIAL ORDER ONLY," $4,352.00 "," $3,264.00 ",0,Nexus 21,Concealment Systems,,  
WEBLINK,L27S,Compact Swivel TV Lift for upto 48 inch,SPECIAL ORDER ONLY," $4,355.00 "," $3,266.00 ",0,Nexus 21,Concealment Systems,, CORE RANGE 
WEBLINK,L65S,"Pop-Up, Manual Swivel 65"" TV Lift",SPECIAL ORDER ONLY," $6,386.00 "," $4,789.00 ",0,Nexus 21,Concealment Systems,, CORE RANGE 
WEBLINK,L65X,"Pop-Up, Motorised Swivel 65"" TV Lift",SPECIAL ORDER ONLY," $8,032.00 "," $6,024.00 ",0,Nexus 21,Concealment Systems,, CORE RANGE 
WEBLINK,L77I,DROP-DOWN LIFT - UP TO 86 inch,SPECIAL ORDER ONLY," $12,792.00 "," $9,594.00 ",0,Nexus 21,Concealment Systems,, CORE RANGE 
WEBLINK,L77IX,DROP-DOWN LIFT w/ MTR SWIVEL - UP TO 86,SPECIAL ORDER ONLY," $15,403.00 "," $11,552.00 ",0,Nexus 21,Concealment Systems,, CORE RANGE 
WEBLINK,L85,Pop Up TV Lift for up to 86 inch TV,SPECIAL ORDER ONLY," $11,479.00 "," $8,609.00 ",0,Nexus 21,Concealment Systems,, CORE RANGE 
WEBLINK,L85S,Pop Up Swivel TV Lift,SPECIAL ORDER ONLY," $13,015.00 "," $9,761.00 ",0,Nexus 21,Concealment Systems,, CORE RANGE 
WEBLINK,M25,Compact Single Monitor Lift,SPECIAL ORDER ONLY," $2,400.00 "," $1,800.00 ",0,Nexus 21,Concealment Systems,,  
WEBLINK,N21AHL85,N21 L85 Hinge Top Guide Bracket,SPECIAL ORDER ONLY, $268.14 , $188.57 ,1,Nexus 21,Concealment Systems,, CORE RANGE 
WEBLINK,N21ASCM,Stealth Control  Module,SPECIAL ORDER ONLY," $1,107.44 ", $673.62 ,2,Nexus 21,Concealment Systems,,  
WEBLINK,XL85,Under Floor TV Lift for up to 86 inch TV,SPECIAL ORDER ONLY," $14,192.00 "," $10,644.00 ",0,Nexus 21,Concealment Systems,,  
WEBLINK,XL85S,Under Floor Pop Up Swivel TV Lift,SPECIAL ORDER ONLY," $14,987.00 "," $11,240.00 ",0,Nexus 21,Concealment Systems,,  
WEBLINK,101377-01,HDL300 Dual Upgrade Ethernet Kit,NORMAL, $365.00 , $199.00 ,0,Nureva,Unified Communications,,  
WEBLINK,CM-HDL200,Camera Mount for HDL200,NORMAL, $204.00 , $143.00 ,10,Nureva,Unified Communications,860006196769,  
WEBLINK,DM-HDL200,Display Mount for HDL200,NORMAL, $319.00 , $224.00 ,8,Nureva,Unified Communications,860006196776,  
WEBLINK,HDL200-B,"Audio Conferencing System, Black",NORMAL," $2,999.00 "," $2,299.00 ",0,Nureva,Unified Communications,860006196714, CORE RANGE 
WEBLINK,HDL310-B,"Audio Conferencing System, Black",NORMAL," $9,349.00 "," $6,999.00 ",2,Nureva,Unified Communications,850035159194, CORE RANGE 
WEBLINK,HDL310-W,"Audio Conferencing System, White",NORMAL," $9,349.00 "," $6,999.00 ",0,Nureva,Unified Communications,850035159187, CORE RANGE 
WEBLINK,HDL410-B,"HDL410 KIT, BLACK",NORMAL," $17,999.00 "," $13,999.00 ",0,Nureva,Unified Communications,850035159163,  
WEBLINK,HDL410-B-1,"HDL410 BLACK, BOX 1",NORMAL," $8,999.50 "," $6,999.00 ",1,Nureva,Unified Communications,850035159118, CORE RANGE 
WEBLINK,HDL410-B-2,"HDL410 BLACK, BOX 2",NORMAL, $899.50 ," $7,000.00 ",1,Nureva,Unified Communications,850035159125, CORE RANGE 
WEBLINK,HDL410-W," HDL410 KIT, WHITE",NORMAL," $17,999.00 "," $13,999.00 ",0,Nureva,Unified Communications,850035159156,  
WEBLINK,NURCON-HDL200-B,HDL200 NUREVA CONSIGNMENT STOCK,NORMAL, POA , POA ,1,Nureva,Unified Communications,,  
WEBLINK,NURCON-HDL300-B-D,DUAL UPGRADE KIT NUREVA CONSIGNMENT STOC,NORMAL, POA , POA ,1,Nureva,Unified Communications,,  
WEBLINK,NURCON-HDL310-B,HDL310-B NUREVA CONSIGNMENT STOC,NORMAL, POA , POA ,1,Nureva,Unified Communications,,  
WEBLINK,NURCON-HDL310-W,HDL310-W NUREVA CONSIGNMENT STOC,NORMAL, POA , POA ,1,Nureva,Unified Communications,,  
WEBLINK,PRO-1Y-HDL300,Nureva Pro for HDL300 - Additional 1Y,NORMAL, $612.86 , $429.00 ,0,Nureva,Unified Communications,,  
WEBLINK,PRO-1Y-HDL310,Nureva Pro for HDL310 - Additional 1Y,NORMAL, $670.00 , $469.00 ,0,Nureva,Unified Communications,,  
WEBLINK,PRO-1Y-HDL410,Nureva Pro for HDL410 - Additional 1Y,NORMAL, $927.15 , $649.00 ,0,Nureva,Unified Communications,,  
WEBLINK,PRO-2Y-HDL310,Nureva Pro for HDL310 - Additional 2Y,NORMAL," $1,255.72 ", $835.05 ,0,Nureva,Unified Communications,,  
WEBLINK,PRO-2Y-HDL410,Nureva Pro for HDL410 - Additional 2Y,NORMAL," $1,770.00 "," $1,239.00 ",0,Nureva,Unified Communications,,  
WEBLINK,PRO-3Y-HDL300,Nureva Pro for HDL300 - Additional 3Y,NORMAL," $1,712.86 "," $1,199.00 ",0,Nureva,Unified Communications,,  
WEBLINK,PRO-3Y-HDL310,Nureva Pro for HDL310 - Additional 3Y,NORMAL," $1,764.34 "," $1,239.00 ",0,Nureva,Unified Communications,,  
WEBLINK,PRO-3Y-HDL410,Nureva Pro for HDL410 - Additional 3Y,NORMAL," $2,520.86 "," $1,769.00 ",0,Nureva,Unified Communications,,  
WEBLINK,SRV-HDL300-PWR-54VDC,Power Supply,NORMAL, $123.00 , $75.00 ,0,Nureva,Unified Communications,,  
WEBLINK,AKIT-CMOD2,NUREVA HDL410/310 CONNECT MODULE,SPECIAL ORDER ONLY," $4,258.00 "," $2,978.00 ",0,Nureva,Unified Communications,850035159170,  
WEBLINK,HDL200-B-NFR,"Audio Conferencing System, Black NFR",SPECIAL ORDER ONLY, POA ," $2,154.08 ",0,Nureva,Unified Communications,,  
WEBLINK,HDL200-W,"Audio Conferencing System, White",SPECIAL ORDER ONLY," $2,999.00 "," $2,299.00 ",0,Nureva,Unified Communications,860006196707,  
WEBLINK,HDL200-W-NFR,"Audio Conferencing System, White NFR",SPECIAL ORDER ONLY, POA ," $2,154.08 ",0,Nureva,Unified Communications,,  
WEBLINK,HDL300-W,"Audio Conferencing System, White",SPECIAL ORDER ONLY," $7,999.00 "," $6,089.00 ",1,Nureva,Unified Communications,860006196721, CORE RANGE 
WEBLINK,NURCON-AKIT-CMOD1,AKITCMOD1 NUREVA CONSIGNMENT STOCK,SPECIAL ORDER ONLY, POA , POA ,2,Nureva,Unified Communications,,  
WEBLINK,NURCON-AKIT-CMOD2,AKITCMOD2 NUREVA CONSIGNMENT STOCK,SPECIAL ORDER ONLY, POA , POA ,1,Nureva,Unified Communications,,  
WEBLINK,NURCON-HDL200-W,HDL200 NUREVA CONSIGNMENT STOCK,SPECIAL ORDER ONLY, POA , POA ,2,Nureva,Unified Communications,,  
WEBLINK,PG4PHK1,Perlesmith 4 Pack High Speed HDMI Cables,DISCOUNT, $10.43 , $3.50 ,173,Perlesmith,Cables & Connectivity,9421904917248,  
WEBLINK,PGSLHK1,Perlesmith 10ft Ultra-Slim HDMI Cables,DISCOUNT, $16.51 , $5.99 ,111,Perlesmith,Cables & Connectivity,9421904917262,  
WEBLINK,PS-H36K4-U1,"Perlesmith 4K HDMI Cables, 4 Pack",DISCOUNT, $12.00 , $5.00 ,173,Perlesmith,Cables & Connectivity,9421904917255,  
WEBLINK,PSCM2,Perlesmith Full Motion Ceiling TV Mount,DISCOUNT, $55.00 , $29.00 ,260,Perlesmith,Residential TV Mounts,9421904917712,  
WEBLINK,PSLFK5,Perlesmith Large Full Motion TV Mount,DISCOUNT, $139.12 , $111.30 ,1,Perlesmith,Residential TV Mounts,9421904917682,  
WEBLINK,PSLT9,Perlesmith Extra Large Tilt Wall Mount,DISCOUNT, $70.00 , $29.00 ,943,Perlesmith,Residential TV Mounts,9421904917644,  
WEBLINK,PSLTK1,Perlesmith Large Tilt Wall Mount,DISCOUNT, $52.17 , $28.00 ,353,Perlesmith,Residential TV Mounts,9421904917163,  
WEBLINK,PSMTK1,Perlesmith Medium Tilt Wall Mount,DISCOUNT, $34.77 , $19.00 ,189,Perlesmith,Residential TV Mounts,9421904917286,  
WEBLINK,PSXFK1,Perlesmith X-Large Full Motion TV Mount,DISCOUNT, $199.99 , $99.00 ,19,Perlesmith,Residential TV Mounts,9421904917675,  
WEBLINK,PSTVS01-2,Perlesmith TV Stand for 22-70 Inch,NORMAL, $57.39 , $39.57 ,212,Perlesmith,AV Accessories,9421904917996, CORE RANGE 
WEBLINK,PSTVS02-2,"Universal TV Stand for 32""- 80"" Flat Scr",NORMAL, $130.42 , $91.29 ,389,Perlesmith,AV Accessories,9421908603208, CORE RANGE 
WEBLINK,ELM701-B1,Sanus Anti-Tip Strap,DISCOUNT, $52.17 , $36.52 ,12,Sanus,AV Accessories,793795521576,  
WEBLINK,VMPR1B,Sanus Projector Mount,DISCOUNT, $217.38 , $59.00 ,5,Sanus,AV Accessories,793795360489,  
WEBLINK,WSS2-W1,Sonos Speaker Stands - WHITE,DISCOUNT, $130.43 , $19.99 ,0,Sanus,AV Accessories,793795528919,  
WEBLINK,CACT100,Sanu AV Rack Wire Ties,DISCOUNT, $76.51 , $19.00 ,4,Sanus,Professional AV Solutions,793795520913,  
WEBLINK,CAGK,Sanus Ganging Kit for CFR Rack,DISCOUNT, $16.51 , $3.99 ,12,Sanus,Professional AV Solutions,793795524102,  
WEBLINK,CALT01,Sanus Task Light,DISCOUNT, $229.56 , $49.00 ,7,Sanus,Professional AV Solutions,793795524201,  
WEBLINK,CALW01,Sanus Work Light,DISCOUNT, $172.17 , $39.00 ,8,Sanus,Professional AV Solutions,793795524218,  
WEBLINK,CAPW03,Sanus AV Rack 3_ Power Wire,DISCOUNT, $19.12 , $9.00 ,24,Sanus,Professional AV Solutions,793795524225,  
WEBLINK,CAPW06,Sanus AV Rack 3_ Power Wire,DISCOUNT, $19.12 , $4.99 ,16,Sanus,Professional AV Solutions,793795524232,  
WEBLINK,CAPW09,Sanus AV Rack 3_ Power Wire,DISCOUNT, $19.12 , $4.99 ,15,Sanus,Professional AV Solutions,793795524249,  
WEBLINK,CASH21,Sanus 1U Vented Shelf,DISCOUNT, $86.08 , $49.00 ,8,Sanus,Professional AV Solutions,793795524072,  
WEBLINK,CASH22,Sanus 2U Vented Shelf,DISCOUNT, $114.77 , $59.00 ,12,Sanus,Professional AV Solutions,793795524089,  
WEBLINK,CATG01,Sanus Temperature Gauge,DISCOUNT, $191.30 , $49.00 ,13,Sanus,Professional AV Solutions,793795524195,  
WEBLINK,F107C-B7,VuePoint Small Full Motion,DISCOUNT, $25.00 , $9.99 ,269,Sanus,Residential TV Mounts,793795527622,  
WEBLINK,F180C-B2,VuePoint Large Full Motion TV Mount,DISCOUNT, $125.00 , $69.00 ,9,Sanus,Residential TV Mounts,793795528650,  
WEBLINK,F32C-B2,Vuepoint Medium Fixed TV Mount,DISCOUNT, $45.00 , $19.00 ,5,Sanus,Residential TV Mounts,793795528735,  
WEBLINK,F35-B7,VuePoint Medium Tilt Mount,DISCOUNT, $40.00 , $19.99 ,10,Sanus,Residential TV Mounts,793795527660,  
WEBLINK,VML5-B2,Sanus Fixed Super Slim Mount - Medium,DISCOUNT, $86.95 , $29.99 ,4,Sanus,Residential TV Mounts,793795526847,  
WEBLINK,VMT5-B2,Sanus Medium Tilting Wall Mount,DISCOUNT, $121.73 , $39.00 ,47,Sanus,Residential TV Mounts,793795526861,  
WEBLINK,VST4-B2,Sanus Small Tilting Wall Mount,DISCOUNT, $52.17 , $12.99 ,15,Sanus,Residential TV Mounts,793795527226,  
WEBLINK,SA405-B2,Sanus Soundbar Mount,NORMAL, $86.94 , $60.00 ,273,Sanus,AV Accessories,7937955274558, CORE RANGE 
WEBLINK,WSBWM1-B2,Sanus Universal Extendable SoundbarMount,NORMAL, $156.51 , $109.56 ,201,Sanus,AV Accessories,793795537898, CORE RANGE 
WEBLINK,ELM102-X1,Sanus Screen Cleaner & Gel,NORMAL, $43.47 , $30.43 ,300,Sanus,Cleaning Products,793795500021, CORE RANGE 
WEBLINK,CA6CK,Sanus Caster Kit,NORMAL, $47.82 , $33.47 ,2,Sanus,Professional AV Solutions,793795525482, CORE RANGE 
WEBLINK,CAVBP2,Sanus 2U Vented Blanking Panel,NORMAL, $25.00 , $20.00 ,6,Sanus,Professional AV Solutions,793795524058,  
WEBLINK,CFA16SM-B1,Sanus On-Wall Swing-Out,NORMAL, $164.34 , $115.04 ,9,Sanus,Professional AV Solutions,793795525604, CORE RANGE 
WEBLINK,CFR1615-B1,Sanus AV Rack 15RU,NORMAL, $478.25 , $334.78 ,12,Sanus,Professional AV Solutions,793795525499, CORE RANGE 
WEBLINK,CFR1620-B1,Sanus AV Rack 20RU,NORMAL, $573.90 , $401.73 ,9,Sanus,Professional AV Solutions,793795525505, CORE RANGE 
WEBLINK,VLF728-B2,Sanus Full Motion Mount - Large,NORMAL, $521.73 , $368.26 ,60,Sanus,Residential TV Mounts,793795533616, CORE RANGE 
WEBLINK,VLL5-B2,Sanus Large Fixed TV Mount,NORMAL, $156.51 , $120.52 ,491,Sanus,Residential TV Mounts,793795526908, CORE RANGE 
WEBLINK,VLT6-B2,Sanus Tilting Wall Mount,NORMAL, $217.38 , $167.39 ,61,Sanus,Residential TV Mounts,793795531308, CORE RANGE 
WEBLINK,VLT7-B2,Sanus Tilting Wall Mount,NORMAL, $260.86 , $182.60 ,7,Sanus,Residential TV Mounts,793795534675,  
WEBLINK,VMF720-B2,Sanus Full Motion Mount - Medium,NORMAL, $260.86 , $194.18 ,300,Sanus,Residential TV Mounts,793795533609, CORE RANGE 
WEBLINK,VMPL50A,Sanus Tilting Wall Mount,NORMAL, $173.90 , $127.22 ,218,Sanus,Residential TV Mounts,793795521965, CORE RANGE 
WEBLINK,VSF716-B2,Sanus Full Motion Mount - Small,NORMAL, $173.90 , $127.22 ,141,Sanus,Residential TV Mounts,793795533593, CORE RANGE 
WEBLINK,VXT7-B2,Sanus Tilt TV Mount,NORMAL, $304.34 , $234.35 ,1,Sanus,Residential TV Mounts,793795534040, CORE RANGE 
WEBLINK,QLF314-B2,SECURA Large Full Motion Wall Mount,NORMAL, $104.34 , $81.07 ,580,SECURA,Residential TV Mounts,793795533098, CORE RANGE 
WEBLINK,QLL23-B2,SECURA Large Fixed Wall Mount,NORMAL, $56.51 , $39.55 ,1,SECURA,Residential TV Mounts,793795530707, CORE RANGE 
WEBLINK,QLT35-B2,SECURA Large Tilt Wall Mount,NORMAL, $69.56 , $48.69 ,420,SECURA,Residential TV Mounts,793795532039, CORE RANGE 
WEBLINK,RCB-W,Sonorous Remote Control Holder,NORMAL, $44.37 , $31.33 ,35,Sonorous,AV Accessories,8699273423467,  
WEBLINK,IR2000,Sonorous IR Repeater Box,NORMAL, $228.15 , $156.22 ,141,Sonorous,Cables & Connectivity,8699273430465,  
WEBLINK,LB1530BNWNZ,"Sonorous Value Series, 1500mm Wide",NORMAL, $869.56 , $633.69 ,10,Sonorous,Furniture,8699273526359,  
WEBLINK,LB1830BNWNZ,"Sonorous Value Series, 1800mm Wide",NORMAL, $956.51 , $698.32 ,9,Sonorous,Furniture,8699273518637,  
WEBLINK,ST110IBLKBLKBS,Sonorous 1100W Black Cabinet,NORMAL, $782.60 , $572.60 ,51,Sonorous,Furniture,8699273445117,  
WEBLINK,ST110IWHTWHTBS,Sonorous 1100W White Cabinet,NORMAL, $782.60 , $572.79 ,36,Sonorous,Furniture,8699273445100,  
WEBLINK,ST260IBLKBLKBS,Sonorous 1650W Black Cabinet,NORMAL," $1,130.43 ", $822.61 ,40,Sonorous,Furniture,8699273445773,  
WEBLINK,ST260IWHTWHTBS,Sonorous 1650W White Cabinet,NORMAL," $1,130.43 ", $826.05 ,49,Sonorous,Furniture,8699273445766,  
WEBLINK,SDXHKC300FS1021,Floor Stand for Harman Kardon Citation,DISCOUNT, $339.00 , $99.00 ,20,SoundXtra,AV Accessories,5057964001050,  
WEBLINK,SDXHKC300FS1091,Floor Stand for Harman Kardon Citation,DISCOUNT, $339.00 , $99.00 ,12,SoundXtra,AV Accessories,5057964001067,  
WEBLINK,SDXHKC500FS1021,Floor Stand for Harman Kardon Citation,DISCOUNT, $365.00 , $99.00 ,21,SoundXtra,AV Accessories,5057964001074,  
WEBLINK,SDXHKC500FS1091,Floor Stand for Harman Kardon Citation,DISCOUNT, $365.00 , $99.00 ,18,SoundXtra,AV Accessories,5057964001081,  
WEBLINK,SDXHKCONEFS1091,Floor Stand for Harman Kardon Citation,DISCOUNT, $256.00 , $69.00 ,5,SoundXtra,AV Accessories,5057964001029,  
WEBLINK,CENTWC,TouchBoard TBMS-WALL-HA-CENT 3/3,SPECIAL ORDER ONLY, POA , POA ,2,TouchBoard,Professional AV Solutions,,  
WEBLINK,TBMS-MOB-HA-CENT-DEMO,TouchBoard Motorised Cart Centre Column,SPECIAL ORDER ONLY," $2,752.00 "," $2,064.00 ",1,TouchBoard,Professional AV Solutions,,  
WEBLINK,440-1005-023,"Vaddio USB 3.0 TypeA to TypeB Cable, 20m",DISCOUNT," $1,866.00 ", $399.00 ,3,Vaddio,Unified Communications,840077505868,  
WEBLINK,440-1005-025,"Vaddio USB 3.0 TypeA to TypeB Cable, 30m",DISCOUNT," $2,547.00 ", $599.00 ,5,Vaddio,Unified Communications,840077505875,  
WEBLINK,998-5000-003,Vaddio PCC Premier & MatrixMIX Rack Ears,DISCOUNT, $375.00 , $79.00 ,5,Vaddio,Unified Communications,840077500566,  
WEBLINK,998-6000-004,Vaddio Single _ Rack Mount,DISCOUNT, $265.00 , $49.00 ,2,Vaddio,Unified Communications,840077500597,  
WEBLINK,998-6000-006,Vaddio Dual _ Rack Mounting Kit,DISCOUNT, $380.00 , $79.00 ,6,Vaddio,Unified Communications,840077500610,  
WEBLINK,999-1105-943,OneLINK HDMI Extension for Vaddio HDBase,DISCOUNT," $4,605.00 ", $999.00 ,5,Vaddio,Unified Communications,840077500856,  
WEBLINK,999-21100-009,Vaddio IntelliSHOT Auto-Tracking Camera,DISCOUNT," $4,998.75 "," $1,499.00 ",1,Vaddio,Unified Communications,840077507169, CORE RANGE 
WEBLINK,999-50707-009,Vaddio HuddleSHOT All-in-One Conf Camera,DISCOUNT," $5,483.00 ", $999.00 ,2,Vaddio,Unified Communications,840077500030,  
WEBLINK,999-50707-009G,"Vaddio HuddleSHOT All-in-One Camera,Grey",DISCOUNT," $5,483.00 ", $999.00 ,2,Vaddio,Unified Communications,840077500061,  
WEBLINK,999-5660-009,Vaddio AV Bridge MatrixMIX,DISCOUNT," $26,476.00 "," $5,999.00 ",1,Vaddio,Unified Communications,840077501242,  
WEBLINK,999-5750-001,Vaddio PCC Premier,DISCOUNT," $11,528.00 "," $1,999.00 ",2,Vaddio,Unified Communications,840077501310,  
WEBLINK,999-5755-009,Vaddio PCC MatrixMIX Live Production Con,DISCOUNT," $11,528.00 "," $2,499.00 ",1,Vaddio,Unified Communications,840077501341,  
WEBLINK,999-8215-009,Vaddio AV Bridge Conference,DISCOUNT," $8,560.00 "," $1,999.00 ",2,Vaddio,Unified Communications,840077501679,  
WEBLINK,999-85000-000W,"Vaddio TableMIC Microphone, White",DISCOUNT," $2,103.00 ", $399.00 ,2,Vaddio,Unified Communications,840077501815,  
WEBLINK,999-85100-000,Vaddio CeilingMIC Microphone,DISCOUNT," $2,103.00 ", $399.00 ,2,Vaddio,Unified Communications,840077501822,  
WEBLINK,999-9595-009,OneLINK Bridge for Vaddio HDBaseT Camera,DISCOUNT," $8,231.00 "," $1,499.00 ",6,Vaddio,Unified Communications,840077502300,  
WEBLINK,999-99400-009W,"Vaddio RoboSHOT 12E HDMI, White",DISCOUNT," $8,926.00 "," $2,499.00 ",3,Vaddio,Unified Communications,840077503581,  
WEBLINK,999-9950-009W,Vaddio RoboSHOT 20 UHD System WHITE,DISCOUNT," $18,135.00 "," $6,999.00 ",1,Vaddio,Unified Communications,,  
WEBLINK,999-9952-009,"Vaddio RoboSHOT 40 UHD Black, AU Cord",DISCOUNT," $20,792.00 "," $3,999.00 ",1,Vaddio,Unified Communications,840077503963,  
WEBLINK,999-9952-009W,"Vaddio RoboSHOT 40 UHD White, AU Cord",DISCOUNT," $20,792.00 "," $3,999.00 ",1,Vaddio,Unified Communications,840077503970,  
WEBLINK,999-99600-109,Vaddio RoboSHOT 12E HDBT OneLINK HDMI S,DISCOUNT," $16,123.00 "," $2,999.00 ",1,Vaddio,Unified Communications,840077504168,  
WEBLINK,999-99950-109W,Vaddio CSAV Bundle CeilingMIC 1,DISCOUNT," $10,109.00 "," $1,999.00 ",2,Vaddio,Unified Communications,840077506841,  
WEBLINK,999-99950-309B,ConferenceSHOT AV HD Conference Room Sys,DISCOUNT," $10,109.00 "," $1,899.00 ",2,Vaddio,Unified Communications,840077506865,  
WEBLINK,999-99950-309W,ConferenceSHOT AV HD Conference Room Sys,DISCOUNT," $10,109.00 "," $1,499.00 ",4,Vaddio,Unified Communications,,  
WEBLINK,999-99950-409W,Vaddio ConferenceSHOT AV Bundle,DISCOUNT," $12,107.00 "," $1,999.00 ",2,Vaddio,Unified Communications,840077506889,  
WEBLINK,535-2000-290,"Vaddio Drop Down Mount, Small PTZ - 30cm",NORMAL," $1,000.00 ", $609.00 ,0, Vaddio ,Unified Communications,840077500405, CORE RANGE 
WEBLINK,535-2000-291,"Vaddio Drop Down Mount, Large PTZ - 60cm",NORMAL," $1,031.00 ", $628.00 ,0, Vaddio ,Unified Communications,840077500412, CORE RANGE 
WEBLINK,535-2000-300,"Vaddio Drop Pipe Camera Adapter, Black",NORMAL, $299.36 , $210.55 ,0, Vaddio ,Unified Communications,840077508081, CORE RANGE 
WEBLINK,535-2000-300W,"Vaddio Drop Pipe Camera Adapter, White",NORMAL, $299.36 , $210.55 ,4, Vaddio ,Unified Communications,840077508234, CORE RANGE 
WEBLINK,535-2000-293,"Vaddio Drop Down Mount, Large PTZ - 60cm",SPECIAL ORDER ONLY," $1,240.00 ", $755.00 ,0, Vaddio ,Unified Communications,840077500436,  
WEBLINK,535-2000-400,1.5 NPT Chief CMS to Vaddio Drop Mount,SPECIAL ORDER ONLY, $352.00 , $246.00 ,0, Vaddio ,Unified Communications,,  
WEBLINK,999-99630-009W,Vaddio RoboSHOT 30E HDBT WHITE,SPECIAL ORDER ONLY," $13,878.00 "," $8,447.00 ",1, Vaddio ,Unified Communications,840077504458,  
WEBLINK,999-9968-000,Vaddio DocCAM 20 HDBT,SPECIAL ORDER ONLY," $12,845.00 "," $7,818.00 ",0, Vaddio ,Unified Communications,840077504724,  
WEBLINK,IFD55TH652-3,Vestel 55in Android Based IFP Display,DISCOUNT," $3,432.00 ", $999.00 ,4, Vestel ,Visual Solutions,,  
WEBLINK,IFD65TH752-3,Vestel 65in Android Based IFP Display,DISCOUNT," $4,179.00 "," $1,299.00 ",4, Vestel ,Visual Solutions,,  
WEBLINK,PN65D-4H,"NEW Vestel Prime Series PN65+ - 65"" 24/7",DISCOUNT," $1,488.00 ", $858.44 ,23, Vestel ,Visual Solutions,, CORE RANGE 
WEBLINK,UHM65UH82-4,Vestel 65inch 4K UHD Signage Displays,DISCOUNT," $2,202.36 ", $556.00 ,1, Vestel ,Visual Solutions,3700410350739,  
WEBLINK,VW55X503B-6,"Vestel 55"" Extra Thin Video Wall Display",DISCOUNT," $2,274.95 ", $910.00 ,3, Vestel ,Visual Solutions,3700410350487,  
WEBLINK,WU55B-2H,Vestel 55in 3.5mm Bezel Wall Display,DISCOUNT," $3,249.67 ", $910.00 ,8, Vestel ,Visual Solutions,,  
WEBLINK,WU55B-2HA,Vestel 55in 3.5mm Bezel Wall Display,DISCOUNT," $3,249.67 ", $910.00 ,5, Vestel ,Visual Solutions,,  
WEBLINK,XN75D-4H,"NEW Vestel  Extreme XN75+ - 75"" 24/7",DISCOUNT," $2,158.00 "," $1,322.50 ",11, Vestel ,Visual Solutions,, CORE RANGE 
WEBLINK,XN86A-3F,"Vestel Extreme Series XN86 - 86"" 24/7",DISCOUNT," $3,749.00 "," $1,999.00 ",2, Vestel ,Visual Solutions,,  
WEBLINK,XN86D-4H,"NEW Vestel Extreme XN86+ - 86"" 24/7",DISCOUNT," $3,749.00 "," $1,999.00 ",4, Vestel ,Visual Solutions,, CORE RANGE 
,30102186,ASSY TCON LG 2D LC550EQY-SMA3 CN,NORMAL, $154.13 , $107.89 ,1, Vestel ,Visual Solutions,0,  
,,,,,,,,,,
,,,,,,,,,,
,,,,,,,,,,
,,,,,,,,,,
,,,,,,,,,,
,,,,,,,,,,
,,,,,,,,,,
,,,,,,,,,,
,,,,,,,,,,
,,,,,,,,,,
,,,,,,,,,,
,,,,,,,,,,
,,,,,,,,,,
,,,,,,,,,,
,,,,,,,,,,
,,,,,,,,,,
,,,,,,,,,,
,,,,,,,,,,
,,,,,,,,,,
,,,,,,,,,,
,,,,,,,,,,
,,,,,,,,,,
,,,,,,,,,,
,,,,,,,,,,
,,,,,,,,,,
,,,,,,,,,,
,,,,,,,,,,
,,,,,,,,,,
,,,,,,,,,,
,,,,,,,,,,
,,,,,,,,,,
,,,,,,,,,,
,,,,,,,,,,
,,,,,,,,,,
,,,,,,,,,,
,,,,,,,,,,
,,,,,,,,,,
,,,,,,,,,,
,,,,,,,,,,
,,,,,,,,,,
,,,,,,,,,,
,,,,,,,,,,
,,,,,,,,,,
,,,,,,,,,,
,,,,,,,,,,
,,,,,,,,,,
,,,,,,,,,,
,,,,,,,,,,
,,,,,,,,,,
,,,,,,,,,,
,,,,,,,,,,
,,,,,,,,,,
,,,,,,,,,,
,,,,,,,,,,
,,,,,,,,,,
,,,,,,,,,,
,,,,,,,,,,
,,,,,,,,,,
,,,,,,,,,,
,,,,,,,,,,
,,,,,,,,,,
,,,,,,,,,,
,,,,,,,,,,
,,,,,,,,,,
,,,,,,,,,,
,,,,,,,,,,
,,,,,,,,,,
,,,,,,,,,,
,,,,,,,,,,
,,,,,,,,,,
,,,,,,,,,,
,,,,,,,,,,
,,,,,,,,,,
,,,,,,,,,,
,,,,,,,,,,
,,,,,,,,,,
,,,,,,,,,,
,,,,,,,,,,
,,,,,,,,,,
,,,,,,,,,,
,,,,,,,,,,
,,,,,,,,,,
,,,,,,,,,,
,,,,,,,,,,
,,,,,,,,,,
,,,,,,,,,,
,,,,,,,,,,
,,,,,,,,,,
,,,,,,,,,,
,,,,,,,,,,
,,,,,,,,,,
,,,,,,,,,,
,,,,,,,,,,
,,,,,,,,,,
,,,,,,,,,,
,,,,,,,,,,
,,,,,,,,,,
,,,,,,,,,,
,,,,,,,,,,
,,,,,,,,,,
,,,,,,,,,,
,,,,,,,,,,
,,,,,,,,,,
,,,,,,,,,,
,,,,,,,,,,
,,,,,,,,,,
,,,,,,,,,,
,,,,,,,,,,
,,,,,,,,,,
,,,,,,,,,,
,,,,,,,,,,
,,,,,,,,,,
,,,,,,,,,,
,,,,,,,,,,
,,,,,,,,,,
,,,,,,,,,,
,,,,,,,,,,
,,,,,,,,,,
,,,,,,,,,,
,,,,,,,,,,
,,,,,,,,,,
,,,,,,,,,,
,,,,,,,,,,
,,,,,,,,,,
,,,,,,,,,,
,,,,,,,,,,
,,,,,,,,,,
,,,,,,,,,,
,,,,,,,,,,
,,,,,,,,,,
,,,,,,,,,,
,,,,,,,,,,
,,,,,,,,,,
,,,,,,,,,,
,,,,,,,,,,
,,,,,,,,,,
,,,,,,,,,,
,,,,,,,,,,
,,,,,,,,,,
,,,,,,,,,,
,,,,,,,,,,
,,,,,,,,,,
,,,,,,,,,,
,,,,,,,,,,
,,,,,,,,,,
,,,,,,,,,,
,,,,,,,,,,
,,,,,,,,,,
,,,,,,,,,,
,,,,,,,,,,
,,,,,,,,,,
,,,,,,,,,,
,,,,,,,,,,
,,,,,,,,,,
,,,,,,,,,,
,,,,,,,,,,
,,,,,,,,,,
,,,,,,,,,,
,,,,,,,,,,
,,,,,,,,,,
,,,,,,,,,,
,,,,,,,,,,
,,,,,,,,,,
,,,,,,,,,,
,,,,,,,,,,
,,,,,,,,,,
,,,,,,,,,,
,,,,,,,,,,
,,,,,,,,,,
,,,,,,,,,,
,,,,,,,,,,
,,,,,,,,,,
,,,,,,,,,,
,,,,,,,,,,
,,,,,,,,,,
,,,,,,,,,,
,,,,,,,,,,
,,,,,,,,,,
,,,,,,,,,,
,,,,,,,,,,
,,,,,,,,,,
,,,,,,,,,,
,,,,,,,,,,
,,,,,,,,,,
,,,,,,,,,,
,,,,,,,,,,
,,,,,,,,,,
,,,,,,,,,,
,,,,,,,,,,
,,,,,,,,,,
,,,,,,,,,,
,,,,,,,,,,
,,,,,,,,,,
,,,,,,,,,,
,,,,,,,,,,
,,,,,,,,,,
,,,,,,,,,,
,,,,,,,,,,
,,,,,,,,,,
,,,,,,,,,,
,,,,,,,,,,
,,,,,,,,,,
,,,,,,,,,,
,,,,,,,,,,
,,,,,,,,,,
,,,,,,,,,,
,,,,,,,,,,
,,,,,,,,,,
,,,,,,,,,,
,,,,,,,,,,
,,,,,,,,,,
,,,,,,,,,,
,,,,,,,,,,
,,,,,,,,,,
,,,,,,,,,,
,,,,,,,,,,
,,,,,,,,,,
,,,,,,,,,,
,,,,,,,,,,
,,,,,,,,,,
,,,,,,,,,,
,,,,,,,,,,
,,,,,,,,,,
,,,,,,,,,,
,,,,,,,,,,
,,,,,,,,,,
,,,,,,,,,,
,,,,,,,,,,
,,,,,,,,,,
,,,,,,,,,,
,,,,,,,,,,
,,,,,,,,,,
,,,,,,,,,,
,,,,,,,,,,
,,,,,,,,,,
,,,,,,,,,,
,,,,,,,,,,
,,,,,,,,,,
,,,,,,,,,,
,,,,,,,,,,
,,,,,,,,,,
,,,,,,,,,,
,,,,,,,,,,
,,,,,,,,,,
,,,,,,,,,,
,,,,,,,,,,
,,,,,,,,,,
,,,,,,,,,,
,,,,,,,,,,
,,,,,,,,,,
,,,,,,,,,,
,,,,,,,,,,
,,,,,,,,,,
,,,,,,,,,,
,,,,,,,,,,
,,,,,,,,,,
,,,,,,,,,,
,,,,,,,,,,
,,,,,,,,,,
,,,,,,,,,,
,,,,,,,,,,
,,,,,,,,,,
,,,,,,,,,,
,,,,,,,,,,
,,,,,,,,,,
,,,,,,,,,,
,,,,,,,,,,
,,,,,,,,,,
,,,,,,,,,,
,,,,,,,,,,
,,,,,,,,,,
,,,,,,,,,,
,,,,,,,,,,
,,,,,,,,,,
,,,,,,,,,,
,,,,,,,,,,
,,,,,,,,,,
,,,,,,,,,,
,,,,,,,,,,
,,,,,,,,,,
,,,,,,,,,,
,,,,,,,,,,
,,,,,,,,,,
,,,,,,,,,,
,,,,,,,,,,
,,,,,,,,,,
,,,,,,,,,,
,,,,,,,,,,
,,,,,,,,,,
,,,,,,,,,,
,,,,,,,,,,
,,,,,,,,,,
,,,,,,,,,,
,,,,,,,,,,
,,,,,,,,,,
,,,,,,,,,,
,,,,,,,,,,
,,,,,,,,,,
,,,,,,,,,,
,,,,,,,,,,
,,,,,,,,,,
,,,,,,,,,,
,,,,,,,,,,
,,,,,,,,,,
,,,,,,,,,,
,,,,,,,,,,
,,,,,,,,,,
,,,,,,,,,,
,,,,,,,,,,
,,,,,,,,,,
,,,,,,,,,,
,,,,,,,,,,
,,,,,,,,,,
,,,,,,,,,,
,,,,,,,,,,
,,,,,,,,,,
,,,,,,,,,,
,,,,,,,,,,
,,,,,,,,,,
,,,,,,,,,,
,,,,,,,,,,
,,,,,,,,,,
,,,,,,,,,,
,,,,,,,,,,
,,,,,,,,,,
,,,,,,,,,,
,,,,,,,,,,
,,,,,,,,,,
,,,,,,,,,,
,,,,,,,,,,
,,,,,,,,,,
,,,,,,,,,,
,,,,,,,,,,
,,,,,,,,,,
,,,,,,,,,,
,,,,,,,,,,
,,,,,,,,,,
,,,,,,,,,,
,,,,,,,,,,
,,,,,,,,,,
,,,,,,,,,,
,,,,,,,,,,
,,,,,,,,,,
,,,,,,,,,,
,,,,,,,,,,
,,,,,,,,,,
,,,,,,,,,,
,,,,,,,,,,
,,,,,,,,,,
,,,,,,,,,,
,,,,,,,,,,
,,,,,,,,,,
,,,,,,,,,,
,,,,,,,,,,
,,,,,,,,,,
,,,,,,,,,,
,,,,,,,,,,
,,,,,,,,,,
,,,,,,,,,,
,,,,,,,,,,
,,,,,,,,,,
,,,,,,,,,,
,,,,,,,,,,
,,,,,,,,,,
,,,,,,,,,,
,,,,,,,,,,
,,,,,,,,,,
,,,,,,,,,,
,,,,,,,,,,
,,,,,,,,,,
,,,,,,,,,,
,,,,,,,,,,
,,,,,,,,,,
,,,,,,,,,,
,,,,,,,,,,
,,,,,,,,,,
,,,,,,,,,,
,,,,,,,,,,
,,,,,,,,,,
,,,,,,,,,,
,,,,,,,,,,
,,,,,,,,,,
,,,,,,,,,,
,,,,,,,,,,
,,,,,,,,,,
,,,,,,,,,,
,,,,,,,,,,
,,,,,,,,,,
,,,,,,,,,,
,,,,,,,,,,
,,,,,,,,,,
,,,,,,,,,,
,,,,,,,,,,
,,,,,,,,,,
,,,,,,,,,,
,,,,,,,,,,
,,,,,,,,,,
,,,,,,,,,,
,,,,,,,,,,
,,,,,,,,,,
,,,,,,,,,,
,,,,,,,,,,
,,,,,,,,,,
,,,,,,,,,,
,,,,,,,,,,
,,,,,,,,,,
,,,,,,,,,,
,,,,,,,,,,
,,,,,,,,,,
,,,,,,,,,,
,,,,,,,,,,
,,,,,,,,,,
,,,,,,,,,,
,,,,,,,,,,
,,,,,,,,,,
,,,,,,,,,,
,,,,,,,,,,
,,,,,,,,,,
,,,,,,,,,,
,,,,,,,,,,
,,,,,,,,,,
,,,,,,,,,,
,,,,,,,,,,
,,,,,,,,,,
,,,,,,,,,,
,,,,,,,,,,
,,,,,,,,,,
,,,,,,,,,,
,,,,,,,,,,
,,,,,,,,,,
,,,,,,,,,,
,,,,,,,,,,
,,,,,,,,,,
,,,,,,,,,,
,,,,,,,,,,
,,,,,,,,,,
,,,,,,,,,,
,,,,,,,,,,
,,,,,,,,,,
,,,,,,,,,,
,,,,,,,,,,
,,,,,,,,,,
,,,,,,,,,,
,,,,,,,,,,
,,,,,,,,,,
,,,,,,,,,,
,,,,,,,,,,
,,,,,,,,,,
,,,,,,,,,,
,,,,,,,,,,
,,,,,,,,,,
,,,,,,,,,,
,,,,,,,,,,
,,,,,,,,,,
,,,,,,,,,,
,,,,,,,,,,
,,,,,,,,,,
,,,,,,,,,,
,,,,,,,,,,
,,,,,,,,,,
,,,,,,,,,,
,,,,,,,,,,
,,,,,,,,,,
,,,,,,,,,,
,,,,,,,,,,
,,,,,,,,,,
,,,,,,,,,,
,,,,,,,,,,
,,,,,,,,,,
,,,,,,,,,,
,,,,,,,,,,
,,,,,,,,,,
,,,,,,,,,,
,,,,,,,,,,
,,,,,,,,,,
,,,,,,,,,,
,,,,,,,,,,
,,,,,,,,,,
,,,,,,,,,,
,,,,,,,,,,
,,,,,,,,,,
,,,,,,,,,,
,,,,,,,,,,
,,,,,,,,,,
,,,,,,,,,,
,,,,,,,,,,
,,,,,,,,,,
,,,,,,,,,,
,,,,,,,,,,
,,,,,,,,,,
,,,,,,,,,,
,,,,,,,,,,
,,,,,,,,,,
,,,,,,,,,,
,,,,,,,,,,
,,,,,,,,,,
,,,,,,,,,,
,,,,,,,,,,
,,,,,,,,,,
,,,,,,,,,,
,,,,,,,,,,
,,,,,,,,,,
,,,,,,,,,,
,,,,,,,,,,
,,,,,,,,,,
,,,,,,,,,,
,,,,,,,,,,
,,,,,,,,,,
,,,,,,,,,,
,,,,,,,,,,
,,,,,,,,,,
,,,,,,,,,,
,,,,,,,,,,
,,,,,,,,,,
,,,,,,,,,,
,,,,,,,,,,
,,,,,,,,,,
,,,,,,,,,,
,,,,,,,,,,
,,,,,,,,,,
,,,,,,,,,,
,,,,,,,,,,
,,,,,,,,,,
,,,,,,,,,,
,,,,,,,,,,
,,,,,,,,,,
,,,,,,,,,,
,,,,,,,,,,
,,,,,,,,,,
,,,,,,,,,,
,,,,,,,,,,
,,,,,,,,,,
,,,,,,,,,,
,,,,,,,,,,
,,,,,,,,,,
,,,,,,,,,,
,,,,,,,,,,
,,,,,,,,,,
,,,,,,,,,,
,,,,,,,,,,
,,,,,,,,,,
,,,,,,,,,,
,,,,,,,,,,
,,,,,,,,,,
,,,,,,,,,,
,,,,,,,,,,
,,,,,,,,,,
,,,,,,,,,,
,,,,,,,,,,
,,,,,,,,,,
,,,,,,,,,,
,,,,,,,,,,
,,,,,,,,,,
,,,,,,,,,,
,,,,,,,,,,
,,,,,,,,,,
,,,,,,,,,,
,,,,,,,,,,
,,,,,,,,,,
,,,,,,,,,,
,,,,,,,,,,
,,,,,,,,,,
,,,,,,,,,,
,,,,,,,,,,
,,,,,,,,,,
,,,,,,,,,,
,,,,,,,,,,
,,,,,,,,,,
,,,,,,,,,,
,,,,,,,,,,
,,,,,,,,,,
,,,,,,,,,,
,,,,,,,,,,
,,,,,,,,,,
,,,,,,,,,,
,,,,,,,,,,
,,,,,,,,,,
,,,,,,,,,,
,,,,,,,,,,
,,,,,,,,,,
,,,,,,,,,,
,,,,,,,,,,
,,,,,,,,,,
,,,,,,,,,,
,,,,,,,,,,
,,,,,,,,,,
,,,,,,,,,,
,,,,,,,,,,
,,,,,,,,,,
,,,,,,,,,,
,,,,,,,,,,
,,,,,,,,,,
,,,,,,,,,,
,,,,,,,,,,
,,,,,,,,,,
,,,,,,,,,,
,,,,,,,,,,
,,,,,,,,,,
,,,,,,,,,,
,,,,,,,,,,
,,,,,,,,,,
,,,,,,,,,,
,,,,,,,,,,
,,,,,,,,,,
,,,,,,,,,,
,,,,,,,,,,
,,,,,,,,,,
,,,,,,,,,,
,,,,,,,,,,
,,,,,,,,,,
,,,,,,,,,,
,,,,,,,,,,
,,,,,,,,,,
,,,,,,,,,,
,,,,,,,,,,
,,,,,,,,,,
,,,,,,,,,,
,,,,,,,,,,
,,,,,,,,,,
,,,,,,,,,,
,,,,,,,,,,
,,,,,,,,,,
,,,,,,,,,,
,,,,,,,,,,
,,,,,,,,,,
,,,,,,,,,,
,,,,,,,,,,
,,,,,,,,,,
,,,,,,,,,,
,,,,,,,,,,
,,,,,,,,,,
,,,,,,,,,,
,,,,,,,,,,
,,,,,,,,,,
,,,,,,,,,,
,,,,,,,,,,
,,,,,,,,,,
,,,,,,,,,,
,,,,,,,,,,
,,,,,,,,,,
,,,,,,,,,,
,,,,,,,,,,
,,,,,,,,,,
,,,,,,,,,,
,,,,,,,,,,
,,,,,,,,,,
,,,,,,,,,,
,,,,,,,,,,
,,,,,,,,,,
,,,,,,,,,,
,,,,,,,,,,
,,,,,,,,,,
,,,,,,,,,,
,,,,,,,,,,
,,,,,,,,,,
,,,,,,,,,,
,,,,,,,,,,
,,,,,,,,,,
,,,,,,,,,,
,,,,,,,,,,
,,,,,,,,,,
,,,,,,,,,,
,,,,,,,,,,
,,,,,,,,,,
,,,,,,,,,,
,,,,,,,,,,
,,,,,,,,,,
,,,,,,,,,,
,,,,,,,,,,
,,,,,,,,,,
,,,,,,,,,,
,,,,,,,,,,
,,,,,,,,,,
,,,,,,,,,,
,,,,,,,,,,
,,,,,,,,,,
,,,,,,,,,,
,,,,,,,,,,
,,,,,,,,,,
,,,,,,,,,,
,,,,,,,,,,
,,,,,,,,,,
,,,,,,,,,,
,,,,,,,,,,
,,,,,,,,,,
,,,,,,,,,,
,,,,,,,,,,
,,,,,,,,,,
,,,,,,,,,,
,,,,,,,,,,
,,,,,,,,,,
,,,,,,,,,,
,,,,,,,,,,
,,,,,,,,,,
,,,,,,,,,,
,,,,,,,,,,
,,,,,,,,,,
,,,,,,,,,,
,,,,,,,,,,
,,,,,,,,,,
,,,,,,,,,,
,,,,,,,,,,
,,,,,,,,,,
,,,,,,,,,,
,,,,,,,,,,
,,,,,,,,,,
,,,,,,,,,,
,,,,,,,,,,
,,,,,,,,,,
,,,,,,,,,,
,,,,,,,,,,
,,,,,,,,,,
,,,,,,,,,,
,,,,,,,,,,
,,,,,,,,,,
,,,,,,,,,,
,,,,,,,,,,
,,,,,,,,,,
,,,,,,,,,,
,,,,,,,,,,
,,,,,,,,,,
,,,,,,,,,,
,,,,,,,,,,
,,,,,,,,,,
,,,,,,,,,,
,,,,,,,,,,
,,,,,,,,,,
,,,,,,,,,,
,,,,,,,,,,
,,,,,,,,,,
,,,,,,,,,,
,,,,,,,,,,
,,,,,,,,,,
,,,,,,,,,,
,,,,,,,,,,
,,,,,,,,,,
,,,,,,,,,,
,,,,,,,,,,
,,,,,,,,,,
,,,,,,,,,,
,,,,,,,,,,
,,,,,,,,,,
,,,,,,,,,,
,,,,,,,,,,
,,,,,,,,,,
,,,,,,,,,,
,,,,,,,,,,
,,,,,,,,,,
,,,,,,,,,,
,,,,,,,,,,
,,,,,,,,,,
,,,,,,,,,,
,,,,,,,,,,
,,,,,,,,,,
,,,,,,,,,,
,,,,,,,,,,
,,,,,,,,,,
,,,,,,,,,,
,,,,,,,,,,
,,,,,,,,,,
,,,,,,,,,,
,,,,,,,,,,
,,,,,,,,,,
,,,,,,,,,,
,,,,,,,,,,
,,,,,,,,,,
,,,,,,,,,,
,,,,,,,,,,
,,,,,,,,,,
,,,,,,,,,,
,,,,,,,,,,
,,,,,,,,,,
,,,,,,,,,,
,,,,,,,,,,
,,,,,,,,,,
,,,,,,,,,,
,,,,,,,,,,
,,,,,,,,,,
,,,,,,,,,,
,,,,,,,,,,
,,,,,,,,,,
,,,,,,,,,,
,,,,,,,,,,
,,,,,,,,,,
,,,,,,,,,,
,,,,,,,,,,
,,,,,,,,,,
,,,,,,,,,,
,,,,,,,,,,
,,,,,,,,,,
,,,,,,,,,,
,,,,,,,,,,
,,,,,,,,,,
,,,,,,,,,,
,,,,,,,,,,
,,,,,,,,,,
,,,,,,,,,,
,,,,,,,,,,
,,,,,,,,,,
,,,,,,,,,,
,,,,,,,,,,
,,,,,,,,,,
,,,,,,,,,,
,,,,,,,,,,
,,,,,,,,,,
,,,,,,,,,,
,,,,,,,,,,
,,,,,,,,,,
,,,,,,,,,,
,,,,,,,,,,
,,,,,,,,,,
,,,,,,,,,,
,,,,,,,,,,
,,,,,,,,,,
,,,,,,,,,,
,,,,,,,,,,
,,,,,,,,,,
,,,,,,,,,,
,,,,,,,,,,
,,,,,,,,,,
,,,,,,,,,,
,,,,,,,,,,
,,,,,,,,,,
,,,,,,,,,,
,,,,,,,,,,
,,,,,,,,,,
,,,,,,,,,,
,,,,,,,,,,
,,,,,,,,,,
,,,,,,,,,,
,,,,,,,,,,
,,,,,,,,,,
,,,,,,,,,,
,,,,,,,,,,
,,,,,,,,,,
,,,,,,,,,,
,,,,,,,,,,
,,,,,,,,,,
,,,,,,,,,,
,,,,,,,,,,
,,,,,,,,,,
,,,,,,,,,,
,,,,,,,,,,
,,,,,,,,,,
,,,,,,,,,,
,,,,,,,,,,
,,,,,,,,,,
,,,,,,,,,,
,,,,,,,,,,
,,,,,,,,,,
,,,,,,,,,,
,,,,,,,,,,
,,,,,,,,,,
,,,,,,,,,,
,,,,,,,,,,
,,,,,,,,,,
,,,,,,,,,,
,,,,,,,,,,
,,,,,,,,,,
,,,,,,,,,,
,,,,,,,,,,
,,,,,,,,,,
,,,,,,,,,,
,,,,,,,,,,
,,,,,,,,,,
,,,,,,,,,,
,,,,,,,,,,
,,,,,,,,,,
,,,,,,,,,,
,,,,,,,,,,
,,,,,,,,,,
,,,,,,,,,,
,,,,,,,,,,
,,,,,,,,,,
,,,,,,,,,,
,,,,,,,,,,
,,,,,,,,,,
,,,,,,,,,,
,,,,,,,,,,
,,,,,,,,,,
,,,,,,,,,,
,,,,,,,,,,
,,,,,,,,,,
,,,,,,,,,,
,,,,,,,,,,
,,,,,,,,,,
,,,,,,,,,,
,,,,,,,,,,
,,,,,,,,,,
,,,,,,,,,,
,,,,,,,,,,
,,,,,,,,,,
,,,,,,,,,,
,,,,,,,,,,
,,,,,,,,,,
,,,,,,,,,,
,,,,,,,,,,
,,,,,,,,,,
,,,,,,,,,,
,,,,,,,,,,
,,,,,,,,,,
,,,,,,,,,,
,,,,,,,,,,
,,,,,,,,,,
,,,,,,,,,,
,,,,,,,,,,
,,,,,,,,,,
,,,,,,,,,,
,,,,,,,,,,
,,,,,,,,,,
,,,,,,,,,,
,,,,,,,,,,
,,,,,,,,,,
,,,,,,,,,,
,,,,,,,,,,
,,,,,,,,,,
,,,,,,,,,,
,,,,,,,,,,
,,,,,,,,,,
,,,,,,,,,,
,,,,,,,,,,
,,,,,,,,,,
,,,,,,,,,,
,,,,,,,,,,
,,,,,,,,,,
,,,,,,,,,,
,,,,,,,,,,
,,,,,,,,,,
,,,,,,,,,,
,,,,,,,,,,
,,,,,,,,,,
,,,,,,,,,,
,,,,,,,,,,
,,,,,,,,,,
,,,,,,,,,,
,,,,,,,,,,
,,,,,,,,,,
,,,,,,,,,,
,,,,,,,,,,
,,,,,,,,,,
,,,,,,,,,,
,,,,,,,,,,
,,,,,,,,,,