Brand,Model,Item Number,Description,Frequency Range,SRP NZD (inc GST),Dealer NZD - 33% (ex GST),New Product,Price Change,Special Notes,UPC,EAN,Country of Origin,Customs Tariff Code,Shipping Weight (g),Shipping Weight (lbs),Length (mm),Height (mm),Width (mm),Length (in),Height (in),Width (in),Master Carton Qty,Master Carton Weight (g),Master Carton Weight (lbs),Master Carton Length (mm),Master Carton Height (mm),Master Carton Width (mm),Master Carton Length (in),Master Carton Height (in),Master Carton Width (in),Product Image 1,Product Image 2,Product Image 3,Product Image 4,Product Image 5,Product Image 6,Product Image 7,Product Image 8,Transducer Type,Polar Pattern,Spec Sheets,Spec Sheets,Spec Sheets,Spec Sheets,Spec Sheets,Whats in the Box
Sennheiser,3-PACK E 604,506667,"Microphone set with 3x e 604, instrument microphone, dynamic, cardioid, including bracket holder and cases",,809,471.33,,,,615104264809,4044155099751,RO,85181000,60,0.13,59,,,2.32,,,4,4989.56,11.0,502,288,259,19.76,11.34,10.20,https://images.salsify.com/image/upload/s--9-P9YC_---/099456acce0838449c548715321484fa753fe71b.png,,,,,,,,Dynamic,Cardioid,https://www.sennheiser.com/globalassets/digizuite/41670-en-e_604_Product_Specification_v1.1_EN.pdf,https://www.sennheiser.com/globalassets/digizuite/41670-en-e_604_Product_Specification_v1.1_EN.pdf,https://www.sennheiser.com/globalassets/digizuite/41670-en-e_604_Product_Specification_v1.1_EN.pdf,https://www.sennheiser.com/globalassets/digizuite/41670-en-e_604_Product_Specification_v1.1_EN.pdf,https://www.sennheiser.com/globalassets/digizuite/41670-en-e_604_Product_Specification_v1.1_EN.pdf,"(3) e 604 Instrument microphone, (3) MZH 604 Microphone clip, (3) Pouch, (1) Quick guide, (1) Safety guide"
Sennheiser,3-PACK E 835,506666,"Handheld microphone set with (3) e 835 (cardioid, dynamic), (3) MZH 800 clips and (3) carrying pouches",,529,308.2,,,,615104264793,4044155099744,DE,85181000,346,0.76,180,,,7.09,,,4,8493.56,18.72,502,288,259,19.76,11.34,10.20,https://images.salsify.com/image/upload/s--_O0PX-88--/fd67dad46e02dee2e13b78d401ec041588b4eacb.png,https://images.salsify.com/image/upload/s--Hm6uyKKk--/e125cad514b204aa32434307d7eb45eb1a9f8edb.jpg,https://images.salsify.com/image/upload/s--noRH0orq--/f483e40b4d171b76c28bfbc874d28a7f9c5477b7.jpg,https://images.salsify.com/image/upload/s--SnN_b3KH--/16d6c3da03c0637211a083e47d9a8b5af3f1a47d.jpg,,,,,Dynamic,Cardioid,https://www.sennheiser.com/globalassets/digizuite/41678-en-SP_1209_v1.0_e_835_e_835-S_Product_Specification_EN.pdf,https://www.sennheiser.com/globalassets/digizuite/41678-en-SP_1209_v1.0_e_835_e_835-S_Product_Specification_EN.pdf,https://www.sennheiser.com/globalassets/digizuite/41678-en-SP_1209_v1.0_e_835_e_835-S_Product_Specification_EN.pdf,https://www.sennheiser.com/globalassets/digizuite/41678-en-SP_1209_v1.0_e_835_e_835-S_Product_Specification_EN.pdf,https://www.sennheiser.com/globalassets/digizuite/41678-en-SP_1209_v1.0_e_835_e_835-S_Product_Specification_EN.pdf,"(3) e 835 Handheld microphone, (3) MZQ 800 Microphone clip, (3) Pouch, (1) Quick guide, (1) Safety guide"
Sennheiser,3-PACK E 835-S,507359,"Microphone set with 3x e 835 S, vocal microphone, dynamic, cardioid, I/O switch, including microphone bracket and cases",,529,308.2,,,,615104282490,4044155215779,DE,85181000,346,0.76,180,,,7.09,,,4,8493.56,18.72,502,288,259,19.76,11.34,10.20,https://images.salsify.com/image/upload/s--vzN3U8NI--/200b45c41c884854537ffba03b7398a3ba469b1d.jpg,,,,,,,,Dynamic,Cardioid,,,,,,"(3) e 835-S Handheld microphone, (3) MZQ 800 Microphone clip, (3) Pouch, (1) Quick guide, (1) Safety guide"
Sennheiser,558474,558474,Suits HD 8 DJ; Adaptor; 3.5mm socket to 6.3mm jackplug; screwable; gold & blue,,9.9,5.77,,,,615104258600,4044155095371,CN,85366990,7,0.02,115,,85,4.53,,3.35,,,,0,0,0,0.00,0.00,0.00,https://images.salsify.com/image/upload/s--MSjJS8gx--/5f1a085880dda1422c1877c2f2986c9123ca93ea.jpg,,,,,,,,,,,,,,,(1) 558474
Sennheiser,A 1031-U,004645,"Receiving/transmitting antenna, passive, omnidirectional, BNC connector, 3/8Ó mounting thread 450-960 MHz",450 - 960 MHz,409,238.29,,,,615104046450,4006087046456,DE,85177100,150,0.33,270,35,130,10.63,1.38,5.12,9,3546.56,7.82,399,493,399,15.71,19.41,15.71,https://images.salsify.com/image/upload/s--CWnZ0ueD--/b67334c800089e8208c489a2832fb89b8379c4da.png,,,,,,,,,,,,,,,(1) A 1031-U Antenna
Sennheiser,A 3700,502195,"Receiver antenna, active, omnidirectional, BNC, 3/8""-assembly screw, 470 - 866 MHz, adjustable amplification 5/10/15 dB. For  EM2000/2050/3731/3732/6000 receivers.",470 - 866 MHz,2039,1187.94,,,,615104136755,4044155024685,DE,85177100,390,0.86,250,23,165,9.84,0.91,6.50,9,6471.56,14.27,541,420,266,21.30,16.54,10.47,https://images.salsify.com/image/upload/s--k-6OoJrr--/953155c71e48796ae16a9ab616bb47d922af82ca.jpg,,,,,,,,,,,,,,,(1) A 3700 Antenna
Sennheiser,A 5000-CP,500887,"Receiver/transmitter antenna, passive, directional, circularly polarized, 3/8"", N-plug, including BNC adapter, 450-960 MHz",450 - 960 MHz,2549,1485.07,,_,,615104124394,4044155015553,US,85177100,2880,6.34,417,320,417,16.42,12.60,16.42,0,0.0,0.0,0,0,0,0.00,0.00,0.00,https://images.salsify.com/image/upload/s--9Nx-RQqQ--/785abfd2a8b8d506c41e99ef8927fa95093e9736.jpg,https://images.salsify.com/image/upload/s--V8_BKq26--/0dff9e1e79d6d427acf974fd19a3ace92df9108c.jpg,,,,,,,,,,,,,,(1) A 5000-CP Antenna
Sennheiser,AB 3700,502196,Antenna Booster with adjustable gain  -3dB  5dB  10dB & 15dB  powered via 12 volts on output connector  BNC Input & Ouput  470 to 866 MHz.  For EM2000/2050/3731/3732/6000 receivers.,470 - 866 MHz,1219,710.2,,,,615104136762,4044155024692,DE,85437030,390,0.86,250,23,165,9.84,0.91,6.50,20,7061.56,15.57,404,228,304,15.91,8.98,11.97,https://images.salsify.com/image/upload/s--0gLTa5ct--/dfe2c8b62edbe8ed0dd835021ee49472a79b6fc8.jpg,,,,,,,,,,,,,,,(1) AB 3700 Antenna
Sennheiser,AB 4-AW+,508538,"Inline antenna booster, +10 dB gain, BNC connectors, frequency range: AW+ (470 - 558 MHz)",AW+ (470 - 558 MHz),509,296.55,,,,615104321403,4044155243222,DE,85437030,130,0.29,47,95,21,1.85,3.74,0.83,40,7680.0,16.93,390,200,260,15.35,7.87,10.24,https://images.salsify.com/image/upload/s--FekEhzPe--/f8c7ad731150b95eef00db8480a1a221d459f4ac.jpg,,,,,,,,,,,,,,,(1) AB 4-AW+ Antenna booster
Sennheiser,AB 4-BW,508541,"Inline antenna booster, +10 dB gain, BNC connectors, frequency range: BW (626 Ð 698 MHz)",BW (626 - 698 MHz),509,296.55,,,,615104321595,4044155243253,DE,85437030,130,0.29,47,95,21,1.85,3.74,0.83,40,7680.0,16.93,390,200,260,15.35,7.87,10.24,https://images.salsify.com/image/upload/s--FekEhzPe--/f8c7ad731150b95eef00db8480a1a221d459f4ac.jpg,,,,,,,,,,,,,,,(1) AB 4-BW Antenna booster
Sennheiser,AB 4-GBW,508540,"Inline antenna booster, +10 dB gain, BNC connectors, frequency range: AW+ (606 Ð 678 MHz)",GBW (606 - 678 MHz),509,296.55,,,,615104321502,4044155243246,DE,85437030,130,0.29,47,95,21,1.85,3.74,0.83,40,7680.0,16.93,390,200,260,15.35,7.87,10.24,https://images.salsify.com/image/upload/s--FekEhzPe--/f8c7ad731150b95eef00db8480a1a221d459f4ac.jpg,,,,,,,,,,,,,,,(1) AB 4-GBW Antenna booster
Sennheiser,AC 3200-II,505497,Active 8:1 transmitter combiner. 500 - 870 MHz. Max input power  100mw per input. For use with 2000 series transmitters. 1RU  full width chassis  inc rack ears. External power supply included.,,9499,5534.2,,_,,615104226005,4044155076691,DE,85437030,4000,8.81,436,44,215,17.17,1.73,8.46,,,,,,,,,,https://images.salsify.com/image/upload/s--T_fsgeov--/800fafc85e7f68eae79c2db99b90ab72984cf062.jpg,,,,,,,,,,https://www.sennheiser.com/globalassets/digizuite/41764-en-SP_1289_v1.0_AC_3200-II_Product_Specification_EN.pdf,https://www.sennheiser.com/globalassets/digizuite/41764-en-SP_1289_v1.0_AC_3200-II_Product_Specification_EN.pdf,https://www.sennheiser.com/globalassets/digizuite/41764-en-SP_1289_v1.0_AC_3200-II_Product_Specification_EN.pdf,https://www.sennheiser.com/globalassets/digizuite/41764-en-SP_1289_v1.0_AC_3200-II_Product_Specification_EN.pdf,https://www.sennheiser.com/globalassets/digizuite/41764-en-SP_1289_v1.0_AC_3200-II_Product_Specification_EN.pdf,(1) AC 3200-II Antenna booster
Sennheiser,AC 41-EU,508243,"Active antenna combiner with DC power distribution for up to four IEM transmitters, includes NT 3-1-EU power supply and four BNC cables",,1929,1123.85,,_,,615104314528,4044155237290,DE,85437030,1470,3.24,212,43,168,8.35,1.69,6.61,4,9572.0,21.1,335,355,230,13.19,13.98,9.06,https://images.salsify.com/image/upload/s--ONjPWqdp--/eb46f1d0705867be9a69fe43e462f1c031f3f174.jpg,https://images.salsify.com/image/upload/s--XHVJRTst--/c6fbc3cdeb508f459fc075d8369b1485980f284f.jpg,,,,,,,,,https://www.sennheiser.com/globalassets/digizuite/41637-en-SP_1187_v1.0_AC_41_Product_Specification_EN.pdf,https://www.sennheiser.com/globalassets/digizuite/41637-en-SP_1187_v1.0_AC_41_Product_Specification_EN.pdf,https://www.sennheiser.com/globalassets/digizuite/41637-en-SP_1187_v1.0_AC_41_Product_Specification_EN.pdf,https://www.sennheiser.com/globalassets/digizuite/41637-en-SP_1187_v1.0_AC_41_Product_Specification_EN.pdf,https://www.sennheiser.com/globalassets/digizuite/41637-en-SP_1187_v1.0_AC_41_Product_Specification_EN.pdf,"(1) AC 41 Antenna combiner, (1) NT 3-1 Power supply, (4) BNC Connectors, (1) Quick guide, (1) Safety guide"
Sennheiser,AD 3700,502197,"Receiver antenna, active, directional, BNC, 3/8""-assembly screw, 470 - 866 MHz, adjustable amplification 5/10/15 dB. For EM2000/2050/3731/3732/6000 receivers.",470 - 866 MHz,2039,1187.94,,,,615104136779,4044155024708,DE,85437030,390,0.86,250,23,165,9.84,0.91,6.50,9,8226.56,18.14,399,493,399,15.71,19.41,15.71,https://images.salsify.com/image/upload/s--JBwwb9et--/b473d0560d3bb71da9154943e3c846a80384cdf7.png,,,,,,,,,,,,,,,(1) AD 3700 Antenna
Sennheiser,ADAPTER SET NT 12-5 CW+,508997,Full prong set for EW-D EM,,19.95,11.62,,,,615104355163,4044155256703,VN,85369010,95,0.21,225,35,135,8.86,1.38,5.31,5,605.56,1.34,194,178,149,7.64,7.01,5.87,https://images.salsify.com/image/upload/s--Arvfm1oW--/kasl8irrg45vspzcyii6.webp,,,,,,,,,,,,,,,(1) ADAPTER SET NT 12-5 CW+
Sennheiser,ADP UHF (470 - 1075 MHZ),508863,"Passive, directional external paddle antenna, UHF range (470 - 1075 MHz)",UHF range (470 - 1075 MHz),809,471.33,,,,615104343412,4044155250671,CN,85177100,604,1.33,,,,,,,16,10416.0,22.96,760,250,720,29.92,9.84,28.35,https://images.salsify.com/image/upload/s--CIR-IhqG--/656c41c2811547d2d9cbe8e145104b25b1d5f1e0.jpg,,,,,,,,,,https://www.sennheiser.com/globalassets/digizuite/40850-en-EW-D_ADP_UHF_Product_Specification_v1.1_EN.pdf,https://www.sennheiser.com/globalassets/digizuite/40850-en-EW-D_ADP_UHF_Product_Specification_v1.1_EN.pdf,https://www.sennheiser.com/globalassets/digizuite/40850-en-EW-D_ADP_UHF_Product_Specification_v1.1_EN.pdf,https://www.sennheiser.com/globalassets/digizuite/40850-en-EW-D_ADP_UHF_Product_Specification_v1.1_EN.pdf,https://www.sennheiser.com/globalassets/digizuite/40850-en-EW-D_ADP_UHF_Product_Specification_v1.1_EN.pdf,(1) ADP UHF (470 - 1075 MHZ) Antenna
Sennheiser,AM 2,009912,Front mount antenna kit for Evolution G3 in GA 3 rack kit,,99,57.68,,,,615104099128,4006087099124,MY,85444290,"99,47",0.22,100,"0,1",80,3.94,0.00,3.15,12,1359.51,3.0,250,120,105,9.84,4.72,4.13,https://images.salsify.com/image/upload/s--ITpACuVV--/0abd56e3d3d8b190f154761c8ed70c9687d81fa8.png,,,,,,,,,,,,,,,(1) AM 2 BNC cable set
Sennheiser,AMBEO VR MIC,507195,"Ambeo¨ 3D audio microphone (4 x cardioid, ambisonic condenser) for virtual reality video production with 48 V phantom power and multi-pin output jack. Includes (1) Rycote INV 7 Suspension mount, (1) balanced split cable (4x XLRs 3-pins), (1) windscreen, (1) extension cable (1.5m, DIN12F to DIN12M) and AMBEO A-B format converter (VST, AU, and AAX Mac/PC plug-in (free download))",,3259,1898.72,,,,615104280946,4044155214710,DE,85181000,"1,06",0.00,215,25,49,8.46,0.98,1.93,3,3760.87,8.29,504,288,319,19.84,11.34,12.56,https://images.salsify.com/image/upload/s--w-RoHoFA--/4f3e5cc8febbccac0e7162b81af37a50f3f69bef.jpg,https://images.salsify.com/image/upload/s--buD2LQap--/fa584ebc7e27d54fd5ae6d010f2c0e46b39d0b9e.jpg,https://images.salsify.com/image/upload/s--n09yBpMn--/a2de8e357943a73143837b9d763c8fbdfdc6fef3.jpg,https://images.salsify.com/image/upload/s--qGJOfoa5--/4be3c1c94e2f0ba2f1d5325558d5ef655c597cb1.jpg,https://images.salsify.com/image/upload/s--qGJOfoa5--/4be3c1c94e2f0ba2f1d5325558d5ef655c597cb1.jpg,https://images.salsify.com/image/upload/s--BWwKraDl--/83a4208f72037083286d03220de2c96f155bfea1.jpg,https://images.salsify.com/image/upload/s--s0E5PCQu--/c9f5b1635f11ff3d7be52f4ca5b8a0fc12950069.jpg,https://images.salsify.com/image/upload/s--dSQdKbg4--/6c40188c34f3795b7b55d67e059d624eac96281d.jpg,Electret Condenser,Cardioid,,,,,,"AMBEO VR Mic, Balanced split cable 4x XLRs 3-pins, Extension cable, 1.5m, DIN12F to DIN12M, Rycote suspension mount, Foam wind shield, Proprietary A-B encoder, available in VST plugins (Mac OS X and Windows) and AAX plugins (Mac OS X)"
Sennheiser,ANTENNA FRONT MOUNT KIT,700667,"Antenna front mounting kit for 19Ò Sennheiser wireless rack units. Includes (2) Rack brackets, (2) RF Patch cables, (2) BNC connector holders and (4) Washers and screws",,259,150.9,,,,615104402645,4044155286779,CN,83024200,883,1.94,422,47,47,16.61,1.85,1.85,10,9310.0,20.52,440,120,265,17.32,4.72,10.43,https://images.salsify.com/image/upload/s--U5yrIgZO--/88029c59b2bd5a1f27e4a5572d107fa13cf4f338.jpg,,,,,,,,,,,,,,,"(2) Rack Brackets, (2) RF Patch Cables, (2) BNC connector holder, (4) Washers and screws"
Sennheiser,ASA 3000-EU,009423,Dual 1:8 active antenna splitter. Internal power supply. 470 - 870 MHz. switchable 12 V DC @ 200mA per antenna input. Can have IM 3000 filter modules added for narrow band operation,,4479,2609.5,,,,615104094239,4006087094235,DE,85177100,5054,11.13,525,130,315,20.67,5.12,12.40,,,,0,0,0,0.00,0.00,0.00,https://images.salsify.com/image/upload/s--lCqqaF4N--/7e8c9bea5cd6bb82556a9e33f03330dc7dd20d6f.png,,,,,,,,,,https://www.sennheiser.com/globalassets/digizuite/41762-en-SP_1288_v1.0_ASA_3000_Product_Specification_EN.pdf,https://www.sennheiser.com/globalassets/digizuite/41762-en-SP_1288_v1.0_ASA_3000_Product_Specification_EN.pdf,https://www.sennheiser.com/globalassets/digizuite/41762-en-SP_1288_v1.0_ASA_3000_Product_Specification_EN.pdf,https://www.sennheiser.com/globalassets/digizuite/41762-en-SP_1288_v1.0_ASA_3000_Product_Specification_EN.pdf,https://www.sennheiser.com/globalassets/digizuite/41762-en-SP_1288_v1.0_ASA_3000_Product_Specification_EN.pdf,(1) ASA 3000 Antenna splitter
Sennheiser,ASP 113,003422,Passive 1:3 splitter or 3:1 combiner. BNC connectors. DC pass through. 7dB attenuation,,779,453.85,,_,,615104034228,4006087034224,DE,85177100,190,0.42,139,53,98,5.47,2.09,3.86,14,2906.56,6.41,457,140,257,17.99,5.51,10.12,https://images.salsify.com/image/upload/s--Xuf_yOjy--/8523f316c097214fdf359e681dd2f4deff37bee9.jpg,,,,,,,,,,,,,,,(1) ASP 113 Antenna splitter
Sennheiser,ASP 114,003423,Passive 1:4 splitter or 4:1 combiner. BNC connectors. DC pass through. 8dB attenuation,,779,453.85,,_,,615104034235,4006087034231,DE,85177100,210,0.46,139,53,98,5.47,2.09,3.86,14,3186.56,7.03,457,140,257,17.99,5.51,10.12,https://images.salsify.com/image/upload/s--1_weDrCV--/2c074c44817a489cc00e56a854236a26880a5805.jpg,,,,,,,,,,,,,,,(1) ASP 114 Antenna splitter
Sennheiser,ASP 212,003421,"One dual two-way BNC passive splitter box with DC pass through, used for sharing two antennas with up to 16 receivers (requires using two 8-channel splitter kits) 4dB attenuation",,779,453.85,,_,,615104034211,4006087034217,DE,85177100,220,0.48,139,53,98,5.47,2.09,3.86,14,3326.56,7.33,457,140,257,17.99,5.51,10.12,https://images.salsify.com/image/upload/s--EtRO2cE5--/087fec2890a4ec5be96c22738726b1c8c9cf3690.jpg,,,,,,,,,,,,,,,(1) ASP 212 Antenna splitter
Sennheiser,AVX EKP POUCH,564556,AVX Pouch,,17.58,10.24,,,,615104268982,4044155206036,HK,42023900,"0,01",0.00,,,,,,,50,596.08,1.31,504,288,319,19.84,11.34,12.56,https://images.salsify.com/image/upload/s--OWWU9b21--/650210fec23e6657e4ae5a1ed7f91df797c16b83.jpg,,,,,,,,,,,,,,,(1) AVX EKP POUCH
Sennheiser,AVX ME2/835 SET-3,509100,"Combo set, each with 1x SK-AVX-3, EKP-AVX-3, SKM-AVX-3, ME 2, MMD 835, BA 30, BA 20, BA 10, NT 5-10",,2239,1304.46,,,,615104355187,4044155256727,RO,85181000,87,0.19,320,73,170,12.60,2.87,6.69,3,3338.56,7.36,350,270,200,13.78,10.63,7.87,https://images.salsify.com/image/upload/s--0-UK3zGK--/ad2b80a2c3ddd68b5ed204ecdcbeda41fc9f70ad.jpg,https://images.salsify.com/image/upload/s--B6TkHUrN--/2d1dd23f9fdabb84063997a112828c96bd755f68.jpg,https://images.salsify.com/image/upload/s--K5j70E-C--/4485a9252ab731e68a1a4a877639b2a69a77fdcb.jpg,https://images.salsify.com/image/upload/s--SXPx3_ED--/9ebdf691758b6e09ef490a1945465c8bd3760799.jpg,https://images.salsify.com/image/upload/s--tfDqLero--/102579b0370dea5b6f56dbfeb9f3eaa388f04256.jpg,https://images.salsify.com/image/upload/s--ghxyqarL--/b43047b54e7a7d418b71adfc14a1eea591f5d625.jpg,,,Electret Condenser,Omnidirectional,,,,,,"(1) SKM AVX W/O CAPSULE Handheld transmitter, (1) MMD 835-1 BK Microphone capsule, (1) SK AVX Bodypack transmitter, (1) EKP AVX Plug-on Receiver, (1) EKP AVX Adapter, (1) ME 2 Lavalier microphone, (1) BA 10 Rechargeable battery, (1) BA 20 Rechargeable battery, (1) BA 30 Rechargeable battery, (1) CL 400 Adapter cable, (1) SKM 6000 Microphone clip, (1) NT 5-10U Power supply, (1) Pouch, (1) Quick guide, (1) Safety guide"
Sennheiser,AVX-835 SET-3,505853,"Camera set, each with 1x: EKP AVX-3, SKM AVX-835-3, cable XLR-> jack, hot shoe adapter, BA 20, BA 10, and micro USB cable",,1829,1065.59,,,,615104242968,4044155086195,RO,85181000,87,0.19,320,73,170,12.60,2.87,6.69,3,2510.56,5.53,350,270,200,13.78,10.63,7.87,https://images.salsify.com/image/upload/s--27hEN--c--/736a925ae52f984e169c0d0eee07f57d06dcd58f.jpg,https://images.salsify.com/image/upload/s--jzlFEX6h--/267be2fd00b2a35563de3fa2d412254c50541b5a.jpg,https://images.salsify.com/image/upload/s--rkhwEnFN--/090e691b14826e4d94bd5272595bbf8ce630e2de.jpg,https://images.salsify.com/image/upload/s--qvKDk2Dy--/cc0c40fab2e790e9269780fbae79c623513a7118.jpg,https://images.salsify.com/image/upload/s--sOju3xfH--/fcd31f0bb388ea1396b321f387278d7c0c4aff98.jpg,https://images.salsify.com/image/upload/s--BYAxqb9r--/7fad78215b179b6e7b5234b11cbf5bbf4c7ad75e.jpg,,,Dynamic,Cardioid,,,,,,"(1) SKM AVX W/O CAPSULE Handheld transmitter, (1) MMD 835-1 BK Microphone capsule, (1) EKP AVX Plug-on Receiver, (1) EKP AVX Adapter, (1) BA 10 Rechargeable battery, (1) BA 20 Rechargeable battery, (1) CL 400 Adapter cable, (1) SKM 6000 Microphone clip, (1) NT 5-10U Power supply, (1) Pouch, (1) Quick guide, (1) Safety guide"
Sennheiser,AVX-835 SET-3-AU,507184,"Complete System: Includes SKM AVX with 835 dynamic cardioid capsule, and Lithium Ion battery  EK AVX plug-on receiver with Lithium Ion Battery  hotshoe adaptor  belt adaptor  3.5mm to XLR 3F cable  micro-USB charging cable  power supply  pouch ANZ VERSION",,1849,1077.24,,,,615104280465,4044155214444,DE,85181000,87,0.19,320,73,170,12.60,2.87,6.69,3,2510.0,5.53,335,240,185,13.19,9.45,7.28,https://images.salsify.com/image/upload/s--27hEN--c--/736a925ae52f984e169c0d0eee07f57d06dcd58f.jpg,https://images.salsify.com/image/upload/s--B6TkHUrN--/2d1dd23f9fdabb84063997a112828c96bd755f68.jpg,https://images.salsify.com/image/upload/s--K5j70E-C--/4485a9252ab731e68a1a4a877639b2a69a77fdcb.jpg,,,,,,Dynamic,Cardioid,,,,,,"(1) SKM AVX W/O CAPSULE Handheld transmitter, (1) MMD 835-1 BK Microphone capsule, (1) EKP AVX Plug-on Receiver, (1) EKP AVX Adapter, (1) BA 10 Rechargeable battery, (1) BA 20 Rechargeable battery, (1) CL 400 Adapter cable, (1) SKM 6000 Microphone clip, (1) NT 5-10U Power supply, (1) Pouch, (1) Quick guide, (1) Safety guide"
Sennheiser,AVX-ME2 SET-3,505851,"Camera set, each with 1x: EKP AVX-3, SK AVX-3, ME 2, cable XLR-> jack, hot shoe adapter, BA 20, BA 30, and micro USB cable",,1629,949.07,,,,615104242944,4044155086171,RO,85181000,87,0.19,320,73,170,12.60,2.87,6.69,3,2122.36,4.68,350,270,200,13.78,10.63,7.87,https://images.salsify.com/image/upload/s--ILgPMsBg--/68e9d41282ef5de4a927dcf86b93a6fdf64d1d13.jpg,https://images.salsify.com/image/upload/s--K5j70E-C--/4485a9252ab731e68a1a4a877639b2a69a77fdcb.jpg,https://images.salsify.com/image/upload/s--TET5oKeN--/95a1bc9e9c542c9b0d01ebb5f4a6fb8cc8a6ca4d.jpg,https://images.salsify.com/image/upload/s--RUHj4-ed--/2dfe376eb86657b398afdb2c9cc7f30d71e937ee.jpg,,,,,Electret Condenser,Omnidirectional,,,,,,"(1) SK AVX Bodypack transmitter, (1) EKP AVX Plug-on Receiver, (1) EKP AVX Adapter, (1) ME 2 Lavalier microphone, (1) BA 20 Rechargeable battery, (1) BA 30 Rechargeable battery, (1) CL 400 Adapter cable, (1) NT 5-10U Power supply, (1) Pouch, (1) Quick guide, (1) Safety guide"
Sennheiser,AVX-ME2 SET-3-AU,506155,Complete System: Includes SK AVX with ME 2 omni-directional lapel mic with clip and Lithium Ion battery  EK AVX plug-on receiver with Lithium Ion Battery  hotshoe adaptor  belt adaptor  3.5mm to XLR 3F cable  micro-USB charging cable  power supply  pouch,,1649,960.72,,,,615104251793,4044155090932,DE,85181000,87,0.19,320,73,170,12.60,2.87,6.69,3,2121.8,4.68,335,240,185,13.19,9.45,7.28,https://images.salsify.com/image/upload/s--ILgPMsBg--/68e9d41282ef5de4a927dcf86b93a6fdf64d1d13.jpg,https://images.salsify.com/image/upload/s--K5j70E-C--/4485a9252ab731e68a1a4a877639b2a69a77fdcb.jpg,https://images.salsify.com/image/upload/s--TET5oKeN--/95a1bc9e9c542c9b0d01ebb5f4a6fb8cc8a6ca4d.jpg,https://images.salsify.com/image/upload/s--RUHj4-ed--/2dfe376eb86657b398afdb2c9cc7f30d71e937ee.jpg,,,,,Electret Condenser,Omnidirectional,,,,,,"(1) SK AVX Bodypack transmitter, (1) EKP AVX Plug-on Receiver, (1) EKP AVX Adapter, (1) ME 2 Lavalier microphone, (1) BA 20 Rechargeable battery, (1) BA 30 Rechargeable battery, (1) CL 400 Adapter cable, (1) NT 5-10U Power supply, (1) Pouch, (1) Quick guide, (1) Safety guide"
Sennheiser,AVX-MKE2 SET-3,505852,"Camera set, each with 1x: EKP AVX-3, SK AVX-3, MKE 2, cable XLR-> jack, hot shoe adapter, BA 20, BA 30, and micro USB cable",,2039,1187.94,,,,615104242951,4044155086188,RO,85181000,87,0.19,320,73,170,12.60,2.87,6.69,3,2113.36,4.66,350,270,200,13.78,10.63,7.87,https://images.salsify.com/image/upload/s--VUku80aM--/36f9f237009f20f923193d07848e9d33b5302198.jpg,https://images.salsify.com/image/upload/s--K5j70E-C--/4485a9252ab731e68a1a4a877639b2a69a77fdcb.jpg,https://images.salsify.com/image/upload/s--TET5oKeN--/95a1bc9e9c542c9b0d01ebb5f4a6fb8cc8a6ca4d.jpg,https://images.salsify.com/image/upload/s--TA3i-dpr--/cf4749c30fc3bd025f16b0056ff8f1a647530d2c.jpg,,,,,Electret Condenser,Omnidirectional,,,,,,"(1) SK AVX Bodypack transmitter, (1) EKP AVX Plug-on Receiver, (1) EKP AVX Adapter, (1) MKE 2 Lavalier microphone, (1) BA 20 Rechargeable battery, (1) BA 30 Rechargeable battery, (1) CL 400 Adapter cable, (1) NT 5-10U Power supply, (1) Pouch, (1) Quick guide, (1) Safety guide"
Sennheiser,AVX-MKE2 SET-3-AU,507183,Complete System: Includes SK AVX with MKE 2 premium quality omni-directional lapel mic with clip and Lithium Ion battery  EK AVX plug-on receiver with Lithium Ion Battery  hotshoe adaptor  belt adaptor  3.5mm to XLR 3F cable  micro-USB charging cable  power supply  pouch ANZ Version,,2049,1193.77,,,,615104280458,4044155214437,DE,85181000,87,0.19,320,73,170,12.60,2.87,6.69,3,1872.8,4.13,335,240,185,13.19,9.45,7.28,https://images.salsify.com/image/upload/s--VUku80aM--/36f9f237009f20f923193d07848e9d33b5302198.jpg,https://images.salsify.com/image/upload/s--K5j70E-C--/4485a9252ab731e68a1a4a877639b2a69a77fdcb.jpg,https://images.salsify.com/image/upload/s--TET5oKeN--/95a1bc9e9c542c9b0d01ebb5f4a6fb8cc8a6ca4d.jpg,https://images.salsify.com/image/upload/s--TA3i-dpr--/cf4749c30fc3bd025f16b0056ff8f1a647530d2c.jpg,,,,,Electret Condenser,Omnidirectional,,,,,,"(1) SK AVX Bodypack transmitter, (1) EKP AVX Plug-on Receiver, (1) EKP AVX Adapter, (1) MKE 2 Lavalier microphone, (1) BA 20 Rechargeable battery, (1) BA 30 Rechargeable battery, (1) CL 400 Adapter cable, (1) NT 5-10U Power supply, (1) Pouch, (1) Quick guide, (1) Safety guide"
Sennheiser,AWM 2 MK II,509297,"Antenna wall mount, metal housing, white, including 2 1G9 antennas",,269,156.72,,,,615104103801,4044155267488,CN,85177100,678,1.49,82,242,59,3.23,9.53,2.32,16,11244.0,24.79,260,305,255,10.24,12.01,10.04,https://images.salsify.com/image/upload/s--oW8P-QXi--/9b42bedbe12634474bea6187076e0c6a97bc866a.jpg,,,,,,,,,,https://www.sennheiser.com/globalassets/digizuite/40554-en-AWM2_AWM4_Product_Specification_v1.0_EN.pdf,https://www.sennheiser.com/globalassets/digizuite/40554-en-AWM2_AWM4_Product_Specification_v1.0_EN.pdf,https://www.sennheiser.com/globalassets/digizuite/40554-en-AWM2_AWM4_Product_Specification_v1.0_EN.pdf,https://www.sennheiser.com/globalassets/digizuite/40554-en-AWM2_AWM4_Product_Specification_v1.0_EN.pdf,https://www.sennheiser.com/globalassets/digizuite/40554-en-AWM2_AWM4_Product_Specification_v1.0_EN.pdf,"(1) AWM 2 MK II Wallmount antenna, (1) Wall mount adapter, (1) Drilling template, (1) Quick guide, (1) Safety guide"
Sennheiser,AWM 4,507358,"Antenna wall mount, metal housing, white, including 4 rod antennas",,539,314.03,,,,615104282476,4044155215755,CN,85177100,722,1.59,235,59,85,9.25,2.32,3.35,0,0.0,0.0,0,0,0,0.00,0.00,0.00,https://images.salsify.com/image/upload/s--uSE8ey8J--/f3a921afe5b3af23a4497c52a2f382a577ad29b9.jpg,,,,,,,,,,https://www.sennheiser.com/globalassets/digizuite/40479-en-2022_11_SpeechLine_Digital_Wireless_System_Specification_v3.2_EN.pdf,https://www.sennheiser.com/globalassets/digizuite/40479-en-2022_11_SpeechLine_Digital_Wireless_System_Specification_v3.2_EN.pdf,https://www.sennheiser.com/globalassets/digizuite/40479-en-2022_11_SpeechLine_Digital_Wireless_System_Specification_v3.2_EN.pdf,https://www.sennheiser.com/globalassets/digizuite/40479-en-2022_11_SpeechLine_Digital_Wireless_System_Specification_v3.2_EN.pdf,https://www.sennheiser.com/globalassets/digizuite/40479-en-2022_11_SpeechLine_Digital_Wireless_System_Specification_v3.2_EN.pdf,"(1) AWM 4 Wallmount antenna, (1) Wall mount adapter, (1) Drilling template, (1) Quick guide, (1) Safety guide"
Sennheiser,AWM UHF (470 - 694 MHZ),508865,"Active directional antenna (frequency range 470-694 MHz) for Evolution Wireless Digital microphone systems. Includes wallmount AWM antenna, wallmount adapter, drilling template, quick guide and safety guide.",,899,523.77,,,,615104343436,4044155250695,CN,85177100,,,,,,,,,8,9278.0,20.45,570,291,408,22.44,11.46,16.06,https://images.salsify.com/image/upload/s--wbS3EKkL--/219d667074811ba952d6f168f626ac45eaf6fb93.jpg,https://images.salsify.com/image/upload/s--2b4j8nni--/d0baef07a9e648c954e36a3d17093ec226b15bd0.jpg,https://images.salsify.com/image/upload/s--PMonkgJm--/2c23713a54113229106f7bc4c58781a02240d52a.jpg,https://images.salsify.com/image/upload/s--5wgEze1d--/f23bbeb68902d30c751af90f17851991b4cf2257.jpg,https://images.salsify.com/image/upload/s--EzZs8SRv--/f3b28e38638ba7dca97c6c7a08bda561b55862b3.jpg,,,,,,https://www.sennheiser.com/globalassets/digizuite/44671-en-AWM_Antenna_Product_Specification_v1.0_EN.pdf,https://www.sennheiser.com/globalassets/digizuite/44671-en-AWM_Antenna_Product_Specification_v1.0_EN.pdf,https://www.sennheiser.com/globalassets/digizuite/44671-en-AWM_Antenna_Product_Specification_v1.0_EN.pdf,https://www.sennheiser.com/globalassets/digizuite/44671-en-AWM_Antenna_Product_Specification_v1.0_EN.pdf,https://www.sennheiser.com/globalassets/digizuite/44671-en-AWM_Antenna_Product_Specification_v1.0_EN.pdf,"(1) AWM UHF Wallmount Antenna, (1) Wall mount adapter, (1) Drilling template, (1) Quick guide, (1) Safety guide"
Sennheiser,B 30,564557,"Battery sled (AA) for SK D1, SK AVX , and SL BODYPACK",,69,40.2,,,,615104268999,4044155206043,CN,85177900,21,0.05,110,,100,4.33,,3.94,100,2100.0,4.63,0,0,0,0.00,0.00,0.00,https://images.salsify.com/image/upload/s--zIF7H4UF--/6dfcc85bbf8360d8bc6d86629f72120beb864293.jpg,,,,,,,,,,,,,,,(1) BA 30 Rechargeable battery
Sennheiser,BA 10,505972,"Battery pack for handheld transmitter SKM D1, SKM AVX, and SL Handheld DW, Li-ion, 3.7 V, 2200 mAh",,139,80.98,,,,615104248717,4044155089097,ID,85076000,87,0.19,59,144,29,2.32,5.67,1.14,10,1001.88,2.21,194,178,149,7.64,7.01,5.87,https://images.salsify.com/image/upload/s--7tr9-bbm--/e275bae3af3a8f3f451b11648c55df3af5fb390b.jpg,,,,,,,,,,,,,,,(1) BA 10 Rechargeable battery
Sennheiser,BA 20,505973,"Li-Ion battery pack for receiver EKP-AVX, 3,7 V, micro-USB power jack",,99,57.68,,,,615104248724,4044155089103,ID,85076000,40,0.09,59,98,29,2.32,3.86,1.14,20,931.88,2.05,194,178,149,7.64,7.01,5.87,https://images.salsify.com/image/upload/s--VfgQqTuk--/b95f4d5c2bacb7e0e7349b92eb5bc02316de6d17.jpg,,,,,,,,,,,,,,,(1) BA 20 Rechargeable battery
Sennheiser,BA 2015,009950,"Battery pack, NiMh, for components of the SK G3/G4 series and 2000 series. 
**purchases of 4 or more units will be invoiced at SRP of $72.25 ea less prevailing dealer discount**",,159,92.63,,,,615104099500,4006087099506,DE,85078000,60,0.13,100,"0,1",160,3.94,0.00,6.30,100,6404.56,14.12,334,268,294,13.15,10.55,11.57,https://images.salsify.com/image/upload/s--vLz0O6Sb--/f715839de945c7911fb8205529aadaa3085c584e.png,,,,,,,,,,,,,,,(1) BA 2015 Rechargeable battery
Sennheiser,BA 30,505974,"Battery pack for bodypack transmitter SK D1, SK AVX, and SL Bodypack DW, Li-ion, 3.7 V, 2030 mAh",,139,80.98,,,,615104248731,4044155089110,ID,85076000,83,0.18,59,98,29,2.32,3.86,1.14,20,1791.88,3.95,194,178,149,7.64,7.01,5.87,https://images.salsify.com/image/upload/s--p6KP4haN--/bfa291db39b9b1d32d89b107f17b8aaeb3c7a5b3.jpg,,,,,,,,,,,,,,,(1) BA 30 Rechargeable battery
Sennheiser,BA 40,506656,"Battery pack for SL TABLESTAND 133 / 153-S DW-3 B, Li-Ion 3.6 V",,239,139.25,,,,615104264380,4044155099454,PL,85076000,70,0.15,75,33,60,2.95,1.30,2.36,10,956.88,2.11,334,168,234,13.15,6.61,9.21,https://images.salsify.com/image/upload/s--qegX9vl3--/6d016cd847b9db02337c0a8f68fc267d3d6ea515.jpg,,,,,,,,,,,,,,,(1) BA 40 Rechargeable battery
Sennheiser,BA 70,508860,"Rechargeable battery pack for EW-D SK and EW-D SKM-S, lithium ion",,99,57.68,,,,615104343290,4044155250640,CN,85076000,57,0.13,54,15,30,2.13,0.59,1.18,50,3174.88,7.0,394,193,244,15.51,7.60,9.61,https://images.salsify.com/image/upload/s--3j7vkPA1--/b7cb299489394024becd898ef4d2139f4984b34d.jpg,,,,,,,,,,https://www.sennheiser.com/globalassets/digizuite/49049-en-EW-D_System_Specification_v1.3_EN.pdf.pdf,https://www.sennheiser.com/globalassets/digizuite/49049-en-EW-D_System_Specification_v1.3_EN.pdf.pdf,https://www.sennheiser.com/globalassets/digizuite/49049-en-EW-D_System_Specification_v1.3_EN.pdf.pdf,https://www.sennheiser.com/globalassets/digizuite/49049-en-EW-D_System_Specification_v1.3_EN.pdf.pdf,https://www.sennheiser.com/globalassets/digizuite/49049-en-EW-D_System_Specification_v1.3_EN.pdf.pdf,(1) BA 70 Rechargeable battery
Sennheiser,BLACK CABLE FOR IE 400/500,508584,"Replacement cable for IE 400/500 Pro. 1,3m length with 3,5mm jack connector, black",,99,57.68,,,,615104326033,4044155244557,CN,85444290,12,0.03,225,"0,2",135,8.86,0.01,5.31,20,530.56,1.17,194,178,149,7.64,7.01,5.87,https://images.salsify.com/image/upload/s--llse_6qG--/b7f0383d770af17e4319a231b53441fd0fe6a49d.jpg,,,,,,,,,,,,,,,(1) Black Cable for IE 400/500
Sennheiser,BODYPACK CASE,508950,"Soft sided carry case for SK 6212, SK 6000, SK 9000. Also fits SK 5212, ew G3/G4 & 2000 series bodypack transmitters",,59,34.37,,,,615104349926,4044155253603,CN,42029298,165,0.36,225,41,124,8.86,1.61,4.88,20,3779.56,8.33,539,288,224,21.22,11.34,8.82,https://images.salsify.com/image/upload/s--PP16UXiZ--/68ce8a4d4257a3059eff8f67da1121c10c14848b.jpg,,,,,,,,,,,,,,,(1) BODYPACK CASE
Sennheiser,BOOM ARM,700101,3-point self-locking boom arm with cable management,,199,115.94,,,,615104379961,4044155271928,CN,85189000,1131,2.49,660,44,145,25.98,1.73,5.71,5,6620.0,14.59,676,249,159,26.61,9.80,6.26,https://images.salsify.com/image/upload/s--99ejwXxj--/9350cd13f8f5d177ac4302abcee5c9d032f22eb9.jpg,,,,,,,,,,https://www.sennheiser.com/globalassets/digizuite/41193-en-Profile_Streaming_Set_Spec_Sheet_EN.pdf,https://www.sennheiser.com/globalassets/digizuite/41193-en-Profile_Streaming_Set_Spec_Sheet_EN.pdf,https://www.sennheiser.com/globalassets/digizuite/41193-en-Profile_Streaming_Set_Spec_Sheet_EN.pdf,https://www.sennheiser.com/globalassets/digizuite/41193-en-Profile_Streaming_Set_Spec_Sheet_EN.pdf,https://www.sennheiser.com/globalassets/digizuite/41193-en-Profile_Streaming_Set_Spec_Sheet_EN.pdf,(1) Boom Arm
Sennheiser,Boom Mic HSP Essential-BE,508481,"Replacement boom mic and cable for HSP Essential Omni, 3-pin connector, beige. Neckband sold separately",,409,238.29,,,,615104317536,4044155240306,DE,85181000,45,0.10,225,"0,2",135,8.86,0.01,5.31,10,580.56,1.28,194,178,149,7.64,7.01,5.87,https://images.salsify.com/image/upload/s--Dy-6LdeH--/2fa5166227ddcf0f121235c0afa67322f2959297.jpg,,,,,,,,Condenser,Omnidirectional,,,,,,(1) Boom microphone HSP Essential-BE-3PIN
Sennheiser,Boom Mic HSP Essential-BE-EW,508480,"Replacement boom mic and cable for HSP Essential Omni, 3.5mm connector, beige. Neckband sold separately",,309,180.03,,,,615104317529,4044155240290,DE,85181000,45,0.10,225,"0,2",135,8.86,0.01,5.31,10,580.56,1.28,194,178,149,7.64,7.01,5.87,https://images.salsify.com/image/upload/s--Ed2P1U0W--/9d73a150ea49ff36f63214e910a0aef977a69903.jpg,,,,,,,,Condenser,Omnidirectional,,,,,,(1) Boom microphone HSP Essential-BE
Sennheiser,Boom Mic HSP Essential-BK,508483,"Replacement boom mic and cable for HSP Essential Omni, 3-pin connector, black. Neckband sold separately",,409,238.29,,,,615104317550,4044155240320,DE,85181000,45,0.10,225,"0,2",135,8.86,0.01,5.31,10,580.56,1.28,194,178,149,7.64,7.01,5.87,https://images.salsify.com/image/upload/s--uhIPp2GA--/d7cb6ec8ea24bdfdce3e9ac415b687d26937329a.jpg,,,,,,,,Condenser,Omnidirectional,,,,,,(1) Boom microphone HSP Essential-BK-3PIN
Sennheiser,Boom Mic HSP Essential-BK-EW,508482,"Replacement boom mic and cable for HSP Essential Omni, 3.5mm connector, black. Neckband sold separately",,309,180.03,,,,615104317543,4044155240313,DE,85181000,45,0.10,225,"0,2",135,8.86,0.01,5.31,10,580.56,1.28,194,178,149,7.64,7.01,5.87,https://images.salsify.com/image/upload/s--h3mFSdN8--/ef5661f825c2c1d09a64147c393aa38bfede0df4.jpg,,,,,,,,Condenser,Omnidirectional,,,,,,(1) Boom microphone HSP Essential-BK
Sennheiser,CA 2,009986,"Camera adapter with hot shoe, for EW bodypack transmitter and receiver",,39.95,23.28,,,,615104099869,4006087099865,DE,85181000,25,0.06,100,"0,1",160,3.94,0.00,6.30,100,2923.16,6.44,334,268,294,13.15,10.55,11.57,https://images.salsify.com/image/upload/s---1eWBltK--/bc77cddaf007ceb404b2f63344b5f64917427ddc.png,,,,,,,,,,,,,,,(1) CA 2 Camera mount adapter
Sennheiser,CABLE FOR HD 25 LIGHT,508822,"Replacement cable for HD 25 LIGHT, 1.5m length, with 3.5mm to 6.3mm jack adapter",,59,34.37,,,,615104339996,4044155249323,DE,85444290,36,0.08,225,6,135,8.86,0.24,5.31,20,850.56,1.88,194,178,149,7.64,7.01,5.87,https://images.salsify.com/image/upload/s--dAX7Xi4i--/52261442303aecac8174440a2dfa5bdbdfa973ba.jpg,,,,,,,,,,,,,,,(1) Cable for HD 25 Light
Sennheiser,CABLE II-8,505797,"Straight copper cable with coiled segment to eliminate structure born noise. Reinforced with Aramid for improved durability. Unterminated ends, 2 m. Compatible with the HMD 300 PRO, HMD 301 PRO, HMD/HME 26-II and the HMD/HME 27 PRO",,159,92.63,,,,615104246829,4044155087956,DE,85444290,"104,15",0.23,150,170,40,5.91,6.69,1.57,10,1172.06,2.58,194,178,149,7.64,7.01,5.87,https://images.salsify.com/image/upload/s--o8cYE3Kb--/cde5406f75e4d5c733cd157c0e374cecf7d07e35.jpg,,,,,,,,,,,,,,,(1) CABLE II-8
Sennheiser,CABLE II-X4F,505784,"Straight copper cable with coiled segment to eliminate structure born noise. Reinforced with Aramid for improved durability. XLR-4F connector, 2 m. Compatible with the HMD 300 PRO, HMD 301 PRO, HMD/HME 26-II and the HMD/HME 27 PRO",,199,115.94,,,,615104246287,4044155087604,DE,85444290,"141,33",0.31,150,170,40,5.91,6.69,1.57,20,3082.16,6.79,334,168,234,13.15,6.61,9.21,https://images.salsify.com/image/upload/s--VdeikQmU--/50b9d4b391ce32bbd1ac9a13a855daec4f1ea19f.jpg,,,,,,,,,,,,,,,(1) CABLE II-X4F
Sennheiser,CABLE II-X5,505785,"Straight copper cable with coiled segment to eliminate structure born noise. Reinforced with Aramid for improved durability. XLR-5M connector, 2 m. Compatible with the HMD 300 PRO, HMD 301 PRO, HMD/HME 26-II and the HMD/HME 27 PRO",,199,115.94,,,,615104246263,4044155087598,DE,85444290,"135,03",0.30,150,170,40,5.91,6.69,1.57,20,2956.16,6.52,334,168,234,13.15,6.61,9.21,https://images.salsify.com/image/upload/s--2S_MAo3v--/ae073d7caac0ca964f2b8b2e7566a530d323b5a9.jpg,,,,,,,,,,,,,,,(1) CABLE II-X5
Sennheiser,CABLE-II-6,508545,"Straight copper cable with coiled segment to eliminate structure born noise. Unterminated end, 1.85 m. Compatible with the HMD 300 PRO, HMD 301 PRO, HMD/HME 26-II and the HMD/HME 27 PRO",,159,92.63,,,,615104321700,4044155243291,CN,85444290,116,0.26,225,"0,2",135,8.86,0.01,5.31,10,590.56,1.3,194,178,149,7.64,7.01,5.87,https://images.salsify.com/image/upload/s--Fj0o51Qw--/a9a606f7d737f51ecb73ff5cde7a6bcbd7d48f37.jpg,,,,,,,,,,,,,,,(1) CABLE-II-6
Sennheiser,CC 3,503168,Plastic case for safe storage and transport of ew G3 and G4 components,,199,115.94,,,,615104149809,4044155033816,DE,42021250,1800,3.96,455,100,390,17.91,3.94,15.35,0,0.0,0.0,0,0,0,0.00,0.00,0.00,https://images.salsify.com/image/upload/s--GOnixY5c--/71ac27d818fda106c38e7d64695fb6317705b2c1.jpg,,,,,,,,,,,,,,,(1) CC 3 Case
Sennheiser,CHG 1-KIT-EU,506238,"Set with 2x L 2015 charger, 1x NT 1-1, 1x LA 2 and 2x BA 2015",,609,354.81,,,,615104257481,4044155094633,CN,85044055,"1050,8",2.31,285,190,160,11.22,7.48,6.30,100,105889.12,233.44,334,268,294,13.15,10.55,11.57,https://images.salsify.com/image/upload/s--64iQ86AP--/769d3e6a289d1e44ec3ae7dca6804936194a4435.jpg,,,,,,,,,,,,,,,"(2) L 2015 Battery charger, (1) NT 1-1 Power supply, (2) BA 2015 Rechargeable battery, (1) LA 2 Charging adapter"
Sennheiser,CHG 2 AU,506220,Dual slot charging system for Speechline Digital Wireless. Each port accepts either Handheld or Bodypack. Includes PSU,,509,296.55,,,,615104255005,4044155093117,DE,85044055,897,1.98,195,120,195,7.68,4.72,7.68,7,6279.0,13.84,420,335,325,16.54,13.19,12.80,https://images.salsify.com/image/upload/s--nEjrAR0h--/ec54d2b57740d7fefe31a19616d3f4ba33f2e16e.jpg,https://images.salsify.com/image/upload/s--MawLStvE--/51212d8942243b865a0496130477478335a8b899.jpg,https://images.salsify.com/image/upload/s--3f5i1fLN--/8574058e94902855a37b7217c16a77867c5d5ebd.jpg,,,,,,,,https://www.sennheiser.com/globalassets/digizuite/40479-en-2022_11_SpeechLine_Digital_Wireless_System_Specification_v3.2_EN.pdf,https://www.sennheiser.com/globalassets/digizuite/40479-en-2022_11_SpeechLine_Digital_Wireless_System_Specification_v3.2_EN.pdf,https://www.sennheiser.com/globalassets/digizuite/40479-en-2022_11_SpeechLine_Digital_Wireless_System_Specification_v3.2_EN.pdf,https://www.sennheiser.com/globalassets/digizuite/40479-en-2022_11_SpeechLine_Digital_Wireless_System_Specification_v3.2_EN.pdf,https://www.sennheiser.com/globalassets/digizuite/40479-en-2022_11_SpeechLine_Digital_Wireless_System_Specification_v3.2_EN.pdf,"(1) CHG 2 Battery charger, (1) NT 12-50CS Power supply, (1) Quick guide, (1) Safety guide"
Sennheiser,CHG 2N AU,508988,"2-compartment charger for SL HANDHELD and SL BODYPACK, network-compatible IPv4/6, including power supply",,719,418.9,,,,615104354999,4044155256598,DE,85044055,609,1.34,230,105,170,9.06,4.13,6.69,12,14421.0,31.79,604,378,304,23.78,14.88,11.97,https://images.salsify.com/image/upload/s--uwwbkrGd--/e33b75ad85327a69752f018c30fc20945eabf6f0.jpg,https://images.salsify.com/image/upload/s--AjU8KAtr--/ec8ce2e5c3f368b66df9744de07d0d2d9e356259.jpg,https://images.salsify.com/image/upload/s--42DpSxMO--/55c12587cf9150fdb2d13812551f1b59c1ffb68e.jpg,https://images.salsify.com/image/upload/s--25WQ-rZF--/9e49752ca49aa74f1c9a7de8f67db4d5f04a45a4.jpg,,,,,,,https://www.sennheiser.com/globalassets/digizuite/40479-en-2022_11_SpeechLine_Digital_Wireless_System_Specification_v3.2_EN.pdf,https://www.sennheiser.com/globalassets/digizuite/40479-en-2022_11_SpeechLine_Digital_Wireless_System_Specification_v3.2_EN.pdf,https://www.sennheiser.com/globalassets/digizuite/40479-en-2022_11_SpeechLine_Digital_Wireless_System_Specification_v3.2_EN.pdf,https://www.sennheiser.com/globalassets/digizuite/40479-en-2022_11_SpeechLine_Digital_Wireless_System_Specification_v3.2_EN.pdf,https://www.sennheiser.com/globalassets/digizuite/40479-en-2022_11_SpeechLine_Digital_Wireless_System_Specification_v3.2_EN.pdf,"(1) CHG 2N Battery charger, (1) NT 12-50CS Power supply, (1) Quick guide, (1) Safety guide"
Sennheiser,CHG 2W,506805,"2-compartment charger for SL TABLESTAND and interfaces, inductive, Qi standard, including power supply",,849,494.63,,,,615104269316,4044155206302,CN,85044055,945,2.08,294,63,228,11.57,2.48,8.98,6,5670.0,12.5,410,302,230,16.14,11.89,9.06,https://images.salsify.com/image/upload/s--fzR769Nd--/78c372a9eb9a79dfb0a0d840b012ef89c578e901.jpg,https://images.salsify.com/image/upload/s--nP8RJpUb--/7025c95669039d6acc0c8dd768bcaf0e3a746898.jpg,https://images.salsify.com/image/upload/s--7lH-ZlSJ--/314934b4450893640172734792e90f0949822631.jpg,https://images.salsify.com/image/upload/s--Id-7HwvY--/3a77b8b49b1f42147c8b1056465af47299e1fe47.jpg,https://images.salsify.com/image/upload/s--Ipje_01---/df3301ec04e43e5c08668cdf735242c71a4e86be.jpg,https://images.salsify.com/image/upload/s--qa6U50JE--/174d02ea7cf03e356feff5868da6efc3c0c47331.jpg,,,,,https://www.sennheiser.com/globalassets/digizuite/40479-en-2022_11_SpeechLine_Digital_Wireless_System_Specification_v3.2_EN.pdf,https://www.sennheiser.com/globalassets/digizuite/40479-en-2022_11_SpeechLine_Digital_Wireless_System_Specification_v3.2_EN.pdf,https://www.sennheiser.com/globalassets/digizuite/40479-en-2022_11_SpeechLine_Digital_Wireless_System_Specification_v3.2_EN.pdf,https://www.sennheiser.com/globalassets/digizuite/40479-en-2022_11_SpeechLine_Digital_Wireless_System_Specification_v3.2_EN.pdf,https://www.sennheiser.com/globalassets/digizuite/40479-en-2022_11_SpeechLine_Digital_Wireless_System_Specification_v3.2_EN.pdf,"(1) CHG 2W Wireless charger, (1) Power supply, (1) Quick guide, (1) Safety guide"
Sennheiser,CHG 4N AU,506803,Quad slot Network connected charging system for Speechline Digital Wireless. Each port accepts either Handheld or Bodypack transmitters. Includes PSU,,1689,984.03,,,,615104269262,4044155206289,DE,85044055,1734,3.82,354,158,214,13.94,6.22,8.43,5,9544.56,21.04,604,378,304,23.78,14.88,11.97,https://images.salsify.com/image/upload/s--F0lm_Ytd--/08fcd99e6d8716ed4970db34f3582d36465b7cb2.jpg,https://images.salsify.com/image/upload/s--cnWv_rx8--/ed173fa84dfeccf2143d0b7bfc4567a767a9321b.jpg,https://images.salsify.com/image/upload/s--C1UoxIQk--/d368ec62cd3b7dff78e21f1df50a4257d818fba7.jpg,https://images.salsify.com/image/upload/s--nC_wOBrq--/e10e57b9e8d93c472402a212a4d83148e72fd791.jpg,,,,,,,https://www.sennheiser.com/globalassets/digizuite/40479-en-2022_11_SpeechLine_Digital_Wireless_System_Specification_v3.2_EN.pdf,https://www.sennheiser.com/globalassets/digizuite/40479-en-2022_11_SpeechLine_Digital_Wireless_System_Specification_v3.2_EN.pdf,https://www.sennheiser.com/globalassets/digizuite/40479-en-2022_11_SpeechLine_Digital_Wireless_System_Specification_v3.2_EN.pdf,https://www.sennheiser.com/globalassets/digizuite/40479-en-2022_11_SpeechLine_Digital_Wireless_System_Specification_v3.2_EN.pdf,https://www.sennheiser.com/globalassets/digizuite/40479-en-2022_11_SpeechLine_Digital_Wireless_System_Specification_v3.2_EN.pdf,"(1) CHG 4N Battery charger, (1) NT 12-50CS Power supply, (1) Quick guide, (1) Safety guide"
Sennheiser,CHG 70N-C,700332,"Network enabled charger featuring two individual charging bays (compatible with EW-DX SKM, SK or BA 70). Includes CHG 70N-C, quick guide and safety guide.",,709,413.07,,,,615104391109,4044155279948,HU,85044060,640,1.41,104,200,116,4.09,7.87,4.57,10,8940.0,19.71,600,270,395,23.62,10.63,15.55,https://images.salsify.com/image/upload/s--Ni6Pl2b7--/00e2adabdc286485e1815717b80557c9b0c9e0ad.jpg,https://images.salsify.com/image/upload/s---9o46IU5--/9c884e99372f9f01a7be9a568248782444a4c6bd.jpg,https://images.salsify.com/image/upload/s--x-sXfIzD--/af86cc5fc0c39a04ab58d1f5241d3a01ce94f89c.jpg,https://images.salsify.com/image/upload/s--8ZTK2vK9--/b6a4aabdf65aa5a72d73a969c1a5add02cb7deed.jpg,,,,,,,https://www.sennheiser.com/globalassets/digizuite/44677-en-CHG_70N-C_Product_Specification_v1.0_EN.pdf,https://www.sennheiser.com/globalassets/digizuite/44677-en-CHG_70N-C_Product_Specification_v1.0_EN.pdf,https://www.sennheiser.com/globalassets/digizuite/44677-en-CHG_70N-C_Product_Specification_v1.0_EN.pdf,https://www.sennheiser.com/globalassets/digizuite/44677-en-CHG_70N-C_Product_Specification_v1.0_EN.pdf,https://www.sennheiser.com/globalassets/digizuite/44677-en-CHG_70N-C_Product_Specification_v1.0_EN.pdf,"(1) CHG 70N-C Battery charger, (1) Quick guide, (1) Safety guide"
Sennheiser,CHG 70N-C + PSU KIT,700333,"Network enabled charger featuring two individual charging bays and external power supply unit (compatible with EW-DX SKM, SK or BA 70). Includes CHG 70N-C, power supply unit, quick guide, safety guide.",,809,471.33,,,,615104391116,4044155279955,HU,85044060,640,1.41,104,200,116,4.09,7.87,4.57,10,25020.0,55.16,600,270,395,23.62,10.63,15.55,https://images.salsify.com/image/upload/s--h0GTUGGg--/60410b17870c8f1504150fa68e110c6d64f70d32.jpg,,,,,,,,,,https://www.sennheiser.com/globalassets/digizuite/44677-en-CHG_70N-C_Product_Specification_v1.0_EN.pdf,https://www.sennheiser.com/globalassets/digizuite/44677-en-CHG_70N-C_Product_Specification_v1.0_EN.pdf,https://www.sennheiser.com/globalassets/digizuite/44677-en-CHG_70N-C_Product_Specification_v1.0_EN.pdf,https://www.sennheiser.com/globalassets/digizuite/44677-en-CHG_70N-C_Product_Specification_v1.0_EN.pdf,https://www.sennheiser.com/globalassets/digizuite/44677-en-CHG_70N-C_Product_Specification_v1.0_EN.pdf,"(1) CHG 70N-C Battery charger, (1) NT 12-35CS Power supply, (1) Quick guide, (1) Safety guide"
Sennheiser,CI 1-4,503163,Instrument input cable for SK 2000 & SK 9000 transmitters. 6.5mm SilentJack to LEMO,,99,57.68,,,,615104149755,4044155033762,DE,85444290,55,0.12,85,110,40,3.35,4.33,1.57,50,3211.56,7.08,404,228,304,15.91,8.98,11.97,https://images.salsify.com/image/upload/s--9Lyh3G59--/7a1437eeff86e99a3220a77e77c9d42d4b51b436.jpg,,,,,,,,,,,,,,,(1) CI 1-4 Cable
Sennheiser,CI 1-N,005021,"Instrument input cable for evolution G3  qtr"" mono jack to 3.5mm lockable mini-jack",,59,34.37,,,,615104050211,4006087050217,CN,85444290,54,0.12,60,"0,1",160,2.36,0.00,6.30,50,3023.56,6.67,394,193,244,15.51,7.60,9.61,https://images.salsify.com/image/upload/s--Sy_Tx9OO--/3f94bf8dc40cc851c66cadf9ffaa844fc5f46ea8.jpg,,,,,,,,,,https://www.sennheiser.com/globalassets/digizuite/41543-en-SP_1134_v2.0_ew_100_G4-Ci_1_Product_Specification_EN.pdf,https://www.sennheiser.com/globalassets/digizuite/41543-en-SP_1134_v2.0_ew_100_G4-Ci_1_Product_Specification_EN.pdf,https://www.sennheiser.com/globalassets/digizuite/41543-en-SP_1134_v2.0_ew_100_G4-Ci_1_Product_Specification_EN.pdf,https://www.sennheiser.com/globalassets/digizuite/41543-en-SP_1134_v2.0_ew_100_G4-Ci_1_Product_Specification_EN.pdf,https://www.sennheiser.com/globalassets/digizuite/41543-en-SP_1134_v2.0_ew_100_G4-Ci_1_Product_Specification_EN.pdf,(1) CI 1-N Cable
Sennheiser,CL 1 PP,507425,"Remote antenna extention cable to suit Speechline Digital Wireless.
Pre-terminated (SMA) low loss coax *EACH (Single cable). 1 metre",,89,51.85,,,,615104295056,4044155221152,TW,85442000,64,0.14,310,15,165,12.20,0.59,6.50,,,,0,0,0,0.00,0.00,0.00,https://images.salsify.com/image/upload/s--MIdl2CO8--/18dca54f35bd2acc3fa6987f22d1d923d23b66f8.jpg,,,,,,,,,,https://www.sennheiser.com/globalassets/digizuite/41741-en-SP_1268_v2.0_SL_DW_Antenna_Cable_Specification_EN.pdf,https://www.sennheiser.com/globalassets/digizuite/41741-en-SP_1268_v2.0_SL_DW_Antenna_Cable_Specification_EN.pdf,https://www.sennheiser.com/globalassets/digizuite/41741-en-SP_1268_v2.0_SL_DW_Antenna_Cable_Specification_EN.pdf,https://www.sennheiser.com/globalassets/digizuite/41741-en-SP_1268_v2.0_SL_DW_Antenna_Cable_Specification_EN.pdf,https://www.sennheiser.com/globalassets/digizuite/41741-en-SP_1268_v2.0_SL_DW_Antenna_Cable_Specification_EN.pdf,(1) CL 1 PP Cable
Sennheiser,CL 1-N,005022,Mono unbalanced output cable for EK 100G3  3.5mm mini-jack to 3.5mm lockable mini-jack,,39.95,23.28,,,,615104050228,4006087050224,CN,85444290,21,0.05,60,"0,1",160,2.36,0.00,6.30,50,1373.56,3.03,394,193,244,15.51,7.60,9.61,https://images.salsify.com/image/upload/s--GOScoxlX--/d1c3efa323b1febfc7498f47694dbd4d6def563b.png,,,,,,,,,,,,,,,(1) CL 1-N Cable
Sennheiser,CL 10 PP,507427,"Remote antenna extention cable to suit Speechline Digital Wireless.
Pre-terminated (RSMAm-RSMAm) low loss coax *EACH (Single cable). 10 metres",,209,121.77,,,,615104295148,4044155221176,TW,85442000,461,1.02,280,30,240,11.02,1.18,9.45,,,,0,0,0,0.00,0.00,0.00,https://images.salsify.com/image/upload/s--P4z5QpGq--/d3f7fc6cad10bf092bdb5f9e9d62d72c5ca43648.jpg,,,,,,,,,,https://www.sennheiser.com/globalassets/digizuite/41741-en-SP_1268_v2.0_SL_DW_Antenna_Cable_Specification_EN.pdf,https://www.sennheiser.com/globalassets/digizuite/41741-en-SP_1268_v2.0_SL_DW_Antenna_Cable_Specification_EN.pdf,https://www.sennheiser.com/globalassets/digizuite/41741-en-SP_1268_v2.0_SL_DW_Antenna_Cable_Specification_EN.pdf,https://www.sennheiser.com/globalassets/digizuite/41741-en-SP_1268_v2.0_SL_DW_Antenna_Cable_Specification_EN.pdf,https://www.sennheiser.com/globalassets/digizuite/41741-en-SP_1268_v2.0_SL_DW_Antenna_Cable_Specification_EN.pdf,(1) CL 10 PP Cable
Sennheiser,CL 100,556950,Mono unbalanced output cable for EK 100G3. 3.5mm lockable mini-jack to XLR 3-M,,30.38,17.7,,,,615104254091,4044155092554,CN,85444290,56,0.12,,,,,,,100,6380.0,14.07,504,288,319,19.84,11.34,12.56,https://images.salsify.com/image/upload/s--dgKv3Bee--/5ca89e90d6ed16ec5c49e732724946b6c9c7f281.jpg,,,,,,,,,,,,,,,(1) CL 100 Cable
Sennheiser,CL 2,004840,Line audio input cable for Evolution G3 bodypack transmitters  Female XLR-3 to lockable 3.5mm mini-jack,,39.95,23.28,,,,615104048409,4006087048405,CN,85444290,100,0.22,110,5,140,4.33,0.20,5.51,130,15025.0,33.12,341,450,224,13.43,17.72,8.82,https://images.salsify.com/image/upload/s--FaEn7ejQ--/ef59ca201e12ff3f5501db767f92637f40209151.png,,,,,,,,,,,,,,,(1) CL 2 Cable
Sennheiser,CL 20 PP,507428,"Remote antenna extention cable to suit Speechline Digital Wireless.
Pre-terminated (RSMAm-RSMAm) low loss coax *EACH (Single cable). 20 metres",,369,214.98,,,,615104295155,4044155221183,TW,85442000,878,1.93,280,50,240,11.02,1.97,9.45,,,,0,0,0,0.00,0.00,0.00,https://images.salsify.com/image/upload/s--tlijRxh6--/a3a3065803b296ecda530074bda1352eab3dc1c5.jpg,,,,,,,,,,https://www.sennheiser.com/globalassets/digizuite/41741-en-SP_1268_v2.0_SL_DW_Antenna_Cable_Specification_EN.pdf,https://www.sennheiser.com/globalassets/digizuite/41741-en-SP_1268_v2.0_SL_DW_Antenna_Cable_Specification_EN.pdf,https://www.sennheiser.com/globalassets/digizuite/41741-en-SP_1268_v2.0_SL_DW_Antenna_Cable_Specification_EN.pdf,https://www.sennheiser.com/globalassets/digizuite/41741-en-SP_1268_v2.0_SL_DW_Antenna_Cable_Specification_EN.pdf,https://www.sennheiser.com/globalassets/digizuite/41741-en-SP_1268_v2.0_SL_DW_Antenna_Cable_Specification_EN.pdf,(1) CL 20 PP Cable
Sennheiser,CL 35,508648,"3.5mm (1/8"") TRS to 3.5mm (1/8"") TRS coiled cable with locking connector for use with DSLR and mirrorless cameras.",,39.95,23.28,,,,615104332935,4044155246650,CN,85444290,23,0.05,225,"10,4",135,8.86,0.41,5.31,30,944.0,2.08,334,168,234,13.15,6.61,9.21,https://images.salsify.com/image/upload/s--kW32PDrr--/87847586d8caa7cb8ad526f784354825ef51a4ad.jpg,,,,,,,,,,,,,,,(1) CL 35 TRS Cable
Sennheiser,CL 35 TRS W/O LOCK,700272,Replacement output cable with 3.5mm TRS connector for PROFILE WIRELESS,,39.95,23.28,,,,615104386921,4044155277555,CN,85444290,32,0.07,230,15,135,9.06,0.59,5.31,50,2023.0,4.46,340,180,205,13.39,7.09,8.07,https://images.salsify.com/image/upload/s--qyS8WvNT--/a43a512fb748b67b43a5a034e206d6797d7a7056.png,,,,,,,,,,,,,,,(1) CL 35 TRS W/O LOCK Cable
Sennheiser,CL 35 USB-C,509262,"Locking 3.5mm TRS to USB-C coiled cable. Designed for MKE 200, MKE 400 and XS Wireless Digital Portable receiver (RX 35) for use with mobile devices",,59,34.37,,,,615104359529,4044155259063,CN,85444290,22,0.05,225,15,135,8.86,0.59,5.31,200,11500.0,25.35,665,335,550,26.18,13.19,21.65,https://images.salsify.com/image/upload/s--ApQyov8q--/dc9e04cf9230ddc0430b90ab93c3f857e1114af3.jpg,,,,,,,,,,,,,,,(1) CL 35 USB-C Cable
Sennheiser,CL 5 PP,507426,"Remote antenna extention cable to suit Speechline Digital Wireless.
Pre-terminated (RSMAm-RSMAm) low loss coax *EACH (Single cable). 5 metres",,139,80.98,,,,615104295087,4044155221169,TW,85442000,237,0.52,180,15,230,7.09,0.59,9.06,,,,0,0,0,0.00,0.00,0.00,https://images.salsify.com/image/upload/s--1IMPcKCy--/1879cf9b98cd0b8025057a4aac20bc8b4157efe6.jpg,,,,,,,,,,https://www.sennheiser.com/globalassets/digizuite/41741-en-SP_1268_v2.0_SL_DW_Antenna_Cable_Specification_EN.pdf,https://www.sennheiser.com/globalassets/digizuite/41741-en-SP_1268_v2.0_SL_DW_Antenna_Cable_Specification_EN.pdf,https://www.sennheiser.com/globalassets/digizuite/41741-en-SP_1268_v2.0_SL_DW_Antenna_Cable_Specification_EN.pdf,https://www.sennheiser.com/globalassets/digizuite/41741-en-SP_1268_v2.0_SL_DW_Antenna_Cable_Specification_EN.pdf,https://www.sennheiser.com/globalassets/digizuite/41741-en-SP_1268_v2.0_SL_DW_Antenna_Cable_Specification_EN.pdf,(1) CL 5 PP Cable
Sennheiser,CL35-Y,700061,2CH Split cable for using (2) EK receivers. Includes (1) Locking 3.5 mm TRS plug to dual 3.5 mm TRS plug,,39.95,23.28,,,,615104377127,4044155270945,CN,85444290,30,0.07,225,"0,2",135,8.86,0.01,5.31,200,11500.0,25.35,665,335,550,26.18,13.19,21.65,https://images.salsify.com/image/upload/s--csqinZrn--/1f350c63a1216c1d412eb3ecffcd8d13f559e277.jpg,,,,,,,,,,,,,,,(1) CL35-Y Cable
Sennheiser,CL35XLR,700062,3.5 mm to XLR plug coiled cable,,39.95,23.28,,,,615104378438,4044155270952,CN,85444290,48,0.11,225,"0,2",135,8.86,0.01,5.31,200,15100.0,33.29,665,335,550,26.18,13.19,21.65,https://images.salsify.com/image/upload/s--7BLy2cRH--/ed40337d0d409423b89f0137db68c904494e6682.jpg,,,,,,,,,,,,,,,(1) CL35XLR Cable
Sennheiser,CL400,563661,AVX Audio Cable XLR to 3.5 minijack 40cm,,24.94,14.53,,,,615104267534,4044155205053,CN,85444290,36,0.08,,,,,,,30,1335.56,2.94,334,168,234,13.15,6.61,9.21,https://images.salsify.com/image/upload/s---TrQhMER--/90b14aa4f74b990f9e6d11e74a60a2f2245e669c.jpg,,,,,,,,,,,,,,,(1) CL400 Cable
Sennheiser,CLIP BLACK FOR HD/HMD 300 PRO,508587,"Replacement of the clip, black (cover plate ear cup) for HD 300 PRO and HMD 300 PRO",,19.95,11.62,,,,615104326330,4044155244625,DE,85189000,10,0.02,225,"0,2",135,8.86,0.01,5.31,20,330.56,0.73,194,178,149,7.64,7.01,5.87,https://images.salsify.com/image/upload/s--Nnh-ahZ2--/4b76d6b1000fa621aa4c64ef85d2b9210e4da646.jpg,,,,,,,,,,,,,,,(1) CLIP BLACK FOR HD/HMD 300 PRO
Sennheiser,DC 2,009827,"DC power adapter, for EW bodypack transmitter and receiver from series ew G3 and ew G4, power supply 12 VDC",,159,92.63,,,,615104098275,4006087098271,DE,85444290,54,0.12,90,5,370,3.54,0.20,14.57,,,,0,0,0,0.00,0.00,0.00,https://images.salsify.com/image/upload/s--a_EFtR9a--/5833834030373dc19513918bdb47d2b6b362219a.png,,,,,,,,,,,,,,,
Sennheiser,E 600 SERIES DRUM CASE,504296,"Includes 1x e602-II, 4x e604, 2x e614 in a custom slim-line aluminum case with die-cut foam to protect your investment",,2239,1304.46,,,,615104185869,4044155054743,RO,85181000,3260,7.18,426,354,88,16.77,13.94,3.46,3,10401.56,22.93,450,315,430,17.72,12.40,16.93,https://images.salsify.com/image/upload/s--9wOiAw0c--/60bfefdb2b51ba84432b37b3c1ce1d4d3296f9f4.jpg,https://images.salsify.com/image/upload/s--A0aMa7Lr--/032fd7369388144d50d0419adda964255f65533d.jpg,https://images.salsify.com/image/upload/s--oqxvuCav--/0fcdb35cd307e3576e292b0a03d17a9ec761f22a.jpg,https://images.salsify.com/image/upload/s--kmhlXkLP--/fe50342c7e05764a46463ba604afee8a50e4e86c.jpg,https://images.salsify.com/image/upload/s--ZZwi0OAm--/75531e948eaccc417042bc79968ff2792abff66b.jpg,,,,Electret Condenser,Cardioid,https://www.sennheiser.com/globalassets/digizuite/41668-en-SP_1203_v1.0_e_602-II_Product_Specification_EN.pdf,https://www.sennheiser.com/globalassets/digizuite/41668-en-SP_1203_v1.0_e_602-II_Product_Specification_EN.pdf,https://www.sennheiser.com/globalassets/digizuite/41668-en-SP_1203_v1.0_e_602-II_Product_Specification_EN.pdf,https://www.sennheiser.com/globalassets/digizuite/41668-en-SP_1203_v1.0_e_602-II_Product_Specification_EN.pdf,https://www.sennheiser.com/globalassets/digizuite/41668-en-SP_1203_v1.0_e_602-II_Product_Specification_EN.pdf,"(1) e 602-II Instrument microphone, (4) e 604 Instrument microphone, (2) e 614 Instrument microphone, (4) MZH 604 Microphone clip, (2) MZQ 100 Microphone clip"
Sennheiser,E 602 II,500797,"Instrument microphone (cardioid, dynamic) for bass drums with and 3-pin XLR-M and 3/8"" tripod thread. Includes (1) MZQ 800 clip and (1) carrying pouch (318 g)",,319,185.85,,,,615104120747,4044155013733,RO,85181000,318,0.70,153,,,6.02,,,14,8619.56,19.0,584,288,259,22.99,11.34,10.20,https://images.salsify.com/image/upload/s--CtnSBGF6--/f3919e98c851c95d5902e158eb15485e3a2c06f3.jpg,https://images.salsify.com/image/upload/s--fs4vV3Wd--/615e91a056eb18c82aa8f4f0c8e1701057690ea7.jpg,,,,,,,Dynamic,Cardioid,https://www.sennheiser.com/globalassets/digizuite/41668-en-SP_1203_v1.0_e_602-II_Product_Specification_EN.pdf,https://www.sennheiser.com/globalassets/digizuite/41668-en-SP_1203_v1.0_e_602-II_Product_Specification_EN.pdf,https://www.sennheiser.com/globalassets/digizuite/41668-en-SP_1203_v1.0_e_602-II_Product_Specification_EN.pdf,https://www.sennheiser.com/globalassets/digizuite/41668-en-SP_1203_v1.0_e_602-II_Product_Specification_EN.pdf,https://www.sennheiser.com/globalassets/digizuite/41668-en-SP_1203_v1.0_e_602-II_Product_Specification_EN.pdf,"(1) e 602-II Instrument microphone, (1) Pouch, (1) Quick guide, (1) Safety guide"
Sennheiser,E 604,004519,"Instrument microphone (cardioid, dynamic) for drum rims and suspension mounts with 3-pin XLR-M and 3/8"" tripod thread. Includes (1) MZH 604 clip and (1) carrying pouch (60 g)",,295,171.87,,,,615104045194,4006087045190,RO,85181000,60,0.13,59,,,2.32,,,14,5777.56,12.74,584,288,259,22.99,11.34,10.20,https://images.salsify.com/image/upload/s--PSGwZW0_--/f66d700cb0194ab6870055d108170fda90b486a4.jpg,https://images.salsify.com/image/upload/s--8s_njUvQ--/fb9abac394bb591eb239e39b22bf19bb19475d1a.jpg,https://images.salsify.com/image/upload/s--rwZuMBpx--/a34fd582b5dfbf5e31c9884b4ec125efd8431fb8.jpg,,,,,,Dynamic,Cardioid,https://www.sennheiser.com/globalassets/digizuite/41670-en-e_604_Product_Specification_v1.1_EN.pdf,https://www.sennheiser.com/globalassets/digizuite/41670-en-e_604_Product_Specification_v1.1_EN.pdf,https://www.sennheiser.com/globalassets/digizuite/41670-en-e_604_Product_Specification_v1.1_EN.pdf,https://www.sennheiser.com/globalassets/digizuite/41670-en-e_604_Product_Specification_v1.1_EN.pdf,https://www.sennheiser.com/globalassets/digizuite/41670-en-e_604_Product_Specification_v1.1_EN.pdf,"(1) e 604 Instrument microphone, (1) MZH 604 Microphone clip, (1) Pouch, (1) Quick guide, (1) Safety guide"
Sennheiser,E 609 SILVER,500074,"Instrument microphone (supercardioid, dynamic) for guitar amplifiers with 3-pin XLR-M. Includes (1) MZQ 100 clip and (1) carrying pouch (140 g)",,199,115.94,,,,615104100220,4044155000238,RO,85181000,140,0.31,134,34,55,5.28,1.34,2.17,14,6575.56,14.5,584,288,259,22.99,11.34,10.20,https://images.salsify.com/image/upload/s--vvSOJUFx--/0cbffab30d20df78ab0e40c9199dd6089ecd446a.jpg,https://images.salsify.com/image/upload/s--d7xt4a5n--/7e8e8b32ffc8ea7bfc86901015fb145e1e9e6e9f.jpg,https://images.salsify.com/image/upload/s--pKMNZ9rI--/e28813e99ee2034a282e167088d600a8c8ba5853.jpg,,,,,,Dynamic,Supercardioid,https://www.sennheiser.com/globalassets/digizuite/41674-en-SP_1206_v1.0_e_609_silver_Product_Specification_EN.pdf,https://www.sennheiser.com/globalassets/digizuite/41674-en-SP_1206_v1.0_e_609_silver_Product_Specification_EN.pdf,https://www.sennheiser.com/globalassets/digizuite/41674-en-SP_1206_v1.0_e_609_silver_Product_Specification_EN.pdf,https://www.sennheiser.com/globalassets/digizuite/41674-en-SP_1206_v1.0_e_609_silver_Product_Specification_EN.pdf,https://www.sennheiser.com/globalassets/digizuite/41674-en-SP_1206_v1.0_e_609_silver_Product_Specification_EN.pdf,"(1) e 609 SILVER Instrument microphone, (1) MZQ 100 Microphone clip, (1) Pouch, (1) Quick guide, (1) Safety guide"
Sennheiser,E 614,009895,"Instrument microphone (supercardioid, condenser) for drum overheads with 3-pin XLR-M. Includes (1) MZQ 100 clip and (1) carrying pouch (93 g)",,469,273.25,,,,615104098954,4006087098950,RO,85181000,93,0.20,100,,,3.94,,,14,5133.56,11.32,584,288,259,22.99,11.34,10.20,https://images.salsify.com/image/upload/s--teBNtLAk--/0232c9947905f930a206b03ccc5c01e088104c44.jpg,https://images.salsify.com/image/upload/s--IvAszTHS--/7c0d2347ac5b8e327fff33e2a8a99de74d8b9af3.jpg,,,,,,,Electret Condenser,Supercardioid,https://www.sennheiser.com/globalassets/digizuite/41676-en-SP_1207_v1.1_e_614_Product_Specification_EN.pdf,https://www.sennheiser.com/globalassets/digizuite/41676-en-SP_1207_v1.1_e_614_Product_Specification_EN.pdf,https://www.sennheiser.com/globalassets/digizuite/41676-en-SP_1207_v1.1_e_614_Product_Specification_EN.pdf,https://www.sennheiser.com/globalassets/digizuite/41676-en-SP_1207_v1.1_e_614_Product_Specification_EN.pdf,https://www.sennheiser.com/globalassets/digizuite/41676-en-SP_1207_v1.1_e_614_Product_Specification_EN.pdf,"(1) e 614 Instrument microphone, (1) MZQ 100 Microphone clip, (1) Pouch, (1) Quick guide, (1) Safety guide"
Sennheiser,E 835,004513,"Handheld microphone (cardioid, dynamic) with 3-pin XLR-M. Includes (1) MZQ 800 clip and (1) carrying pouch (330 g) Humbucking coil provides good feedback rejection.",,199,115.94,,,,615104045132,4006087045138,DE,85181000,330,0.73,180,,,7.09,,,14,9837.56,21.69,584,288,259,22.99,11.34,10.20,https://images.salsify.com/image/upload/s--Eski7DcH--/874802d4e6c174b1e89ac306d303059965a95804.jpg,https://images.salsify.com/image/upload/s--cpm62UOX--/0e0f15af81678101f3c2a238f96e789581ff288a.jpg,https://images.salsify.com/image/upload/s--179JVuAa--/5476ca40a9ff859e7cbe24a1b8486d64de79d7f0.jpg,https://images.salsify.com/image/upload/s--jURR5A-U--/357cf4b6f7aad89bf8945d3327619b354bb1b61e.jpg,https://images.salsify.com/image/upload/s--mGvJ0f3g--/b334d8d871e6cbf4a122d664f882bf207d8fbcad.jpg,,,,Dynamic,Cardioid,https://www.sennheiser.com/globalassets/digizuite/41678-en-SP_1209_v1.0_e_835_e_835-S_Product_Specification_EN.pdf,https://www.sennheiser.com/globalassets/digizuite/41678-en-SP_1209_v1.0_e_835_e_835-S_Product_Specification_EN.pdf,https://www.sennheiser.com/globalassets/digizuite/41678-en-SP_1209_v1.0_e_835_e_835-S_Product_Specification_EN.pdf,https://www.sennheiser.com/globalassets/digizuite/41678-en-SP_1209_v1.0_e_835_e_835-S_Product_Specification_EN.pdf,https://www.sennheiser.com/globalassets/digizuite/41678-en-SP_1209_v1.0_e_835_e_835-S_Product_Specification_EN.pdf,"(1) e 835 Handheld microphone, (1) MZQ 800 Microphone clip, (1) Pouch, (1) Quick guide, (1) Safety guide"
Sennheiser,E 835-S,004514,"Handheld microphone (cardioid, dynamic) with 3-pin XLR-M and on/off switch. Includes (1) MZQ 800 clip and (1) carrying pouch (11.6 oz)",,199,115.94,,,,615104045149,4006087045145,DE,85181000,330,0.73,180,,,7.09,,,14,9907.56,21.84,584,288,259,22.99,11.34,10.20,https://images.salsify.com/image/upload/s--WpTmx4Ie--/800d08885bbd46cb1880e94fad062aa0f0269513.jpg,,,,,,,,Dynamic,Cardioid,https://www.sennheiser.com/globalassets/digizuite/41678-en-SP_1209_v1.0_e_835_e_835-S_Product_Specification_EN.pdf,https://www.sennheiser.com/globalassets/digizuite/41678-en-SP_1209_v1.0_e_835_e_835-S_Product_Specification_EN.pdf,https://www.sennheiser.com/globalassets/digizuite/41678-en-SP_1209_v1.0_e_835_e_835-S_Product_Specification_EN.pdf,https://www.sennheiser.com/globalassets/digizuite/41678-en-SP_1209_v1.0_e_835_e_835-S_Product_Specification_EN.pdf,https://www.sennheiser.com/globalassets/digizuite/41678-en-SP_1209_v1.0_e_835_e_835-S_Product_Specification_EN.pdf,"(1) e 835-S Handheld microphone, (1) MZQ 800 Microphone clip, (1) Pouch, (1) Quick guide, (1) Safety guide"
Sennheiser,E 835-S PTT,390020,"Handheld microphone (cardioid, dynamic) with 3-pin XLR-M and Push-to-Talk (PTT) mechanism. Includes (1) MZQ 800 clip and (1) carrying pouch (330 g) Humbucking coil provides good feedback rejection.",,239,139.25,,,,615104314870,4044155237641,DE,85181000,330,0.73,180,,,7.09,,,14,9907.56,21.84,584,288,259,22.99,11.34,10.20,https://images.salsify.com/image/upload/s--4DcE-6KL--/5ff08b55da7f1ee244f0345e2d0e2b2db83e1bde.png,,,,,,,,Dynamic,Cardioid,,,,,,"(1) e 835-S PTT Handheld microphone, (1) MZQ 800 Microphone clip, (1) Pouch, (1) Quick guide, (1) Safety guide"
Sennheiser,E 845,004515,"Handheld microphone (supercardioid, dynamic) with and 3-pin XLR-M. Includes (1) MZQ 800 clip and (1) carrying pouch (11.6 oz)",,229,133.42,,,,615104045156,4006087045152,DE,85181000,360,0.79,187,,,7.36,,,14,10047.56,22.15,584,288,259,22.99,11.34,10.20,https://images.salsify.com/image/upload/s--V_XMR9kU--/42b17cc6e266475b0d88c76428ed78a1a17c528a.jpg,,,,,,,,Dynamic,Supercardioid,https://www.sennheiser.com/globalassets/digizuite/41680-en-SP_1210_v1.0_e_845_e_845-S_Product_Specification_EN.pdf,https://www.sennheiser.com/globalassets/digizuite/41680-en-SP_1210_v1.0_e_845_e_845-S_Product_Specification_EN.pdf,https://www.sennheiser.com/globalassets/digizuite/41680-en-SP_1210_v1.0_e_845_e_845-S_Product_Specification_EN.pdf,https://www.sennheiser.com/globalassets/digizuite/41680-en-SP_1210_v1.0_e_845_e_845-S_Product_Specification_EN.pdf,https://www.sennheiser.com/globalassets/digizuite/41680-en-SP_1210_v1.0_e_845_e_845-S_Product_Specification_EN.pdf,"(1) e 845 Handheld microphone, (1) MZQ 800 Microphone clip, (1) Pouch, (1) Quick guide, (1) Safety guide"
Sennheiser,E 845-S,004516,"Handheld microphone (supercardioid, dynamic) with and 3-pin XLR-M and on/off switch. Includes (1) MZQ 800 clip and (1) carrying pouch (311 g)",,229,133.42,,,,615104045163,4006087045169,DE,85181000,360,0.79,187,,,7.36,,,14,9375.56,20.67,584,288,259,22.99,11.34,10.20,https://images.salsify.com/image/upload/s--VSMi1zyg--/5427289c105d2621748b5be6101718f9b7c46434.jpg,,,,,,,,Dynamic,Supercardioid,https://www.sennheiser.com/globalassets/digizuite/41680-en-SP_1210_v1.0_e_845_e_845-S_Product_Specification_EN.pdf,https://www.sennheiser.com/globalassets/digizuite/41680-en-SP_1210_v1.0_e_845_e_845-S_Product_Specification_EN.pdf,https://www.sennheiser.com/globalassets/digizuite/41680-en-SP_1210_v1.0_e_845_e_845-S_Product_Specification_EN.pdf,https://www.sennheiser.com/globalassets/digizuite/41680-en-SP_1210_v1.0_e_845_e_845-S_Product_Specification_EN.pdf,https://www.sennheiser.com/globalassets/digizuite/41680-en-SP_1210_v1.0_e_845_e_845-S_Product_Specification_EN.pdf,"(1) e 845-S Handheld microphone, (1) MZQ 800 Microphone clip, (1) Pouch, (1) Quick guide, (1) Safety guide"
Sennheiser,E 865,004846,"Handheld microphone (supercardioid, condenser) with and 3-pin XLR-M. Includes (1) MZQ 800 clip and (1) carrying pouch (311 g)",,489,284.9,,,,615104048461,4006087048467,DE,85181000,314,0.69,194,,,7.64,,,14,9109.56,20.08,584,288,259,22.99,11.34,10.20,https://images.salsify.com/image/upload/s--fBs3Ugad--/3adabd7d2194d67ee5216eca9ee6cc9135935451.jpg,,,,,,,,Condenser,Supercardioid,https://www.sennheiser.com/globalassets/digizuite/41682-en-SP_1211_v1.0_e_865_e_865-S_Product_Specification_EN.pdf,https://www.sennheiser.com/globalassets/digizuite/41682-en-SP_1211_v1.0_e_865_e_865-S_Product_Specification_EN.pdf,https://www.sennheiser.com/globalassets/digizuite/41682-en-SP_1211_v1.0_e_865_e_865-S_Product_Specification_EN.pdf,https://www.sennheiser.com/globalassets/digizuite/41682-en-SP_1211_v1.0_e_865_e_865-S_Product_Specification_EN.pdf,https://www.sennheiser.com/globalassets/digizuite/41682-en-SP_1211_v1.0_e_865_e_865-S_Product_Specification_EN.pdf,"(1) e 865 Handheld microphone, (1) MZQ 800 Microphone clip, (1) Pouch, (1) Quick guide, (1) Safety guide"
Sennheiser,E 865-S,004847,Handheld super-cardioid condenser microphone with on/off switch. Includes MZQ800 clip. 11.6 oz.,,489,284.9,,,,615104048478,4006087048474,RO,85181000,314,0.69,194,,,7.64,,,14,9221.56,20.33,584,288,259,22.99,11.34,10.20,https://images.salsify.com/image/upload/s--i8E3A7EA--/0c0247ad4dfcb28efe598d5fcc8c6987e9f4ba2b.jpg,,,,,,,,Condenser,Supercardioid,https://www.sennheiser.com/globalassets/digizuite/41682-en-SP_1211_v1.0_e_865_e_865-S_Product_Specification_EN.pdf,https://www.sennheiser.com/globalassets/digizuite/41682-en-SP_1211_v1.0_e_865_e_865-S_Product_Specification_EN.pdf,https://www.sennheiser.com/globalassets/digizuite/41682-en-SP_1211_v1.0_e_865_e_865-S_Product_Specification_EN.pdf,https://www.sennheiser.com/globalassets/digizuite/41682-en-SP_1211_v1.0_e_865_e_865-S_Product_Specification_EN.pdf,https://www.sennheiser.com/globalassets/digizuite/41682-en-SP_1211_v1.0_e_865_e_865-S_Product_Specification_EN.pdf,"(1) e 865-S Handheld microphone, (1) MZQ 800 Microphone clip, (1) Pouch, (1) Quick guide, (1) Safety guide"
Sennheiser,E 901,500198,"Instrument microphone (half-cardioid, condenser, boundary layer) for bass drums, piano and low-frequency instruments with 3-pin XLR-M. Includes (1) carrying pouch (550 g)",,559,325.68,,,,615104101296,4044155001136,RO,85181000,550,1.21,126,28,106,4.96,1.10,4.17,12,1361.56,3.0,375,395,305,14.76,15.55,12.01,https://images.salsify.com/image/upload/s--Wi-QZSHF--/cead5bc66d42789d2a79b31cb3caac433098112e.jpg,https://images.salsify.com/image/upload/s--0qtrBMS3--/39bd5738a8ac73a1c6f165443fbaaa3fc02b6633.jpg,,,,,,,Condenser,Half-Cardioid,https://www.sennheiser.com/globalassets/digizuite/41684-en-SP_1212_v1.0_e_901_Product_Specification_EN.pdf,https://www.sennheiser.com/globalassets/digizuite/41684-en-SP_1212_v1.0_e_901_Product_Specification_EN.pdf,https://www.sennheiser.com/globalassets/digizuite/41684-en-SP_1212_v1.0_e_901_Product_Specification_EN.pdf,https://www.sennheiser.com/globalassets/digizuite/41684-en-SP_1212_v1.0_e_901_Product_Specification_EN.pdf,https://www.sennheiser.com/globalassets/digizuite/41684-en-SP_1212_v1.0_e_901_Product_Specification_EN.pdf,"(1) e 901 Instrument microphone, (1) Pouch, (1) Quick guide, (1) Safety guide"
Sennheiser,E 902,500199,"Instrument microphone (cardioid, dynamic) for bass drums with 3-pin XLR-M and 3/8"" tripod thread. Includes (1) carrying pouch (440 g)",,449,261.59,,,,615104101302,4044155001143,RO,85181000,480,1.06,129,,,5.08,,,14,10635.56,23.45,584,288,259,22.99,11.34,10.20,https://images.salsify.com/image/upload/s--JOnBiQxW--/aa9ce5730322f6a6903c1b10c6fe29a7d91efa47.jpg,https://images.salsify.com/image/upload/s--ZHptabN2--/b365d3ce4cc92674cbe9b3c9fa3811acb44175eb.jpg,,,,,,,Dynamic,Cardioid,https://www.sennheiser.com/globalassets/digizuite/41686-en-SP_1213_v1.0_e_902_Product_Specification_EN.pdf,https://www.sennheiser.com/globalassets/digizuite/41686-en-SP_1213_v1.0_e_902_Product_Specification_EN.pdf,https://www.sennheiser.com/globalassets/digizuite/41686-en-SP_1213_v1.0_e_902_Product_Specification_EN.pdf,https://www.sennheiser.com/globalassets/digizuite/41686-en-SP_1213_v1.0_e_902_Product_Specification_EN.pdf,https://www.sennheiser.com/globalassets/digizuite/41686-en-SP_1213_v1.0_e_902_Product_Specification_EN.pdf,"(1) e 902 Instrument microphone, (1) Pouch, (1) Quick guide, (1) Safety guide"
Sennheiser,E 904,500200,"Instrument microphone (cardioid dynamic) with 3-pin XLR-M and 3/8"" tripod thread. Includes (1) MZH 604 clip for drum rims and suspension mounts and (1) carrying pouch (125 g)",,409,238.29,,,,615104101319,4044155001150,RO,85181000,125,0.28,69,73,42,2.72,2.87,1.65,14,5189.56,11.44,584,288,259,22.99,11.34,10.20,https://images.salsify.com/image/upload/s--jM2r9Js3--/262467f38f95132421c7d070886ac0dcf877c986.jpg,https://images.salsify.com/image/upload/s--y0DdF2Ed--/5390acfb835ed2e0ae20801a12db7a92b5d4297e.jpg,,,,,,,Dynamic,Cardioid,https://www.sennheiser.com/globalassets/digizuite/41688-en-SP_1214_v1.0_e_904_Product_Specification_EN.pdf,https://www.sennheiser.com/globalassets/digizuite/41688-en-SP_1214_v1.0_e_904_Product_Specification_EN.pdf,https://www.sennheiser.com/globalassets/digizuite/41688-en-SP_1214_v1.0_e_904_Product_Specification_EN.pdf,https://www.sennheiser.com/globalassets/digizuite/41688-en-SP_1214_v1.0_e_904_Product_Specification_EN.pdf,https://www.sennheiser.com/globalassets/digizuite/41688-en-SP_1214_v1.0_e_904_Product_Specification_EN.pdf,"(1) e 904 Instrument microphone, (1) MZH 604 Microphone clip, (1) Pouch, (1) Quick guide, (1) Safety guide"
Sennheiser,E 906,500202,"Instrument microphone (supercardioid, dynamic) with 3-pin XLR-M and 3-position presence filter. Includes (1) MZQ 100 clip for guitar cabinet and (1) carrying pouch (140 g)",,399,232.46,,,,615104101333,4044155001174,DE,85181000,140,0.31,135,35,55,5.31,1.38,2.17,14,6897.56,15.21,584,288,259,22.99,11.34,10.20,https://images.salsify.com/image/upload/s--aOAZbnk0--/4112201e5a02c975255762a318ad075a255c8af8.jpg,https://images.salsify.com/image/upload/s--spurpYZ6--/7929021bc3baa9d26d0a7b4f236f94411a212629.jpg,https://images.salsify.com/image/upload/s--1kucwp3s--/7754f8eabca12f6066461c470ccb9169e63f3062.jpg,,,,,,Dynamic,Supercardioid,https://www.sennheiser.com/globalassets/digizuite/41690-en-e_906_Product_Specification_v1.1_EN.pdf,https://www.sennheiser.com/globalassets/digizuite/41690-en-e_906_Product_Specification_v1.1_EN.pdf,https://www.sennheiser.com/globalassets/digizuite/41690-en-e_906_Product_Specification_v1.1_EN.pdf,https://www.sennheiser.com/globalassets/digizuite/41690-en-e_906_Product_Specification_v1.1_EN.pdf,https://www.sennheiser.com/globalassets/digizuite/41690-en-e_906_Product_Specification_v1.1_EN.pdf,"(1) e 906 Instrument microphone, (1) MZQ 100 Microphone clip, (1) Pouch, (1) Quick guide, (1) Safety guide"
Sennheiser,E 908 B,500203,"Instrument microphone (cardioid, condenser) with flexible gooseneck for wind instruments and ew stereo jack. Includes (1) MZH 908 B-II quick-release clip, (1) MZA 900 P phantom power adapter and (1) carrying pouch (140 g)",,709,413.07,,,,615104101364,4044155001181,DE,85181000,140,0.31,205,40,50,8.07,1.57,1.97,14,7191.56,15.85,584,288,259,22.99,11.34,10.20,https://images.salsify.com/image/upload/s--USTS714C--/50cf9b051b97a0bdef9cac590983347929f6fe1e.png,https://images.salsify.com/image/upload/s--ZRWHDxDB--/6a2b877be3e8345f5ae324327c1d5cce68ae230a.png,https://images.salsify.com/image/upload/s--MDX4shoR--/16896427e26a5e9700bb6439cbe1a6c64c5de7f3.jpg,,,,,,Condenser,Cardioid,https://www.sennheiser.com/globalassets/digizuite/41692-en-SP_1216_v1.0_e_908_Product_Specification_EN.pdf,https://www.sennheiser.com/globalassets/digizuite/41692-en-SP_1216_v1.0_e_908_Product_Specification_EN.pdf,https://www.sennheiser.com/globalassets/digizuite/41692-en-SP_1216_v1.0_e_908_Product_Specification_EN.pdf,https://www.sennheiser.com/globalassets/digizuite/41692-en-SP_1216_v1.0_e_908_Product_Specification_EN.pdf,https://www.sennheiser.com/globalassets/digizuite/41692-en-SP_1216_v1.0_e_908_Product_Specification_EN.pdf,"(1) e 908 B Instrument microphone, (1) MZA 900 P In-line Preamp, (1) Microphone clip, (1) Pouch, (1) Quick guide, (1) Safety guide"
Sennheiser,E 908 B-EW,500204,"Instrument microphone (cardioid, condenser) for wind instruments with evolution wireless stereo jack. Includes (1) MZH 908 B-II quick-release clip and (1) carrying pouch (140 g)",,409,238.29,,,,615104101395,4044155001198,DE,85181000,75,0.17,205,40,50,8.07,1.57,1.97,14,5637.56,12.43,584,288,259,22.99,11.34,10.20,https://images.salsify.com/image/upload/s--4MXsj28w--/3be6dfc2cf8a782b2c0f8f997cdda966b7a46399.png,https://images.salsify.com/image/upload/s--weurtzse--/eab850c04ee94089d82b008dbc863c7a87b350b2.jpg,,,,,,,Condenser,Cardioid,https://www.sennheiser.com/globalassets/digizuite/41692-en-SP_1216_v1.0_e_908_Product_Specification_EN.pdf,https://www.sennheiser.com/globalassets/digizuite/41692-en-SP_1216_v1.0_e_908_Product_Specification_EN.pdf,https://www.sennheiser.com/globalassets/digizuite/41692-en-SP_1216_v1.0_e_908_Product_Specification_EN.pdf,https://www.sennheiser.com/globalassets/digizuite/41692-en-SP_1216_v1.0_e_908_Product_Specification_EN.pdf,https://www.sennheiser.com/globalassets/digizuite/41692-en-SP_1216_v1.0_e_908_Product_Specification_EN.pdf,"(1) e 908 B-ew Instrument microphone, (1) Microphone clip, (1) Pouch, (1) Quick guide, (1) Safety guide"
Sennheiser,E 914,500206,"Instrument microphone (cardioid, condenser) with pre-attenuation and bass roll-off switches for acoustic guitar, overheads, orchestras and grand pianos. P48 power and 3-pin XLR-M. Includes (1) MZQ 800 clip, (1) MZW 64 windscreen and (1) carrying pouch (198 g)",,899,523.77,,,,615104101418,4044155001211,DE,85181000,198,0.44,160,,,6.30,,,14,7681.56,16.93,584,288,259,22.99,11.34,10.20,https://images.salsify.com/image/upload/s--AlokOpd5--/114823c51a8e6a8302b409a1aa872c4c8320d47c.jpg,https://images.salsify.com/image/upload/s--x9DhCWMl--/0dca636e794784ef7a6f21f9031ce16eab7f5837.jpg,,,,,,,Condenser,Cardioid,https://www.sennheiser.com/globalassets/digizuite/41694-en-SP_1217_v1.1_e_914_Product_Specification_EN.pdf,https://www.sennheiser.com/globalassets/digizuite/41694-en-SP_1217_v1.1_e_914_Product_Specification_EN.pdf,https://www.sennheiser.com/globalassets/digizuite/41694-en-SP_1217_v1.1_e_914_Product_Specification_EN.pdf,https://www.sennheiser.com/globalassets/digizuite/41694-en-SP_1217_v1.1_e_914_Product_Specification_EN.pdf,https://www.sennheiser.com/globalassets/digizuite/41694-en-SP_1217_v1.1_e_914_Product_Specification_EN.pdf,"(1) e 914 Instrument microphone, (1) MZQ 800 Microphone clip, (1) MZW 64 Windscreen, (1) Pouch, (1) Quick guide, (1) Safety guide"
Sennheiser,E 935,009421,"Handheld microphone (cardioid, dynamic) with 3-pin XLR-M. Includes (1) MZQ 800 clip and (1) carrying pouch (355 g)",,349,203.33,,,,615104094215,4006087094211,DE,85181000,355,0.78,180,,,7.09,,,14,8703.56,19.19,584,288,259,22.99,11.34,10.20,https://images.salsify.com/image/upload/s--YeI_uWyY--/1e66781279dc942c77ec5925219f430312f22b15.jpg,https://images.salsify.com/image/upload/s--WFG_FRc6--/1a928956d0844d50038d55ecd2413a4c7cd5bc63.jpg,,,,,,,Dynamic,Cardioid,https://www.sennheiser.com/globalassets/digizuite/41696-en-SP_1218_v1.0_e_935_Product_Specification_EN.pdf,https://www.sennheiser.com/globalassets/digizuite/41696-en-SP_1218_v1.0_e_935_Product_Specification_EN.pdf,https://www.sennheiser.com/globalassets/digizuite/41696-en-SP_1218_v1.0_e_935_Product_Specification_EN.pdf,https://www.sennheiser.com/globalassets/digizuite/41696-en-SP_1218_v1.0_e_935_Product_Specification_EN.pdf,https://www.sennheiser.com/globalassets/digizuite/41696-en-SP_1218_v1.0_e_935_Product_Specification_EN.pdf,"(1) e 935 Handheld microphone, (1) MZQ 800 Microphone clip, (1) Pouch, (1) Quick guide, (1) Safety guide"
Sennheiser,E 945,009422,"Handheld microphone (supercardioid, dynamic) with 3-pin XLR-M. Includes (1) MZQ 800 clip and (1) carrying pouch (365 g)",,349,203.33,,,,615104094222,4006087094228,DE,85181000,366,0.81,187,,,7.36,,,14,9823.56,21.66,584,288,259,22.99,11.34,10.20,https://images.salsify.com/image/upload/s--_0q48sR6--/6b777ee4746732dccb45de34ea9a622e04657a55.jpg,https://images.salsify.com/image/upload/s--7eTftZDM--/3af6d2f42390817c2bd215255fa4080fadcd34d4.jpg,,,,,,,Dynamic,Supercardioid,https://www.sennheiser.com/globalassets/digizuite/41698-en-SP_1219_v1.0_e_945_Product_Specification_EN.pdf,https://www.sennheiser.com/globalassets/digizuite/41698-en-SP_1219_v1.0_e_945_Product_Specification_EN.pdf,https://www.sennheiser.com/globalassets/digizuite/41698-en-SP_1219_v1.0_e_945_Product_Specification_EN.pdf,https://www.sennheiser.com/globalassets/digizuite/41698-en-SP_1219_v1.0_e_945_Product_Specification_EN.pdf,https://www.sennheiser.com/globalassets/digizuite/41698-en-SP_1219_v1.0_e_945_Product_Specification_EN.pdf,"(1) e 945 Handheld microphone, (1) MZQ 800 Microphone clip, (1) Pouch, (1) Quick guide, (1) Safety guide"
Sennheiser,E 965,500881,"Handheld microphone (cardioid/supercardioid true condenser) with switchable pre-attenuation (-10 dB), low cut switch, 3-pin XLR-M and 48 V phantom power. Includes (1) MZQ 800 clip and (1) carrying pouch.",,1219,710.2,,,,615104123250,4044155015171,RO,85181000,396,0.87,199,,,7.83,,,14,10985.56,24.22,584,288,259,22.99,11.34,10.20,https://images.salsify.com/image/upload/s--l4QPRhLr--/5fcb40aabb996afe38cda6154d993ca0430cb259.jpg,https://images.salsify.com/image/upload/s--N-_xYHAk--/bc10b21e9c507efcc08b05e05aabd5a6ccddad2c.jpg,,,,,,,Condenser,Multipattern,https://www.sennheiser.com/globalassets/digizuite/41700-en-SP_1220_v1.1_e_965_Product_Specification_EN.pdf,https://www.sennheiser.com/globalassets/digizuite/41700-en-SP_1220_v1.1_e_965_Product_Specification_EN.pdf,https://www.sennheiser.com/globalassets/digizuite/41700-en-SP_1220_v1.1_e_965_Product_Specification_EN.pdf,https://www.sennheiser.com/globalassets/digizuite/41700-en-SP_1220_v1.1_e_965_Product_Specification_EN.pdf,https://www.sennheiser.com/globalassets/digizuite/41700-en-SP_1220_v1.1_e_965_Product_Specification_EN.pdf,"(1) e 965 Handheld microphone, (1) MZQ 800 Microphone clip, (1) Pouch, (1) Quick guide, (1) Safety guide"
Sennheiser,"EARHOOK BLACK, 10 PCS.",700326,Earhook accessory for Headmic 4 in the color black (10 pcs.),,39,22.72,,,,615104390560,4044155279641,IT,85189000,"8,6",0.02,225,"0,2",135,8.86,0.01,5.31,20,182.56,0.4,194,178,149,7.64,7.01,5.87,https://images.salsify.com/image/upload/s--LkPlQQxX--/2698b08d9b951368750ed9f2b328a7a916048ce6.jpg,,,,,,,,,,,,,,,"(1) EARHOOK BLACK, 10 PCS."
Sennheiser,"EARHOOK TRANSPARENT, 10 PCS.",700327,Earhook accessory for Headmic 4 in the color transparent (10 pcs.),,39,22.72,,,,615104390584,4044155279658,IT,85189000,"8,6",0.02,225,"0,2",135,8.86,0.01,5.31,20,182.56,0.4,194,178,149,7.64,7.01,5.87,https://images.salsify.com/image/upload/s--LkPlQQxX--/2698b08d9b951368750ed9f2b328a7a916048ce6.jpg,,,,,,,,,,,,,,,"(1) EARHOOK TRANSPAR, 10 PCS."
Sennheiser,EK 2000 IEM-AW+,508645,"Bodypack receiver, HDX, adaptive diversity, stereo, charging contacts, 2x Mignon, includes earpiece IE 4, frequency range: AW+ (470-558 MHz)",AW+ (470 - 558 MHz),1319,768.46,,,,615104332102,4044155246384,RO,85176930,200,0.44,135,350,66,5.31,13.78,2.60,10,6581.56,14.51,375,395,305,14.76,15.55,12.01,https://images.salsify.com/image/upload/s--7Hxx2CId--/7f83838c3ffe03cb5c46dae2e70d4ad16a1c9d5a.jpg,,,,,,,,,,https://www.sennheiser.com/globalassets/digizuite/41739-en-SP_1265_v2.0_EK_2000_IEM_Product_Specification_EN.pdf,https://www.sennheiser.com/globalassets/digizuite/41739-en-SP_1265_v2.0_EK_2000_IEM_Product_Specification_EN.pdf,https://www.sennheiser.com/globalassets/digizuite/41739-en-SP_1265_v2.0_EK_2000_IEM_Product_Specification_EN.pdf,https://www.sennheiser.com/globalassets/digizuite/41739-en-SP_1265_v2.0_EK_2000_IEM_Product_Specification_EN.pdf,https://www.sennheiser.com/globalassets/digizuite/41739-en-SP_1265_v2.0_EK_2000_IEM_Product_Specification_EN.pdf,"(1) EK 2000 IEM Adaptive Diversity receiver, (1) IE 4 Earphones, (1) Quick guide, (1) Safety guide, (1) Manufacturer declaration sheet"
Sennheiser,EK 2000 IEM-BW-X,503865,"Bodypack receiver, HDX, adaptive diversity, stereo, charging contacts, 2x Mignon, includes earpiece IE 4, 626-698 MHz",BW (626 - 698 MHz),1319,768.46,,,,615104165182,4044155041590,RO,85176930,200,0.44,135,350,66,5.31,13.78,2.60,10,6581.56,14.51,375,395,305,14.76,15.55,12.01,https://images.salsify.com/image/upload/s--7Hxx2CId--/7f83838c3ffe03cb5c46dae2e70d4ad16a1c9d5a.jpg,,,,,,,,,,https://www.sennheiser.com/globalassets/digizuite/41739-en-SP_1265_v2.0_EK_2000_IEM_Product_Specification_EN.pdf,https://www.sennheiser.com/globalassets/digizuite/41739-en-SP_1265_v2.0_EK_2000_IEM_Product_Specification_EN.pdf,https://www.sennheiser.com/globalassets/digizuite/41739-en-SP_1265_v2.0_EK_2000_IEM_Product_Specification_EN.pdf,https://www.sennheiser.com/globalassets/digizuite/41739-en-SP_1265_v2.0_EK_2000_IEM_Product_Specification_EN.pdf,https://www.sennheiser.com/globalassets/digizuite/41739-en-SP_1265_v2.0_EK_2000_IEM_Product_Specification_EN.pdf,"(1) EK 2000 IEM Adaptive Diversity receiver, (1) IE 4 Earphones, (1) Quick guide, (1) Safety guide, (1) Manufacturer declaration sheet"
Sennheiser,EK IEM G4-A,509622,Stereo bodypack receiver. Includes (1) pair of IE4 earbuds (516-558 MHz),A (516 - 558 MHz),1129,657.77,,_,,615104365964,4044155262742,RO,85183000,125,0.28,350,73,81,13.78,2.87,3.19,12,4343.96,9.58,350,260,282,13.78,10.24,11.10,https://images.salsify.com/image/upload/s--b-x8kF7S--/29004d17d014ba6629105e8711794c64eacb5f01.jpg,https://images.salsify.com/image/upload/s--D0kwieH0--/cdee90496b5d426eab613489678b258f7d21302e.jpg,https://images.salsify.com/image/upload/s--qRDjnV1x--/a23e2fcbdded461bee1f13f4b21888711b3d9a47.jpg,,,,,,,,https://www.sennheiser.com/globalassets/digizuite/41535-en-SP_1129_v2.0_EK_IEM_G4_Product_Specification_EN.pdf,https://www.sennheiser.com/globalassets/digizuite/41535-en-SP_1129_v2.0_EK_IEM_G4_Product_Specification_EN.pdf,https://www.sennheiser.com/globalassets/digizuite/41535-en-SP_1129_v2.0_EK_IEM_G4_Product_Specification_EN.pdf,https://www.sennheiser.com/globalassets/digizuite/41535-en-SP_1129_v2.0_EK_IEM_G4_Product_Specification_EN.pdf,https://www.sennheiser.com/globalassets/digizuite/41535-en-SP_1129_v2.0_EK_IEM_G4_Product_Specification_EN.pdf,"(1) EK IEM G4 Stereo receiver, (2) AA Batteries, (1) IE 4 Earphones, (1) Quick guide, (1) Safety guide, (1) Manufacturer declaration sheet"
Sennheiser,EK IEM G4-B,509624,"Stereo bodypack receiver. Includes (1) pair of IE4 earbuds, frequency range: B (626 - 668 MHz)",B (626 - 668 MHz),1129,657.77,,_,,615104366008,4044155262766,RO,85183000,125,0.28,350,73,81,13.78,2.87,3.19,12,4343.96,9.58,350,260,282,13.78,10.24,11.10,https://images.salsify.com/image/upload/s--b-x8kF7S--/29004d17d014ba6629105e8711794c64eacb5f01.jpg,https://images.salsify.com/image/upload/s--D0kwieH0--/cdee90496b5d426eab613489678b258f7d21302e.jpg,https://images.salsify.com/image/upload/s--qRDjnV1x--/a23e2fcbdded461bee1f13f4b21888711b3d9a47.jpg,,,,,,,,https://www.sennheiser.com/globalassets/digizuite/41535-en-SP_1129_v2.0_EK_IEM_G4_Product_Specification_EN.pdf,https://www.sennheiser.com/globalassets/digizuite/41535-en-SP_1129_v2.0_EK_IEM_G4_Product_Specification_EN.pdf,https://www.sennheiser.com/globalassets/digizuite/41535-en-SP_1129_v2.0_EK_IEM_G4_Product_Specification_EN.pdf,https://www.sennheiser.com/globalassets/digizuite/41535-en-SP_1129_v2.0_EK_IEM_G4_Product_Specification_EN.pdf,https://www.sennheiser.com/globalassets/digizuite/41535-en-SP_1129_v2.0_EK_IEM_G4_Product_Specification_EN.pdf,"(1) EK IEM G4 Stereo receiver, (2) AA Batteries, (1) IE 4 Earphones, (1) Quick guide, (1) Safety guide, (1) Manufacturer declaration sheet"
Sennheiser,EKP AVX-3,505854,"Plug-on receiver, digital, 1.9 GHz, includes cable XLR-> jack, hot shoe adapter, BA 20, and micro USB cable",,1019,593.68,,,,615104242975,4044155086201,DE,85176930,87,0.19,320,73,170,12.60,2.87,6.69,3,1403.56,3.09,350,270,200,13.78,10.63,7.87,https://images.salsify.com/image/upload/s--BF2fBkGv--/529d06dd179720dfcc5112940344088fd502244f.jpg,https://images.salsify.com/image/upload/s--wV2fPF77--/9b5cf0ad5d1a10e72804b08814af9775795976f7.jpg,,,,,,,,,,,,,,"(1) EKP AVX Plug-on receiver, (1) BA 20 Rechargeable battery, (1) Hot shoe mount, (1) Beltclip, (1) NT 5-10 UW Power supply, (1) XLR to mini Jack cable, (1) USB charging cable, (1) Pouch, (1) Quick guide, (1) Safety guide"
Sennheiser,EKP AVX-3-AU,506156,AVX Plug-on Receiver,,929,541.24,,,,615104251809,4044155090949,DE,85176930,87,0.19,320,73,170,12.60,2.87,6.69,3,1652.0,3.64,335,240,185,13.19,9.45,7.28,https://images.salsify.com/image/upload/s--BF2fBkGv--/529d06dd179720dfcc5112940344088fd502244f.jpg,https://images.salsify.com/image/upload/s--wV2fPF77--/9b5cf0ad5d1a10e72804b08814af9775795976f7.jpg,,,,,,,,,,,,,,"(1) EKP AVX Plug-on receiver, (1) BA 20 Rechargeable battery, (1) Hot shoe mount, (1) Beltclip, (1) NT 5-10 UW Power supply, (1) XLR to mini Jack cable, (1) USB charging cable, (1) Pouch, (1) Quick guide, (1) Safety guide"
Sennheiser,EKP-AVX-ADAPTER,564595,AVX Receiver hotshoe adaptor,,36.8,21.44,,,,615104269859,4044155206685,DE,85079080,19,0.04,200,,100,7.87,,3.94,30,825.56,1.82,334,168,234,13.15,6.61,9.21,https://images.salsify.com/image/upload/s--v57_IDmU--/193d961eb2d56e46b6bbbcc505ba74fea3a403fd.jpg,,,,,,,,,,,,,,,(1) EKP-AVX-ADAPTER
Sennheiser,EM-XSW 1 DUAL-A,508277,"Wireless receiver set. Includes (1) EM-XSW 1 DUAL stationary receiver with internal antennas and (1) NT 12-5 CW power supply, frequency range: A (548-572 MHz)",A (548 - 572 MHz),809,471.33,,,,615104315617,4044155238389,TW,85176930,1384,3.05,430,85,345,16.93,3.35,13.58,4,6520.0,14.37,415,330,385,16.34,12.99,15.16,https://images.salsify.com/image/upload/s--EKnCOsyl--/8197c2bf101411bb60eca31249fe397895386bf8.jpg,,,,,,,,,,,,,,,"(1) EM-XSW 1 DUAL Dual channel receiver, (4) Rubber feet, (1) NT 12-5CW Power supply"
Sennheiser,EM-XSW 1 DUAL-BC,508619,"Table top two-channel receiver with internal antennas and NT 12-5 CW power supply, frequency range: BC (670-694 MHz)",BC (670-694 MHz),809,471.33,,,,615104331402,4044155246094,TW,85176930,1377,3.03,430,85,345,16.93,3.35,13.58,4,6508.0,14.35,415,330,385,16.34,12.99,15.16,https://images.salsify.com/image/upload/s--EKnCOsyl--/8197c2bf101411bb60eca31249fe397895386bf8.jpg,,,,,,,,,,,,,,,"(1) EM-XSW 1 DUAL Dual channel receiver, (4) Rubber feet, (1) NT 12-5CW Power supply"
Sennheiser,EM-XSW 1-A,507308,"Table top receiver with internal, integrated antennas. 8 banks of 10 coordinated frequency presets, frequency range: A (548-572 MHz). Includes power supply",A (548 - 572 MHz),409,238.29,,,,615104281820,4044155215199,TW,85176930,866,1.91,255,275,84,10.04,10.83,3.31,8,8128.0,17.92,320,570,380,12.60,22.44,14.96,https://images.salsify.com/image/upload/s--V69XIds8--/ea31ab85f112535eab97e9f00d896d241cee76ad.jpg,https://images.salsify.com/image/upload/s--yyNtGuPt--/1b06a85b9001a9dad46eee7dfa44497d6ede6f10.jpg,https://images.salsify.com/image/upload/s--QyK2ub_U--/2abf5efa1600a271c463703d19d12c730a24bf55.jpg,,,,,,,,,,,,,"(1) EM-XSW 1 Rack Receiver, (4) Rubber feet, (1) NT 12-5CW Power supply"
Sennheiser,EM-XSW 1-BC,507462,"Table top receiver with internal antennas and NT 12-5 CW power supply, frequency range: BC (670-694 MHz)",BC (670-694 MHz),409,238.29,,,,615104303614,4044155226379,TW,85176930,866,1.91,275,84,255,10.83,3.31,10.04,8,8128.0,17.92,320,570,380,12.60,22.44,14.96,https://images.salsify.com/image/upload/s--V69XIds8--/ea31ab85f112535eab97e9f00d896d241cee76ad.jpg,https://images.salsify.com/image/upload/s--yyNtGuPt--/1b06a85b9001a9dad46eee7dfa44497d6ede6f10.jpg,https://images.salsify.com/image/upload/s--QyK2ub_U--/2abf5efa1600a271c463703d19d12c730a24bf55.jpg,,,,,,,,,,,,,"(1) EM-XSW 1 Rack Receiver, (4) Rubber feet, (1) NT 12-5CW Power supply"
Sennheiser,EM-XSW 2-A,507315,"True diversity receiver with external antennas. 8 banks of 12 coordinated frequency presets, and manual tuning of 960 frequencies. Rackmount not included, frequency range: A (548-572 MHz). Includes power supply",A (548 - 572 MHz),709,413.07,,,,615104281929,4044155215267,TW,85176930,1244,2.74,255,275,84,10.04,10.83,3.31,8,11152.0,24.59,320,570,380,12.60,22.44,14.96,https://images.salsify.com/image/upload/s--jlwUBl7s--/0c4778ca5dcd0194bf4cd88019cd8b63c3fdd75c.jpg,https://images.salsify.com/image/upload/s--XXnuH8cE--/175c278773a6883ae2c8285b6cea166cc952e3f9.jpg,https://images.salsify.com/image/upload/s--AfI1WyNs--/b4e0a277da3cba7812b78e3b5d967ac07ebd92be.jpg,https://images.salsify.com/image/upload/s--a0BYOCbz--/a6413aaf0f8ea42a1166e9cbf20186ff6a99caf6.jpg,https://images.salsify.com/image/upload/s--cF633K7A--/c6535caf395ecedefd74d41c581cedb25f1b3dee.jpg,,,,,,,,,,,"(1) EM-XSW 1 Rack Receiver, (4) Rubber feet, (1) NT 12-5CW Power supply"
Sennheiser,EM-XSW 2-BC,507463,"True diversity receiver with external antennas and NT 12-5 CW power supply, rackmount not included, frequency range: BC (670-694 MHz)",BC (670-694 MHz),709,413.07,,,,615104303621,4044155226386,TW,85176930,1244,2.74,275,84,255,10.83,3.31,10.04,8,11152.0,24.59,320,570,380,12.60,22.44,14.96,https://images.salsify.com/image/upload/s--jlwUBl7s--/0c4778ca5dcd0194bf4cd88019cd8b63c3fdd75c.jpg,https://images.salsify.com/image/upload/s--XXnuH8cE--/175c278773a6883ae2c8285b6cea166cc952e3f9.jpg,https://images.salsify.com/image/upload/s--AfI1WyNs--/b4e0a277da3cba7812b78e3b5d967ac07ebd92be.jpg,https://images.salsify.com/image/upload/s--a0BYOCbz--/a6413aaf0f8ea42a1166e9cbf20186ff6a99caf6.jpg,https://images.salsify.com/image/upload/s--cF633K7A--/c6535caf395ecedefd74d41c581cedb25f1b3dee.jpg,,,,,,,,,,,"(1) EM-XSW 1 Rack Receiver, (4) Rubber feet, (1) NT 12-5CW Power supply"
Sennheiser,EW IEM G4-A,509609,"Wireless stereo monitoring set. Includes (1) SR IEM G4 stereo transmitter, (1) EK IEM G4 stereo bodypack receiver, (1) pair of IE4 earbuds and (1) GA3 rackmount kit (516-558 MHz)",A (516 - 558 MHz),2449,1426.81,,_,,615104365698,4044155262612,RO,85183000,980,2.16,405,73,350,15.94,2.87,13.78,3,8858.14,19.53,435,258,375,17.13,10.16,14.76,https://images.salsify.com/image/upload/s--VwRtwPPF--/3f4b0fe8721558d18c47b1bde6d4d5b4ef989ec0.jpg,https://images.salsify.com/image/upload/s--mKxPN5Le--/4d864c68f040eff97be8b826dded57771edf8b76.jpg,https://images.salsify.com/image/upload/s--vKY7G_W_--/639d885242a259b0a3151f430720f5f2e349a28a.jpg,https://images.salsify.com/image/upload/s--seiZRBTH--/561b549197faf14a8b68479c4f426c79f313680c.jpg,https://images.salsify.com/image/upload/s--E9Ytv6RP--/45ed220d5f99a2284b7fe054b6d11a17566eb42b.jpg,,,,,,https://www.sennheiser.com/globalassets/digizuite/41583-en-SP_1158_v2.0_ew_IEM_G4_Product_Specification_EN.pdf,https://www.sennheiser.com/globalassets/digizuite/41583-en-SP_1158_v2.0_ew_IEM_G4_Product_Specification_EN.pdf,https://www.sennheiser.com/globalassets/digizuite/41583-en-SP_1158_v2.0_ew_IEM_G4_Product_Specification_EN.pdf,https://www.sennheiser.com/globalassets/digizuite/41583-en-SP_1158_v2.0_ew_IEM_G4_Product_Specification_EN.pdf,https://www.sennheiser.com/globalassets/digizuite/41583-en-SP_1158_v2.0_ew_IEM_G4_Product_Specification_EN.pdf,"(1) SR IEM G4 Stereo transmitter, (1) EK IEM G4 Stereo receiver, (1) IE 4 Earphones, (2) AA Batteries, (1) Rod antenna, (1) GA 3 Rackmount kit, (1) Quick guide, (1) Safety guide, (1) Manufacturer declaration sheet"
Sennheiser,EW IEM G4-B,509611,"Wireless stereo monitoring set. Includes (1) SR IEM G4 stereo transmitter, (1) EK IEM G4 stereo bodypack receiver, (1) pair of IE4 earbuds and (1) GA3 rackmount kit, frequency range: B (626 - 668 MHz)",B (626 - 668 MHz),2449,1426.81,,_,,615104365735,4044155262636,RO,85183000,980,2.16,405,73,350,15.94,2.87,13.78,3,8918.14,19.66,435,258,375,17.13,10.16,14.76,https://images.salsify.com/image/upload/s--VwRtwPPF--/3f4b0fe8721558d18c47b1bde6d4d5b4ef989ec0.jpg,https://images.salsify.com/image/upload/s--mKxPN5Le--/4d864c68f040eff97be8b826dded57771edf8b76.jpg,https://images.salsify.com/image/upload/s--vKY7G_W_--/639d885242a259b0a3151f430720f5f2e349a28a.jpg,https://images.salsify.com/image/upload/s--seiZRBTH--/561b549197faf14a8b68479c4f426c79f313680c.jpg,https://images.salsify.com/image/upload/s--E9Ytv6RP--/45ed220d5f99a2284b7fe054b6d11a17566eb42b.jpg,,,,,,https://www.sennheiser.com/globalassets/digizuite/41583-en-SP_1158_v2.0_ew_IEM_G4_Product_Specification_EN.pdf,https://www.sennheiser.com/globalassets/digizuite/41583-en-SP_1158_v2.0_ew_IEM_G4_Product_Specification_EN.pdf,https://www.sennheiser.com/globalassets/digizuite/41583-en-SP_1158_v2.0_ew_IEM_G4_Product_Specification_EN.pdf,https://www.sennheiser.com/globalassets/digizuite/41583-en-SP_1158_v2.0_ew_IEM_G4_Product_Specification_EN.pdf,https://www.sennheiser.com/globalassets/digizuite/41583-en-SP_1158_v2.0_ew_IEM_G4_Product_Specification_EN.pdf,"(1) SR IEM G4 Stereo transmitter, (1) EK IEM G4 Stereo receiver, (1) IE 4 Earphones, (2) AA Batteries, (1) Rod antenna, (1) GA 3 Rackmount kit, (1) Quick guide, (1) Safety guide, (1) Manufacturer declaration sheet"
Sennheiser,EW IEM G4-TWIN-A,509614,"Wireless stereo monitoring twin set. Includes (1) SR IEM G4 stereo transmitter, (2) EK IEM G4 stereo bodypack receivers, (2) pairs of IE4 earbuds and (1) GA3 rackmount kit (516-558 MHz)",A (516 - 558 MHz),3299,1922.03,,_,,615104365803,4044155262667,RO,85183000,980,2.16,405,73,350,15.94,2.87,13.78,3,9362.14,20.64,435,258,375,17.13,10.16,14.76,https://images.salsify.com/image/upload/s--MhrZmg_W--/69c34d63b8809dd08db7146e52d8d613a79acc93.jpg,https://images.salsify.com/image/upload/s--m4WFUYx7--/999d3220f3b17652a682a57d55e179e0a859d4e5.jpg,https://images.salsify.com/image/upload/s--gRXZbKyr--/45bf7e48c22b03504b4cbbd4dcc9f0627b3f7f70.jpg,https://images.salsify.com/image/upload/s--ZooVOGL3--/94e88c8a656cb631763a0764e98f009582ea986a.jpg,https://images.salsify.com/image/upload/s--O7OCxFs4--/69f3b47a4960eb8071ab42026157557893e4bc02.jpg,,,,,,https://www.sennheiser.com/globalassets/digizuite/41585-en-SP_1159_v2.0_ew_IEM_G4-twin_Product_Specification_EN.pdf,https://www.sennheiser.com/globalassets/digizuite/41585-en-SP_1159_v2.0_ew_IEM_G4-twin_Product_Specification_EN.pdf,https://www.sennheiser.com/globalassets/digizuite/41585-en-SP_1159_v2.0_ew_IEM_G4-twin_Product_Specification_EN.pdf,https://www.sennheiser.com/globalassets/digizuite/41585-en-SP_1159_v2.0_ew_IEM_G4-twin_Product_Specification_EN.pdf,https://www.sennheiser.com/globalassets/digizuite/41585-en-SP_1159_v2.0_ew_IEM_G4-twin_Product_Specification_EN.pdf,"(1) SR IEM G4 Stereo transmitter, (2) EK IEM G4 Stereo receiver, (2) IE 4 Earphones, (4) AA Batteries, (1) Rod antenna, (1) GA 3 Rackmount kit, (1) Quick guide, (1) Safety guide, (1) Manufacturer declaration sheet"
Sennheiser,EW IEM G4-TWIN-B,509616,"Wireless stereo monitoring twin set. Includes (1) SR IEM G4 stereo transmitter, (2) EK IEM G4 stereo bodypack receivers, (2) pairs of IE4 earbuds and (1) GA3 rackmount kit, frequency range: B (626 - 668 MHz)",B (626 - 668 MHz),3299,1922.03,,_,,615104365841,4044155262681,RO,85183000,980,2.16,405,73,350,15.94,2.87,13.78,3,9056.14,19.97,435,258,375,17.13,10.16,14.76,https://images.salsify.com/image/upload/s--MhrZmg_W--/69c34d63b8809dd08db7146e52d8d613a79acc93.jpg,https://images.salsify.com/image/upload/s--m4WFUYx7--/999d3220f3b17652a682a57d55e179e0a859d4e5.jpg,https://images.salsify.com/image/upload/s--gRXZbKyr--/45bf7e48c22b03504b4cbbd4dcc9f0627b3f7f70.jpg,https://images.salsify.com/image/upload/s--ZooVOGL3--/94e88c8a656cb631763a0764e98f009582ea986a.jpg,https://images.salsify.com/image/upload/s--O7OCxFs4--/69f3b47a4960eb8071ab42026157557893e4bc02.jpg,,,,,,https://www.sennheiser.com/globalassets/digizuite/41585-en-SP_1159_v2.0_ew_IEM_G4-twin_Product_Specification_EN.pdf,https://www.sennheiser.com/globalassets/digizuite/41585-en-SP_1159_v2.0_ew_IEM_G4-twin_Product_Specification_EN.pdf,https://www.sennheiser.com/globalassets/digizuite/41585-en-SP_1159_v2.0_ew_IEM_G4-twin_Product_Specification_EN.pdf,https://www.sennheiser.com/globalassets/digizuite/41585-en-SP_1159_v2.0_ew_IEM_G4-twin_Product_Specification_EN.pdf,https://www.sennheiser.com/globalassets/digizuite/41585-en-SP_1159_v2.0_ew_IEM_G4-twin_Product_Specification_EN.pdf,"(1) SR IEM G4 Stereo transmitter, (2) EK IEM G4 Stereo receiver, (2) IE 4 Earphones, (4) AA Batteries, (1) Rod antenna, (1) GA 3 Rackmount kit, (1) Quick guide, (1) Safety guide, (1) Manufacturer declaration sheet"
Sennheiser,EW-D 835-S SET (R1-6),508751,"Digital wireless handheld set. Includes (1 ) EW-D EM digital 19 1/2"" single channel receiver , (1)  EW-D SKM_ digital handheld transmitter with mute switch, (1) MMD 835_ microphone module, (1) MZQ1_ microphone clip, (1) NT 12-5 CW+ power supply  with country adapters_, (1) rack mount kit and AA batteries, frequency range:  (520 - 576 MHz)",R1-6 (520 - 576 MHz),1429,832.55,,,,615104335554,4044155247756,RO,85181000,3000,6.61,405,73,350,15.94,2.87,13.78,3,9503.56,20.95,435,258,375,17.13,10.16,14.76,https://images.salsify.com/image/upload/s--0tK-rO71--/7da17a21ebbcaa032efe8dfb32a6300c4078f6ff.jpg,https://images.salsify.com/image/upload/s--MiQ6I9Fx--/1b0e13d107e613e12577f45998cbfb01be2c58e6.jpg,https://images.salsify.com/image/upload/s--iYZ1zMV---/cb64004989e6409291fa9c48f0f7bd252308ffcf.jpg,,,,,,Dynamic,Cardioid,https://www.sennheiser.com/globalassets/digizuite/49007-en-EW-D_835-S_SET_Product_specification_v1.9_EN.pdf.pdf,https://www.sennheiser.com/globalassets/digizuite/49007-en-EW-D_835-S_SET_Product_specification_v1.9_EN.pdf.pdf,https://www.sennheiser.com/globalassets/digizuite/49007-en-EW-D_835-S_SET_Product_specification_v1.9_EN.pdf.pdf,https://www.sennheiser.com/globalassets/digizuite/49007-en-EW-D_835-S_SET_Product_specification_v1.9_EN.pdf.pdf,https://www.sennheiser.com/globalassets/digizuite/49007-en-EW-D_835-S_SET_Product_specification_v1.9_EN.pdf.pdf,"(1) EW-D EM Rack receiver, (1) EW-D SKM-S Handheld transmitter, (1) MMD 835 Microphone capsule, (1) MZQ 1 Microphone clip, (2) Rod antennas, (1) NT 12-5 CW Power supply with country adapters, (1) GA 3 Rackmount set, (4) Rubber feet, (1) Quick guide, (1) Safety guide, (1) Manufacturer declaration sheet"
Sennheiser,EW-D 835-S SET (S4-7),508754,"Digital wireless handheld set. Includes (1 ) EW-D EM digital 19 1/2"" single channel receiver , (1)  EW-D SKM_ digital handheld transmitter with mute switch, (1) MMD 835_ microphone module, (1) MZQ1_ microphone clip, (1) NT 12-5 CW+ power supply  with country adapters_, (1) rack mount kit and AA batteries, frequency range:  (630 - 662 MHz)",S4-7 (630 - 662 MHz),1429,832.55,,,,615104335639,4044155247787,RO,85181000,3000,6.61,405,73,350,15.94,2.87,13.78,3,9503.56,20.95,435,258,375,17.13,10.16,14.76,https://images.salsify.com/image/upload/s--0tK-rO71--/7da17a21ebbcaa032efe8dfb32a6300c4078f6ff.jpg,https://images.salsify.com/image/upload/s--MiQ6I9Fx--/1b0e13d107e613e12577f45998cbfb01be2c58e6.jpg,https://images.salsify.com/image/upload/s--iYZ1zMV---/cb64004989e6409291fa9c48f0f7bd252308ffcf.jpg,,,,,,Dynamic,Cardioid,https://www.sennheiser.com/globalassets/digizuite/49007-en-EW-D_835-S_SET_Product_specification_v1.9_EN.pdf.pdf,https://www.sennheiser.com/globalassets/digizuite/49007-en-EW-D_835-S_SET_Product_specification_v1.9_EN.pdf.pdf,https://www.sennheiser.com/globalassets/digizuite/49007-en-EW-D_835-S_SET_Product_specification_v1.9_EN.pdf.pdf,https://www.sennheiser.com/globalassets/digizuite/49007-en-EW-D_835-S_SET_Product_specification_v1.9_EN.pdf.pdf,https://www.sennheiser.com/globalassets/digizuite/49007-en-EW-D_835-S_SET_Product_specification_v1.9_EN.pdf.pdf,"(1) EW-D EM Rack receiver, (1) EW-D SKM-S Handheld transmitter, (1) MMD 835 Microphone capsule, (1) MZQ 1 Microphone clip, (2) Rod antennas, (1) NT 12-5 CW Power supply with country adapters, (1) GA 3 Rackmount set, (4) Rubber feet, (1) Quick guide, (1) Safety guide, (1) Manufacturer declaration sheet"
Sennheiser,EW-D 835-S SET (S7-10),508755,"Digital wireless handheld set. Includes (1 ) EW-D EM digital 19 1/2"" single channel receiver , (1)  EW-D SKM_ digital handheld transmitter with mute switch, (1) MMD 835_ microphone module, (1) MZQ1_ microphone clip, (1) NT 12-5 CW+ power supply  with country adapters_, (1) rack mount kit and AA batteries, frequency range:  (662 - 694 MHz)",S7-10 (662 - 694 MHz),1429,832.55,,,,615104335707,4044155247794,RO,85181000,3000,6.61,405,73,350,15.94,2.87,13.78,3,9503.56,20.95,435,258,375,17.13,10.16,14.76,https://images.salsify.com/image/upload/s--0tK-rO71--/7da17a21ebbcaa032efe8dfb32a6300c4078f6ff.jpg,https://images.salsify.com/image/upload/s--MiQ6I9Fx--/1b0e13d107e613e12577f45998cbfb01be2c58e6.jpg,https://images.salsify.com/image/upload/s--iYZ1zMV---/cb64004989e6409291fa9c48f0f7bd252308ffcf.jpg,,,,,,Dynamic,Cardioid,https://www.sennheiser.com/globalassets/digizuite/49007-en-EW-D_835-S_SET_Product_specification_v1.9_EN.pdf.pdf,https://www.sennheiser.com/globalassets/digizuite/49007-en-EW-D_835-S_SET_Product_specification_v1.9_EN.pdf.pdf,https://www.sennheiser.com/globalassets/digizuite/49007-en-EW-D_835-S_SET_Product_specification_v1.9_EN.pdf.pdf,https://www.sennheiser.com/globalassets/digizuite/49007-en-EW-D_835-S_SET_Product_specification_v1.9_EN.pdf.pdf,https://www.sennheiser.com/globalassets/digizuite/49007-en-EW-D_835-S_SET_Product_specification_v1.9_EN.pdf.pdf,"(1) EW-D EM Rack receiver, (1) EW-D SKM-S Handheld transmitter, (1) MMD 835 Microphone capsule, (1) MZQ 1 Microphone clip, (2) Rod antennas, (1) NT 12-5 CW Power supply with country adapters, (1) GA 3 Rackmount set, (4) Rubber feet, (1) Quick guide, (1) Safety guide, (1) Manufacturer declaration sheet"
Sennheiser,EW-D AB (R),508874,"Inline antenna booster, +10 dB gain, BNC connectors, frequency range (520-608 MHz)",R (520-608 MHz),509,296.55,,,,615104343597,4044155250787,DE,85437030,173,0.38,125,30,85,4.92,1.18,3.35,50,9682.0,21.34,385,200,260,15.16,7.87,10.24,https://images.salsify.com/image/upload/s--zKKXddnh--/150d0c476e40e07564d0202dda415762e2051564.jpg,,,,,,,,,,https://www.sennheiser.com/globalassets/digizuite/40849-en-EW-D_AB_Product_specification_v1.1_EN.pdf,https://www.sennheiser.com/globalassets/digizuite/40849-en-EW-D_AB_Product_specification_v1.1_EN.pdf,https://www.sennheiser.com/globalassets/digizuite/40849-en-EW-D_AB_Product_specification_v1.1_EN.pdf,https://www.sennheiser.com/globalassets/digizuite/40849-en-EW-D_AB_Product_specification_v1.1_EN.pdf,https://www.sennheiser.com/globalassets/digizuite/40849-en-EW-D_AB_Product_specification_v1.1_EN.pdf,(1) EW-D AB Antenna booster
Sennheiser,EW-D AB (S),508875,"Inline antenna booster, +10 dB gain, BNC connectors, frequency range (606-706 MHz)",S (606-706 MHz),509,296.55,,,,615104343603,4044155250794,DE,85437030,173,0.38,125,30,85,4.92,1.18,3.35,50,9682.0,21.34,385,200,260,15.16,7.87,10.24,https://images.salsify.com/image/upload/s--zKKXddnh--/150d0c476e40e07564d0202dda415762e2051564.jpg,,,,,,,,,,https://www.sennheiser.com/globalassets/digizuite/40849-en-EW-D_AB_Product_specification_v1.1_EN.pdf,https://www.sennheiser.com/globalassets/digizuite/40849-en-EW-D_AB_Product_specification_v1.1_EN.pdf,https://www.sennheiser.com/globalassets/digizuite/40849-en-EW-D_AB_Product_specification_v1.1_EN.pdf,https://www.sennheiser.com/globalassets/digizuite/40849-en-EW-D_AB_Product_specification_v1.1_EN.pdf,https://www.sennheiser.com/globalassets/digizuite/40849-en-EW-D_AB_Product_specification_v1.1_EN.pdf,(1) EW-D AB Antenna booster
Sennheiser,EW-D ASA CN/ANZ (Q-R-S),508998,Active antenna splitter (dual 1;4) with DC power distribution for EW-D receivers. Includes (1) NT 12-35 CS power supply and (8) BNC cables (470-706 MHz MHz),Q-R-S (470-706 MHz MHz),1429,832.55,,,,615104355170,4044155256710,DE,85437090,2517,5.54,351,75,232,13.82,2.95,9.13,4,8612.0,18.99,305,365,240,12.01,14.37,9.45,https://images.salsify.com/image/upload/s--xFWbJxei--/78986a400d985da6fd0be3fe16ba670135e95411.jpg,,,,,,,,,,https://www.sennheiser.com/globalassets/digizuite/40852-en-EW-D_ASA_Product_specification_v1.1_EN.pdf,https://www.sennheiser.com/globalassets/digizuite/40852-en-EW-D_ASA_Product_specification_v1.1_EN.pdf,https://www.sennheiser.com/globalassets/digizuite/40852-en-EW-D_ASA_Product_specification_v1.1_EN.pdf,https://www.sennheiser.com/globalassets/digizuite/40852-en-EW-D_ASA_Product_specification_v1.1_EN.pdf,https://www.sennheiser.com/globalassets/digizuite/40852-en-EW-D_ASA_Product_specification_v1.1_EN.pdf,"(1) EW-D ASA Active antenna splitter (dual 1:4), (1) NT 12-35 CS Power supply, (8) BNC Antenna cables"
Sennheiser,EW-D CHARGING SET,508862,EW-D Charging set. Includes (1) L 70 USB chargers and (2) BA 70 rechargeable batteries and (1) NT 5-20 UCW power supply,,309,180.03,,,,615104343405,4044155250664,CN,85044055,462,1.02,180,83,133,7.09,3.27,5.24,12,6112.0,13.47,380,290,280,14.96,11.42,11.02,https://images.salsify.com/image/upload/s---lOxKkOE--/70e67a4cde456bd3899d31d67c2c1068f2f624be.jpg,,,,,,,,,,https://www.sennheiser.com/globalassets/digizuite/49049-en-EW-D_System_Specification_v1.3_EN.pdf.pdf,https://www.sennheiser.com/globalassets/digizuite/49049-en-EW-D_System_Specification_v1.3_EN.pdf.pdf,https://www.sennheiser.com/globalassets/digizuite/49049-en-EW-D_System_Specification_v1.3_EN.pdf.pdf,https://www.sennheiser.com/globalassets/digizuite/49049-en-EW-D_System_Specification_v1.3_EN.pdf.pdf,https://www.sennheiser.com/globalassets/digizuite/49049-en-EW-D_System_Specification_v1.3_EN.pdf.pdf,(1) EW-D CHARGING SET
Sennheiser,EW-D CI1 SET (R1-6),508731,"Digital wireless instrument set. Includes (1) EW-D EM digital 19 1/2"" single channel receiver, (1) EW-D SK digital bodypack transmitter, (1) CI1 instrument cable, (1) NT 12-5 CW+  power supply with country adapters, (1) rack mount kit and AA batteries, frequency range:  (520 - 576 MHz)",R1-6 (520 - 576 MHz),1279,745.15,,,,615104334984,4044155247558,RO,85176990,2800,6.17,405,73,350,15.94,2.87,13.78,3,8966.56,19.77,435,258,375,17.13,10.16,14.76,https://images.salsify.com/image/upload/s--3t6XLl1S--/a68fc080e987021bcf5a2a0e24ea7354f8b05a48.jpg,https://images.salsify.com/image/upload/s--MiQ6I9Fx--/1b0e13d107e613e12577f45998cbfb01be2c58e6.jpg,https://images.salsify.com/image/upload/s--H0XnNkis--/4643d8b274922fa4ed00079b57b3e194ccbe53d8.jpg,https://images.salsify.com/image/upload/s--kyA1ub_6--/6a13ac3ad61b9e8fae2017d8c0356ace1fc4c9a6.jpg,,,,,,,https://www.sennheiser.com/globalassets/digizuite/49012-en-EW-D_Cl1_SET_Product_specification_v1.9_EN.pdf.pdf,https://www.sennheiser.com/globalassets/digizuite/49012-en-EW-D_Cl1_SET_Product_specification_v1.9_EN.pdf.pdf,https://www.sennheiser.com/globalassets/digizuite/49012-en-EW-D_Cl1_SET_Product_specification_v1.9_EN.pdf.pdf,https://www.sennheiser.com/globalassets/digizuite/49012-en-EW-D_Cl1_SET_Product_specification_v1.9_EN.pdf.pdf,https://www.sennheiser.com/globalassets/digizuite/49012-en-EW-D_Cl1_SET_Product_specification_v1.9_EN.pdf.pdf,"(1) EW-D EM Rack receiver, (1) EW-D SK Bodypack transmitter, (1) CI 1 Instrument cable, (2) Rod antennas, (1) NT 12-5 CW Power supply with country adapters, (1) GA 3 Rackmount kit, (4) Rubber feet, (1) Quick guide, (1) Safety guide, (1) Manufacturer declaration sheet"
Sennheiser,EW-D CI1 SET (S4-7),508734,"Digital wireless instrument set. Includes (1) EW-D EM digital 19 1/2"" single channel receiver, (1) EW-D SK digital bodypack transmitter, (1) CI1 instrument cable, (1) NT 12-5 CW+  power supply with country adapters, (1) rack mount kit and AA batteries, frequency range:  (630 - 662 MHz)",S4-7 (630 - 662 MHz),1279,745.15,,,,615104335158,4044155247589,RO,85176990,2800,6.17,405,73,350,15.94,2.87,13.78,3,8966.56,19.77,435,258,375,17.13,10.16,14.76,https://images.salsify.com/image/upload/s--3t6XLl1S--/a68fc080e987021bcf5a2a0e24ea7354f8b05a48.jpg,https://images.salsify.com/image/upload/s--MiQ6I9Fx--/1b0e13d107e613e12577f45998cbfb01be2c58e6.jpg,https://images.salsify.com/image/upload/s--H0XnNkis--/4643d8b274922fa4ed00079b57b3e194ccbe53d8.jpg,https://images.salsify.com/image/upload/s--kyA1ub_6--/6a13ac3ad61b9e8fae2017d8c0356ace1fc4c9a6.jpg,,,,,,,https://www.sennheiser.com/globalassets/digizuite/49012-en-EW-D_Cl1_SET_Product_specification_v1.9_EN.pdf.pdf,https://www.sennheiser.com/globalassets/digizuite/49012-en-EW-D_Cl1_SET_Product_specification_v1.9_EN.pdf.pdf,https://www.sennheiser.com/globalassets/digizuite/49012-en-EW-D_Cl1_SET_Product_specification_v1.9_EN.pdf.pdf,https://www.sennheiser.com/globalassets/digizuite/49012-en-EW-D_Cl1_SET_Product_specification_v1.9_EN.pdf.pdf,https://www.sennheiser.com/globalassets/digizuite/49012-en-EW-D_Cl1_SET_Product_specification_v1.9_EN.pdf.pdf,"(1) EW-D EM Rack receiver, (1) EW-D SK Bodypack transmitter, (1) CI 1 Instrument cable, (2) Rod antennas, (1) NT 12-5 CW Power supply with country adapters, (1) GA 3 Rackmount kit, (4) Rubber feet, (1) Quick guide, (1) Safety guide, (1) Manufacturer declaration sheet"
Sennheiser,EW-D CI1 SET (S7-10),508735,"Digital wireless instrument set. Includes (1) EW-D EM digital 19 1/2"" single channel receiver, (1) EW-D SK digital bodypack transmitter, (1) CI1 instrument cable, (1) NT 12-5 CW+  power supply with country adapters, (1) rack mount kit and AA batteries, frequency range:  (662 - 694 MHz)",S7-10 (662 - 694 MHz),1279,745.15,,,,615104335165,4044155247596,RO,85176990,2800,6.17,405,73,350,15.94,2.87,13.78,3,8966.56,19.77,435,258,375,17.13,10.16,14.76,https://images.salsify.com/image/upload/s--3t6XLl1S--/a68fc080e987021bcf5a2a0e24ea7354f8b05a48.jpg,https://images.salsify.com/image/upload/s--MiQ6I9Fx--/1b0e13d107e613e12577f45998cbfb01be2c58e6.jpg,https://images.salsify.com/image/upload/s--H0XnNkis--/4643d8b274922fa4ed00079b57b3e194ccbe53d8.jpg,https://images.salsify.com/image/upload/s--kyA1ub_6--/6a13ac3ad61b9e8fae2017d8c0356ace1fc4c9a6.jpg,,,,,,,https://www.sennheiser.com/globalassets/digizuite/49012-en-EW-D_Cl1_SET_Product_specification_v1.9_EN.pdf.pdf,https://www.sennheiser.com/globalassets/digizuite/49012-en-EW-D_Cl1_SET_Product_specification_v1.9_EN.pdf.pdf,https://www.sennheiser.com/globalassets/digizuite/49012-en-EW-D_Cl1_SET_Product_specification_v1.9_EN.pdf.pdf,https://www.sennheiser.com/globalassets/digizuite/49012-en-EW-D_Cl1_SET_Product_specification_v1.9_EN.pdf.pdf,https://www.sennheiser.com/globalassets/digizuite/49012-en-EW-D_Cl1_SET_Product_specification_v1.9_EN.pdf.pdf,"(1) EW-D EM Rack receiver, (1) EW-D SK Bodypack transmitter, (1) CI 1 Instrument cable, (2) Rod antennas, (1) NT 12-5 CW Power supply with country adapters, (1) GA 3 Rackmount kit, (4) Rubber feet, (1) Quick guide, (1) Safety guide, (1) Manufacturer declaration sheet"
Sennheiser,EW-D COLOR CODING SET,508989,"Sets of  magnetic color indicators for the EW-D SK, EW-D SM and EW-D EM  for identification purposes. Includes (1) EW-D SK COLOR CODING set (16 pcs), (1) EW-D SKM COLOR CODING set (16 pcs), and (1) EW-D EM COLOR CODING set (16 pcs)",,99,57.68,,,,615104355064,4044155256628,CN,85051100,50,0.11,225,15,135,8.86,0.59,5.31,100,4820.0,10.63,335,210,250,13.19,8.27,9.84,https://images.salsify.com/image/upload/s--f0Du-25W--/19e5f2770e46d3e66150918f216614b37f2ec82c.jpg,,,,,,,,,,https://www.sennheiser.com/globalassets/digizuite/49049-en-EW-D_System_Specification_v1.3_EN.pdf.pdf,https://www.sennheiser.com/globalassets/digizuite/49049-en-EW-D_System_Specification_v1.3_EN.pdf.pdf,https://www.sennheiser.com/globalassets/digizuite/49049-en-EW-D_System_Specification_v1.3_EN.pdf.pdf,https://www.sennheiser.com/globalassets/digizuite/49049-en-EW-D_System_Specification_v1.3_EN.pdf.pdf,https://www.sennheiser.com/globalassets/digizuite/49049-en-EW-D_System_Specification_v1.3_EN.pdf.pdf,(1) EW-D COLOR CODING SET
Sennheiser,EW-D EM (R1-6),508801,"Digital 19 _Ó single channel receiver. Includes (1)  rackmount kit, frequency range:  (520 - 576 MHz)",R1-6 (520 - 576 MHz),609,354.81,,,,615104336735,4044155248258,RO,85176930,1000,2.20,405,73,350,15.94,2.87,13.78,3,8117.56,17.9,435,258,375,17.13,10.16,14.76,https://images.salsify.com/image/upload/s--RfxfSgZ9--/18c8b43950fc048d08ed4c09fbe1edd201ac148e.jpg,,,,,,,,,,https://www.sennheiser.com/globalassets/digizuite/49014-en-EW-D_EM_Product_specification_v1.4_EN.pdf.pdf,https://www.sennheiser.com/globalassets/digizuite/49014-en-EW-D_EM_Product_specification_v1.4_EN.pdf.pdf,https://www.sennheiser.com/globalassets/digizuite/49014-en-EW-D_EM_Product_specification_v1.4_EN.pdf.pdf,https://www.sennheiser.com/globalassets/digizuite/49014-en-EW-D_EM_Product_specification_v1.4_EN.pdf.pdf,https://www.sennheiser.com/globalassets/digizuite/49014-en-EW-D_EM_Product_specification_v1.4_EN.pdf.pdf,"(1) EW-D EM Rack receiver, (2) Rod antennas, (1) NT 12-5 CW Power supply with country adapters, (1) GA 3 Rackmount set, (4) Rubber feet, (1) Quick guide, (1) Safety guide, (1) Manufacturer declaration sheet"
Sennheiser,EW-D EM (S4-7),508804,"Digital 19 _Ó single channel receiver. Includes (1) rackmount kit, frequency range:  (552 - 608 MHz)",S4-7 (630 - 662 MHz),609,354.81,,,,615104336865,4044155248289,RO,85176930,1000,2.20,405,73,350,15.94,2.87,13.78,3,8117.56,17.9,435,258,375,17.13,10.16,14.76,https://images.salsify.com/image/upload/s--RfxfSgZ9--/18c8b43950fc048d08ed4c09fbe1edd201ac148e.jpg,,,,,,,,,,https://www.sennheiser.com/globalassets/digizuite/49014-en-EW-D_EM_Product_specification_v1.4_EN.pdf.pdf,https://www.sennheiser.com/globalassets/digizuite/49014-en-EW-D_EM_Product_specification_v1.4_EN.pdf.pdf,https://www.sennheiser.com/globalassets/digizuite/49014-en-EW-D_EM_Product_specification_v1.4_EN.pdf.pdf,https://www.sennheiser.com/globalassets/digizuite/49014-en-EW-D_EM_Product_specification_v1.4_EN.pdf.pdf,https://www.sennheiser.com/globalassets/digizuite/49014-en-EW-D_EM_Product_specification_v1.4_EN.pdf.pdf,"(1) EW-D EM Rack receiver, (2) Rod antennas, (1) NT 12-5 CW Power supply with country adapters, (1) GA 3 Rackmount set, (4) Rubber feet, (1) Quick guide, (1) Safety guide, (1) Manufacturer declaration sheet"
Sennheiser,EW-D EM (S7-10),508805,"Digital 19 _Ó single channel receiver. Includes (1) rackmount kit, frequency range:  (662 - 694 MHz)",S7-10 (662 - 694 MHz),609,354.81,,,,615104336872,4044155248296,RO,85176930,1000,2.20,405,73,350,15.94,2.87,13.78,3,8117.56,17.9,435,258,375,17.13,10.16,14.76,https://images.salsify.com/image/upload/s--RfxfSgZ9--/18c8b43950fc048d08ed4c09fbe1edd201ac148e.jpg,,,,,,,,,,https://www.sennheiser.com/globalassets/digizuite/49014-en-EW-D_EM_Product_specification_v1.4_EN.pdf.pdf,https://www.sennheiser.com/globalassets/digizuite/49014-en-EW-D_EM_Product_specification_v1.4_EN.pdf.pdf,https://www.sennheiser.com/globalassets/digizuite/49014-en-EW-D_EM_Product_specification_v1.4_EN.pdf.pdf,https://www.sennheiser.com/globalassets/digizuite/49014-en-EW-D_EM_Product_specification_v1.4_EN.pdf.pdf,https://www.sennheiser.com/globalassets/digizuite/49014-en-EW-D_EM_Product_specification_v1.4_EN.pdf.pdf,"(1) EW-D EM Rack receiver, (2) Rod antennas, (1) NT 12-5 CW Power supply with country adapters, (1) GA 3 Rackmount set, (4) Rubber feet, (1) Quick guide, (1) Safety guide, (1) Manufacturer declaration sheet"
Sennheiser,EW-D EM COLOR CODING,508992,Sets of  magnetic color indicators for the EW-D EM  for identification purposes. Includes (16) color indicators,,39.95,23.28,,,,615104355101,4044155256659,CN,85051100,20,0.04,225,10,135,8.86,0.39,5.31,100,3720.0,8.2,335,210,250,13.19,8.27,9.84,https://images.salsify.com/image/upload/s--8-U7GPYa--/232ee90aad371b74ee729e01395458f7e61b51b5.jpg,,,,,,,,,,https://www.sennheiser.com/globalassets/digizuite/49049-en-EW-D_System_Specification_v1.3_EN.pdf.pdf,https://www.sennheiser.com/globalassets/digizuite/49049-en-EW-D_System_Specification_v1.3_EN.pdf.pdf,https://www.sennheiser.com/globalassets/digizuite/49049-en-EW-D_System_Specification_v1.3_EN.pdf.pdf,https://www.sennheiser.com/globalassets/digizuite/49049-en-EW-D_System_Specification_v1.3_EN.pdf.pdf,https://www.sennheiser.com/globalassets/digizuite/49049-en-EW-D_System_Specification_v1.3_EN.pdf.pdf,(1) EW-D EM COLOR CODING
Sennheiser,EW-D EM RUBBER FEET,508994,Rubber feet for EW-D EM rackmount receiver,,9.95,5.8,,,,615104355125,4044155256673,TW,40082900,7,0.02,225,10,135,8.86,0.39,5.31,10,200.56,0.44,194,178,149,7.64,7.01,5.87,https://images.salsify.com/image/upload/s--LkPlQQxX--/2698b08d9b951368750ed9f2b328a7a916048ce6.jpg,,,,,,,,,,,,,,,(1) EW-D EM RUBBER FEET
Sennheiser,EW-D ME2 SET (R1-6),508701,"Digital wireless lavalier set. Includes (1) EW-D EM Digital 19 1/2"" single channel receiver, (1)  EW-D SK digital bodypack transmitter, (1) new ME2 lavalier (omnidirectional, condenser), (1) NT 12-5 CW+ power supply  with country adapters, (1) rack mount kit and AA batteries, frequency range:  (520 - 576 MHz)",R1-6 (520 - 576 MHz),1429,832.55,,,,615104334588,4044155247251,RO,85181000,2800,6.17,405,73,350,15.94,2.87,13.78,3,8942.56,19.71,435,258,375,17.13,10.16,14.76,https://images.salsify.com/image/upload/s---xSKPT8f--/072425c23c8d44da6108f61da1913c3144e99746.jpg,https://images.salsify.com/image/upload/s--MiQ6I9Fx--/1b0e13d107e613e12577f45998cbfb01be2c58e6.jpg,https://images.salsify.com/image/upload/s--H0XnNkis--/4643d8b274922fa4ed00079b57b3e194ccbe53d8.jpg,https://images.salsify.com/image/upload/s--Lt66TN1l--/ddbf55fa0714c0172de118e491e9e7a0475e690b.jpg,,,,,Electret Condenser,Omnidirectional,https://www.sennheiser.com/globalassets/digizuite/49021-en-EW-D_ME2_SET_Product_Specification_v1.9_EN.pdf.pdf,https://www.sennheiser.com/globalassets/digizuite/49021-en-EW-D_ME2_SET_Product_Specification_v1.9_EN.pdf.pdf,https://www.sennheiser.com/globalassets/digizuite/49021-en-EW-D_ME2_SET_Product_Specification_v1.9_EN.pdf.pdf,https://www.sennheiser.com/globalassets/digizuite/49021-en-EW-D_ME2_SET_Product_Specification_v1.9_EN.pdf.pdf,https://www.sennheiser.com/globalassets/digizuite/49021-en-EW-D_ME2_SET_Product_Specification_v1.9_EN.pdf.pdf,"(1) EW-D EM Rack receiver, (1) EW-D SK Bodypack transmitter, (1) ME 2 Lavalier microphone, (2) Rod antennas, (1) NT 12-5 CW Power supply with country adapters, (1) GA 3 Rackmount kit, (4) Rubber feet, (1) Quick guide, (1) Safety guide, (1) Manufacturer declaration sheet"
Sennheiser,EW-D ME2 SET (S4-7),508704,"Digital wireless lavalier set. Includes (1) EW-D EM Digital 19 1/2"" single channel receiver, (1)  EW-D SK digital bodypack transmitter, (1) new ME2 lavalier (omnidirectional, condenser), (1) NT 12-5 CW+ power supply  with country adapters, (1) rack mount kit and AA batteries, frequency range:  (630 - 662 MHz)",S4-7 (630 - 662 MHz),1429,832.55,,,,615104334618,4044155247282,RO,85181000,2800,6.17,405,73,350,15.94,2.87,13.78,3,8942.56,19.71,435,258,375,17.13,10.16,14.76,https://images.salsify.com/image/upload/s---xSKPT8f--/072425c23c8d44da6108f61da1913c3144e99746.jpg,https://images.salsify.com/image/upload/s--MiQ6I9Fx--/1b0e13d107e613e12577f45998cbfb01be2c58e6.jpg,https://images.salsify.com/image/upload/s--H0XnNkis--/4643d8b274922fa4ed00079b57b3e194ccbe53d8.jpg,https://images.salsify.com/image/upload/s--Lt66TN1l--/ddbf55fa0714c0172de118e491e9e7a0475e690b.jpg,,,,,Electret Condenser,Omnidirectional,https://www.sennheiser.com/globalassets/digizuite/49021-en-EW-D_ME2_SET_Product_Specification_v1.9_EN.pdf.pdf,https://www.sennheiser.com/globalassets/digizuite/49021-en-EW-D_ME2_SET_Product_Specification_v1.9_EN.pdf.pdf,https://www.sennheiser.com/globalassets/digizuite/49021-en-EW-D_ME2_SET_Product_Specification_v1.9_EN.pdf.pdf,https://www.sennheiser.com/globalassets/digizuite/49021-en-EW-D_ME2_SET_Product_Specification_v1.9_EN.pdf.pdf,https://www.sennheiser.com/globalassets/digizuite/49021-en-EW-D_ME2_SET_Product_Specification_v1.9_EN.pdf.pdf,"(1) EW-D EM Rack receiver, (1) EW-D SK Bodypack transmitter, (1) ME 2 Lavalier microphone, (2) Rod antennas, (1) NT 12-5 CW Power supply with country adapters, (1) GA 3 Rackmount kit, (4) Rubber feet, (1) Quick guide, (1) Safety guide, (1) Manufacturer declaration sheet"
Sennheiser,EW-D ME2 SET (S7-10),508705,"Digital wireless lavalier set. Includes (1) EW-D EM Digital 19 1/2"" single channel receiver, (1)  EW-D SK digital bodypack transmitter, (1) new ME2 lavalier (omnidirectional, condenser), (1) NT 12-5 CW+ power supply  with country adapters, (1) rack mount kit and AA batteries, frequency range:  (662 - 694 MHz)",S7-10 (662 - 694 MHz),1429,832.55,,,,615104334625,4044155247299,RO,85181000,2800,6.17,405,73,350,15.94,2.87,13.78,3,8942.56,19.71,435,258,375,17.13,10.16,14.76,https://images.salsify.com/image/upload/s---xSKPT8f--/072425c23c8d44da6108f61da1913c3144e99746.jpg,https://images.salsify.com/image/upload/s--MiQ6I9Fx--/1b0e13d107e613e12577f45998cbfb01be2c58e6.jpg,https://images.salsify.com/image/upload/s--H0XnNkis--/4643d8b274922fa4ed00079b57b3e194ccbe53d8.jpg,https://images.salsify.com/image/upload/s--Lt66TN1l--/ddbf55fa0714c0172de118e491e9e7a0475e690b.jpg,,,,,Electret Condenser,Omnidirectional,https://www.sennheiser.com/globalassets/digizuite/49021-en-EW-D_ME2_SET_Product_Specification_v1.9_EN.pdf.pdf,https://www.sennheiser.com/globalassets/digizuite/49021-en-EW-D_ME2_SET_Product_Specification_v1.9_EN.pdf.pdf,https://www.sennheiser.com/globalassets/digizuite/49021-en-EW-D_ME2_SET_Product_Specification_v1.9_EN.pdf.pdf,https://www.sennheiser.com/globalassets/digizuite/49021-en-EW-D_ME2_SET_Product_Specification_v1.9_EN.pdf.pdf,https://www.sennheiser.com/globalassets/digizuite/49021-en-EW-D_ME2_SET_Product_Specification_v1.9_EN.pdf.pdf,"(1) EW-D EM Rack receiver, (1) EW-D SK Bodypack transmitter, (1) ME 2 Lavalier microphone, (2) Rod antennas, (1) NT 12-5 CW Power supply with country adapters, (1) GA 3 Rackmount kit, (4) Rubber feet, (1) Quick guide, (1) Safety guide, (1) Manufacturer declaration sheet"
Sennheiser,EW-D ME2/835-S SET (R1-6),508771,"Digital wireless lavalier/vocal combo set. Includes (1) EW-D EM digital 19 1/2"" single channel receiver_, (1) EW-D SK digital bodypack transmitter, (1) new ME2 lavalier (omnidirectional, condenser), (1) EW-D SKM digital handheld transmitter with mute switch _, (1) MMD 835 microphone module _,  (1) MZQ1 microphone clip _, (1) NT 12-5 CW+ power supply with country adapters_, (1) rack mount kit and AA batteries, frequency range:  (520 - 576 MHz)",R1-6 (520 - 576 MHz),2039,1187.94,,,,615104336223,4044155247954,RO,85181000,3100,6.83,405,73,350,15.94,2.87,13.78,3,9869.56,21.76,435,258,375,17.13,10.16,14.76,https://images.salsify.com/image/upload/s--FGQy5wbw--/32fa2d9992ecac2482e6d010ce92f1673f1acd8c.jpg,https://images.salsify.com/image/upload/s--MiQ6I9Fx--/1b0e13d107e613e12577f45998cbfb01be2c58e6.jpg,https://images.salsify.com/image/upload/s--iYZ1zMV---/cb64004989e6409291fa9c48f0f7bd252308ffcf.jpg,https://images.salsify.com/image/upload/s--H0XnNkis--/4643d8b274922fa4ed00079b57b3e194ccbe53d8.jpg,https://images.salsify.com/image/upload/s--Lt66TN1l--/ddbf55fa0714c0172de118e491e9e7a0475e690b.jpg,,,,Electret Condenser,Omnidirectional,https://www.sennheiser.com/globalassets/digizuite/49017-en-EW-D_ME2_835-S_SET_Product_Specification_v2.0_EN.pdf.pdf,https://www.sennheiser.com/globalassets/digizuite/49017-en-EW-D_ME2_835-S_SET_Product_Specification_v2.0_EN.pdf.pdf,https://www.sennheiser.com/globalassets/digizuite/49017-en-EW-D_ME2_835-S_SET_Product_Specification_v2.0_EN.pdf.pdf,https://www.sennheiser.com/globalassets/digizuite/49017-en-EW-D_ME2_835-S_SET_Product_Specification_v2.0_EN.pdf.pdf,https://www.sennheiser.com/globalassets/digizuite/49017-en-EW-D_ME2_835-S_SET_Product_Specification_v2.0_EN.pdf.pdf,"(1) EW-D EM Rack receiver, (1) EW-D SK Bodypack transmitter, (1) EW-D SKM-S Handheld transmitter, (1) ME 2 Lavalier microphone, (1) MMD 835 Microphone capsule, (1) MZQ 1 Microphone clip, (2) Rod antennas, (1) NT 12-5 CW Power supply with country adapters, (1) GA 3 Rackmount kit, (4) Rubber feet, (1) Quick guide, (1) Safety guide, (1) Manufacturer declaration sheet"
Sennheiser,EW-D ME2/835-S SET (S4-7),508774,"Digital wireless lavalier/vocal combo set. Includes (1) EW-D EM digital 19 1/2"" single channel receiver_, (1) EW-D SK digital bodypack transmitter, (1) new ME2 lavalier (omnidirectional, condenser), (1) EW-D SKM digital handheld transmitter with mute switch _, (1) MMD 835 microphone module _,  (1) MZQ1 microphone clip _, (1) NT 12-5 CW+ power supply with country adapters_, (1) rack mount kit and AA batteries, frequency range:  (630 - 662 MHz)",S4-7 (630 - 662 MHz),2039,1187.94,,,,615104336292,4044155247985,RO,85181000,3100,6.83,405,73,350,15.94,2.87,13.78,3,9869.56,21.76,435,258,375,17.13,10.16,14.76,https://images.salsify.com/image/upload/s--FGQy5wbw--/32fa2d9992ecac2482e6d010ce92f1673f1acd8c.jpg,https://images.salsify.com/image/upload/s--MiQ6I9Fx--/1b0e13d107e613e12577f45998cbfb01be2c58e6.jpg,https://images.salsify.com/image/upload/s--iYZ1zMV---/cb64004989e6409291fa9c48f0f7bd252308ffcf.jpg,https://images.salsify.com/image/upload/s--H0XnNkis--/4643d8b274922fa4ed00079b57b3e194ccbe53d8.jpg,https://images.salsify.com/image/upload/s--Lt66TN1l--/ddbf55fa0714c0172de118e491e9e7a0475e690b.jpg,,,,Electret Condenser,Omnidirectional,https://www.sennheiser.com/globalassets/digizuite/49017-en-EW-D_ME2_835-S_SET_Product_Specification_v2.0_EN.pdf.pdf,https://www.sennheiser.com/globalassets/digizuite/49017-en-EW-D_ME2_835-S_SET_Product_Specification_v2.0_EN.pdf.pdf,https://www.sennheiser.com/globalassets/digizuite/49017-en-EW-D_ME2_835-S_SET_Product_Specification_v2.0_EN.pdf.pdf,https://www.sennheiser.com/globalassets/digizuite/49017-en-EW-D_ME2_835-S_SET_Product_Specification_v2.0_EN.pdf.pdf,https://www.sennheiser.com/globalassets/digizuite/49017-en-EW-D_ME2_835-S_SET_Product_Specification_v2.0_EN.pdf.pdf,"(1) EW-D EM Rack receiver, (1) EW-D SK Bodypack transmitter, (1) EW-D SKM-S Handheld transmitter, (1) ME 2 Lavalier microphone, (1) MMD 835 Microphone capsule, (1) MZQ 1 Microphone clip, (2) Rod antennas, (1) NT 12-5 CW Power supply with country adapters, (1) GA 3 Rackmount kit, (4) Rubber feet, (1) Quick guide, (1) Safety guide, (1) Manufacturer declaration sheet"
Sennheiser,EW-D ME2/835-S SET (S7-10),508775,"Digital wireless lavalier/vocal combo set. Includes (1) EW-D EM digital 19 1/2"" single channel receiver_, (1) EW-D SK digital bodypack transmitter, (1) new ME2 lavalier (omnidirectional, condenser), (1) EW-D SKM digital handheld transmitter with mute switch _, (1) MMD 835 microphone module _,  (1) MZQ1 microphone clip _, (1) NT 12-5 CW+ power supply with country adapters_, (1) rack mount kit and AA batteries, frequency range:  (662 - 694 MHz)",S7-10 (662 - 694 MHz),2039,1187.94,,,,615104336308,4044155247992,RO,85181000,3100,6.83,405,73,350,15.94,2.87,13.78,3,9869.56,21.76,435,258,375,17.13,10.16,14.76,https://images.salsify.com/image/upload/s--FGQy5wbw--/32fa2d9992ecac2482e6d010ce92f1673f1acd8c.jpg,https://images.salsify.com/image/upload/s--MiQ6I9Fx--/1b0e13d107e613e12577f45998cbfb01be2c58e6.jpg,https://images.salsify.com/image/upload/s--iYZ1zMV---/cb64004989e6409291fa9c48f0f7bd252308ffcf.jpg,https://images.salsify.com/image/upload/s--H0XnNkis--/4643d8b274922fa4ed00079b57b3e194ccbe53d8.jpg,https://images.salsify.com/image/upload/s--Lt66TN1l--/ddbf55fa0714c0172de118e491e9e7a0475e690b.jpg,,,,Electret Condenser,Omnidirectional,https://www.sennheiser.com/globalassets/digizuite/49017-en-EW-D_ME2_835-S_SET_Product_Specification_v2.0_EN.pdf.pdf,https://www.sennheiser.com/globalassets/digizuite/49017-en-EW-D_ME2_835-S_SET_Product_Specification_v2.0_EN.pdf.pdf,https://www.sennheiser.com/globalassets/digizuite/49017-en-EW-D_ME2_835-S_SET_Product_Specification_v2.0_EN.pdf.pdf,https://www.sennheiser.com/globalassets/digizuite/49017-en-EW-D_ME2_835-S_SET_Product_Specification_v2.0_EN.pdf.pdf,https://www.sennheiser.com/globalassets/digizuite/49017-en-EW-D_ME2_835-S_SET_Product_Specification_v2.0_EN.pdf.pdf,"(1) EW-D EM Rack receiver, (1) EW-D SK Bodypack transmitter, (1) EW-D SKM-S Handheld transmitter, (1) ME 2 Lavalier microphone, (1) MMD 835 Microphone capsule, (1) MZQ 1 Microphone clip, (2) Rod antennas, (1) NT 12-5 CW Power supply with country adapters, (1) GA 3 Rackmount kit, (4) Rubber feet, (1) Quick guide, (1) Safety guide, (1) Manufacturer declaration sheet"
Sennheiser,EW-D ME3 SET (R1-6),508711,"Digital wireless headmic set. Includes (1)  EW-D EM digital 19 1/2"" single channel receiver, (1) EW-D SK Digital bodypack transmitter, (1) new ME 3 headmic (cardioid, condenser), (1)  NT 12-5 CW+ power supply with country adapters,  (1) rack mount kit and AA batteries, frequency range:  (520 - 576 MHz)",R1-6 (520 - 576 MHz),1529,890.81,,,,615104334717,4044155247350,RO,85181000,2800,6.17,405,73,350,15.94,2.87,13.78,3,9059.56,19.97,435,258,375,17.13,10.16,14.76,https://images.salsify.com/image/upload/s--FLRCjYtL--/d34eb0a50f05bacfd82a8223b3715ba7637e7d47.jpg,https://images.salsify.com/image/upload/s--MiQ6I9Fx--/1b0e13d107e613e12577f45998cbfb01be2c58e6.jpg,https://images.salsify.com/image/upload/s--H0XnNkis--/4643d8b274922fa4ed00079b57b3e194ccbe53d8.jpg,https://images.salsify.com/image/upload/s--cmPUNnf6--/5b733c956120e54f93ecedbbd09fe41ea84a92b5.jpg,,,,,Electret Condenser,Cardioid,https://www.sennheiser.com/globalassets/digizuite/49025-en-EW-D_ME3_SET_Product_Specification_v1.9_EN.pdf.pdf,https://www.sennheiser.com/globalassets/digizuite/49025-en-EW-D_ME3_SET_Product_Specification_v1.9_EN.pdf.pdf,https://www.sennheiser.com/globalassets/digizuite/49025-en-EW-D_ME3_SET_Product_Specification_v1.9_EN.pdf.pdf,https://www.sennheiser.com/globalassets/digizuite/49025-en-EW-D_ME3_SET_Product_Specification_v1.9_EN.pdf.pdf,https://www.sennheiser.com/globalassets/digizuite/49025-en-EW-D_ME3_SET_Product_Specification_v1.9_EN.pdf.pdf,"(1) EW-D EM Rack receiver, (1) EW-D SK Bodypack transmitter, (1) ME 3 Headset microphone, (2) Rod antennas, (1) NT 12-5 CW Power supply with country adapters, (1) GA 3 Rackmount kit, (4) Rubber feet, (1) Quick guide, (1) Safety guide, (1) Manufacturer declaration sheet"
Sennheiser,EW-D ME3 SET (S4-7),508714,"Digital wireless headmic set. Includes (1)  EW-D EM digital 19 1/2"" single channel receiver, (1) EW-D SK Digital bodypack transmitter, (1) new ME 3 headmic (cardioid, condenser), (1)  NT 12-5 CW+ power supply with country adapters,  (1) rack mount kit and AA batteries, frequency range:  (630 - 662 MHz)",S4-7 (630 - 662 MHz),1529,890.81,,,,615104334748,4044155247381,RO,85181000,2800,6.17,405,73,350,15.94,2.87,13.78,3,9059.56,19.97,435,258,375,17.13,10.16,14.76,https://images.salsify.com/image/upload/s--FLRCjYtL--/d34eb0a50f05bacfd82a8223b3715ba7637e7d47.jpg,https://images.salsify.com/image/upload/s--MiQ6I9Fx--/1b0e13d107e613e12577f45998cbfb01be2c58e6.jpg,https://images.salsify.com/image/upload/s--H0XnNkis--/4643d8b274922fa4ed00079b57b3e194ccbe53d8.jpg,https://images.salsify.com/image/upload/s--cmPUNnf6--/5b733c956120e54f93ecedbbd09fe41ea84a92b5.jpg,,,,,Electret Condenser,Cardioid,https://www.sennheiser.com/globalassets/digizuite/49025-en-EW-D_ME3_SET_Product_Specification_v1.9_EN.pdf.pdf,https://www.sennheiser.com/globalassets/digizuite/49025-en-EW-D_ME3_SET_Product_Specification_v1.9_EN.pdf.pdf,https://www.sennheiser.com/globalassets/digizuite/49025-en-EW-D_ME3_SET_Product_Specification_v1.9_EN.pdf.pdf,https://www.sennheiser.com/globalassets/digizuite/49025-en-EW-D_ME3_SET_Product_Specification_v1.9_EN.pdf.pdf,https://www.sennheiser.com/globalassets/digizuite/49025-en-EW-D_ME3_SET_Product_Specification_v1.9_EN.pdf.pdf,"(1) EW-D EM Rack receiver, (1) EW-D SK Bodypack transmitter, (1) ME 3 Headset microphone, (2) Rod antennas, (1) NT 12-5 CW Power supply with country adapters, (1) GA 3 Rackmount kit, (4) Rubber feet, (1) Quick guide, (1) Safety guide, (1) Manufacturer declaration sheet"
Sennheiser,EW-D ME3 SET (S7-10),508715,"Digital wireless headmic set. Includes (1)  EW-D EM digital 19 1/2"" single channel receiver, (1) EW-D SK Digital bodypack transmitter, (1) new ME 3 headmic (cardioid, condenser), (1)  NT 12-5 CW+ power supply with country adapters,  (1) rack mount kit and AA batteries, frequency range:  (662 - 694 MHz)",S7-10 (662 - 694 MHz),1529,890.81,,,,615104334755,4044155247398,RO,85181000,2800,6.17,405,73,350,15.94,2.87,13.78,3,9059.56,19.97,435,258,375,17.13,10.16,14.76,https://images.salsify.com/image/upload/s--FLRCjYtL--/d34eb0a50f05bacfd82a8223b3715ba7637e7d47.jpg,https://images.salsify.com/image/upload/s--MiQ6I9Fx--/1b0e13d107e613e12577f45998cbfb01be2c58e6.jpg,https://images.salsify.com/image/upload/s--H0XnNkis--/4643d8b274922fa4ed00079b57b3e194ccbe53d8.jpg,https://images.salsify.com/image/upload/s--cmPUNnf6--/5b733c956120e54f93ecedbbd09fe41ea84a92b5.jpg,,,,,Electret Condenser,Cardioid,https://www.sennheiser.com/globalassets/digizuite/49025-en-EW-D_ME3_SET_Product_Specification_v1.9_EN.pdf.pdf,https://www.sennheiser.com/globalassets/digizuite/49025-en-EW-D_ME3_SET_Product_Specification_v1.9_EN.pdf.pdf,https://www.sennheiser.com/globalassets/digizuite/49025-en-EW-D_ME3_SET_Product_Specification_v1.9_EN.pdf.pdf,https://www.sennheiser.com/globalassets/digizuite/49025-en-EW-D_ME3_SET_Product_Specification_v1.9_EN.pdf.pdf,https://www.sennheiser.com/globalassets/digizuite/49025-en-EW-D_ME3_SET_Product_Specification_v1.9_EN.pdf.pdf,"(1) EW-D EM Rack receiver, (1) EW-D SK Bodypack transmitter, (1) ME 3 Headset microphone, (2) Rod antennas, (1) NT 12-5 CW Power supply with country adapters, (1) GA 3 Rackmount kit, (4) Rubber feet, (1) Quick guide, (1) Safety guide, (1) Manufacturer declaration sheet"
Sennheiser,EW-D ME4 SET (R1-6),508721,"Digital wireless lavalier set. Includes (1) EW-D EM digital 19 1/2"" single channel receiver, (1)  EW-D SK digital bodypack transmitter, (1) new ME4 lavalier (cardioid, condenser), (1) NT 12-5 CW+ power supply  with country adapters, (1) rack mount kit and AA batteries, frequency range:  (520 - 576 MHz)",R1-6 (520 - 576 MHz),1429,832.55,,,,615104334847,4044155247459,RO,85181000,2800,6.17,405,73,350,15.94,2.87,13.78,3,8942.56,19.71,435,258,375,17.13,10.16,14.76,https://images.salsify.com/image/upload/s--MoJ2bAOB--/d2c2c494961070251a37eaa63bd9ae44d978050f.jpg,https://images.salsify.com/image/upload/s--MiQ6I9Fx--/1b0e13d107e613e12577f45998cbfb01be2c58e6.jpg,https://images.salsify.com/image/upload/s--H0XnNkis--/4643d8b274922fa4ed00079b57b3e194ccbe53d8.jpg,https://images.salsify.com/image/upload/s--J5fwfeMs--/27eec93ad7ae016f82d7e9dadef5441e327239b4.jpg,,,,,Electret Condenser,Cardioid,https://www.sennheiser.com/globalassets/digizuite/49033-en-EW-D_ME4_SET_Product_Specification_v1.9_EN.pdf.pdf,https://www.sennheiser.com/globalassets/digizuite/49033-en-EW-D_ME4_SET_Product_Specification_v1.9_EN.pdf.pdf,https://www.sennheiser.com/globalassets/digizuite/49033-en-EW-D_ME4_SET_Product_Specification_v1.9_EN.pdf.pdf,https://www.sennheiser.com/globalassets/digizuite/49033-en-EW-D_ME4_SET_Product_Specification_v1.9_EN.pdf.pdf,https://www.sennheiser.com/globalassets/digizuite/49033-en-EW-D_ME4_SET_Product_Specification_v1.9_EN.pdf.pdf,"(1) EW-D EM Rack receiver, (1) EW-D SK Bodypack transmitter, (1) ME 4 Lavalier microphone, (2) Rod antennas, (1) NT 12-5 CW Power supply with country adapters, (1) GA 3 Rackmount kit, (4) Rubber feet, (1) Quick guide, (1) Safety guide, (1) Manufacturer declaration sheet"
Sennheiser,EW-D ME4 SET (S4-7),508724,"Digital wireless lavalier set. Includes (1) EW-D EM digital 19 1/2"" single channel receiver, (1)  EW-D SK digital bodypack transmitter, (1) new ME4 lavalier (cardioid, condenser), (1) NT 12-5 CW+ power supply  with country adapters, (1) rack mount kit and AA batteries, frequency range:  (630 - 662 MHz)",S4-7 (630 - 662 MHz),1429,832.55,,,,615104334892,4044155247480,RO,85181000,2800,6.17,405,73,350,15.94,2.87,13.78,3,8942.56,19.71,435,258,375,17.13,10.16,14.76,https://images.salsify.com/image/upload/s--MoJ2bAOB--/d2c2c494961070251a37eaa63bd9ae44d978050f.jpg,https://images.salsify.com/image/upload/s--MiQ6I9Fx--/1b0e13d107e613e12577f45998cbfb01be2c58e6.jpg,https://images.salsify.com/image/upload/s--H0XnNkis--/4643d8b274922fa4ed00079b57b3e194ccbe53d8.jpg,https://images.salsify.com/image/upload/s--J5fwfeMs--/27eec93ad7ae016f82d7e9dadef5441e327239b4.jpg,,,,,Electret Condenser,Cardioid,https://www.sennheiser.com/globalassets/digizuite/49033-en-EW-D_ME4_SET_Product_Specification_v1.9_EN.pdf.pdf,https://www.sennheiser.com/globalassets/digizuite/49033-en-EW-D_ME4_SET_Product_Specification_v1.9_EN.pdf.pdf,https://www.sennheiser.com/globalassets/digizuite/49033-en-EW-D_ME4_SET_Product_Specification_v1.9_EN.pdf.pdf,https://www.sennheiser.com/globalassets/digizuite/49033-en-EW-D_ME4_SET_Product_Specification_v1.9_EN.pdf.pdf,https://www.sennheiser.com/globalassets/digizuite/49033-en-EW-D_ME4_SET_Product_Specification_v1.9_EN.pdf.pdf,"(1) EW-D EM Rack receiver, (1) EW-D SK Bodypack transmitter, (1) ME 4 Lavalier microphone, (2) Rod antennas, (1) NT 12-5 CW Power supply with country adapters, (1) GA 3 Rackmount kit, (4) Rubber feet, (1) Quick guide, (1) Safety guide, (1) Manufacturer declaration sheet"
Sennheiser,EW-D ME4 SET (S7-10),508725,"Digital wireless lavalier set. Includes (1) EW-D EM digital 19 1/2"" single channel receiver, (1)  EW-D SK digital bodypack transmitter, (1) new ME4 lavalier (cardioid, condenser), (1) NT 12-5 CW+ power supply  with country adapters, (1) rack mount kit and AA batteries, frequency range:  (662 - 694 MHz)",S7-10 (662 - 694 MHz),1429,832.55,,,,615104334908,4044155247497,RO,85181000,2800,6.17,405,73,350,15.94,2.87,13.78,3,8942.56,19.71,435,258,375,17.13,10.16,14.76,https://images.salsify.com/image/upload/s--MoJ2bAOB--/d2c2c494961070251a37eaa63bd9ae44d978050f.jpg,https://images.salsify.com/image/upload/s--MiQ6I9Fx--/1b0e13d107e613e12577f45998cbfb01be2c58e6.jpg,https://images.salsify.com/image/upload/s--H0XnNkis--/4643d8b274922fa4ed00079b57b3e194ccbe53d8.jpg,https://images.salsify.com/image/upload/s--J5fwfeMs--/27eec93ad7ae016f82d7e9dadef5441e327239b4.jpg,,,,,Electret Condenser,Cardioid,https://www.sennheiser.com/globalassets/digizuite/49033-en-EW-D_ME4_SET_Product_Specification_v1.9_EN.pdf.pdf,https://www.sennheiser.com/globalassets/digizuite/49033-en-EW-D_ME4_SET_Product_Specification_v1.9_EN.pdf.pdf,https://www.sennheiser.com/globalassets/digizuite/49033-en-EW-D_ME4_SET_Product_Specification_v1.9_EN.pdf.pdf,https://www.sennheiser.com/globalassets/digizuite/49033-en-EW-D_ME4_SET_Product_Specification_v1.9_EN.pdf.pdf,https://www.sennheiser.com/globalassets/digizuite/49033-en-EW-D_ME4_SET_Product_Specification_v1.9_EN.pdf.pdf,"(1) EW-D EM Rack receiver, (1) EW-D SK Bodypack transmitter, (1) ME 4 Lavalier microphone, (2) Rod antennas, (1) NT 12-5 CW Power supply with country adapters, (1) GA 3 Rackmount kit, (4) Rubber feet, (1) Quick guide, (1) Safety guide, (1) Manufacturer declaration sheet"
Sennheiser,EW-D POWER DISTRIBUTION CABLE,509458,Distribution cable to charge up to 4 x EM2/EM2 Dante¨ simultaneously,,39.95,23.28,,,,615104363298,4044155261363,CN,85444290,,,,,,,,,15,1418.56,3.13,394,193,244,15.51,7.60,9.61,https://images.salsify.com/image/upload/s--iBEfgf5E--/jwomyfutdaoql6se8eta.jpg,,,,,,,,,,,,,,,(1) EW-D POWER DISTRIBUTION CABLE
Sennheiser,EW-D POWER SUPPLY,509454,Power supply for EW-D with country adapters,,39.95,23.28,,,,615104363229,4044155261325,CN,85044082,,,,,,,,,15,3053.56,6.73,394,193,244,15.51,7.60,9.61,https://images.salsify.com/image/upload/s--FQqUFKa8--/aavceklx2sa4xtoo81xv.jpg,,,,,,,,,,,,,,,(1) EW-D Power supply
Sennheiser,EW-D SK (R1-6),508781,"Digital bodypack transmitter with 1/8"" audio input socket (EW connector), frequency range:  (520 - 576 MHz)",R1-6 (520 - 576 MHz),609,354.81,,,,615104336469,4044155248050,RO,85176990,120,0.26,350,73,81,13.78,2.87,3.19,12,3957.56,8.72,350,260,282,13.78,10.24,11.10,https://images.salsify.com/image/upload/s--vWYe_Qfi--/9138e18256bc7ad763e276140c0589b23a4b94c2.jpg,,,,,,,,,,https://www.sennheiser.com/globalassets/digizuite/49044-en-EW-D_SK_Product_specification_v1.4_EN.pdf.pdf,https://www.sennheiser.com/globalassets/digizuite/49044-en-EW-D_SK_Product_specification_v1.4_EN.pdf.pdf,https://www.sennheiser.com/globalassets/digizuite/49044-en-EW-D_SK_Product_specification_v1.4_EN.pdf.pdf,https://www.sennheiser.com/globalassets/digizuite/49044-en-EW-D_SK_Product_specification_v1.4_EN.pdf.pdf,https://www.sennheiser.com/globalassets/digizuite/49044-en-EW-D_SK_Product_specification_v1.4_EN.pdf.pdf,"(1) EW-D SK Bodypack transmitter, (1) Quick guide, (1) Safety guide, (1) Manufacturer declaration sheet"
Sennheiser,EW-D SK (S4-7),508784,"Digital bodypack transmitter with 1/8"" audio input socket (EW connector), frequency range:  (630 - 662 MHz)",S4-7 (630 - 662 MHz),609,354.81,,,,615104336490,4044155248081,RO,85176990,120,0.26,350,73,81,13.78,2.87,3.19,12,3957.56,8.72,350,260,282,13.78,10.24,11.10,https://images.salsify.com/image/upload/s--vWYe_Qfi--/9138e18256bc7ad763e276140c0589b23a4b94c2.jpg,,,,,,,,,,https://www.sennheiser.com/globalassets/digizuite/49044-en-EW-D_SK_Product_specification_v1.4_EN.pdf.pdf,https://www.sennheiser.com/globalassets/digizuite/49044-en-EW-D_SK_Product_specification_v1.4_EN.pdf.pdf,https://www.sennheiser.com/globalassets/digizuite/49044-en-EW-D_SK_Product_specification_v1.4_EN.pdf.pdf,https://www.sennheiser.com/globalassets/digizuite/49044-en-EW-D_SK_Product_specification_v1.4_EN.pdf.pdf,https://www.sennheiser.com/globalassets/digizuite/49044-en-EW-D_SK_Product_specification_v1.4_EN.pdf.pdf,"(1) EW-D SK Bodypack transmitter, (1) Quick guide, (1) Safety guide, (1) Manufacturer declaration sheet"
Sennheiser,EW-D SK (S7-10),508785,"Digital bodypack transmitter with 1/8"" audio input socket (EW connector), frequency range:  (662 - 694 MHz)",S7-10 (662 - 694 MHz),609,354.81,,,,615104336506,4044155248098,RO,85176990,120,0.26,350,73,81,13.78,2.87,3.19,12,3957.56,8.72,350,260,282,13.78,10.24,11.10,https://images.salsify.com/image/upload/s--vWYe_Qfi--/9138e18256bc7ad763e276140c0589b23a4b94c2.jpg,,,,,,,,,,https://www.sennheiser.com/globalassets/digizuite/49044-en-EW-D_SK_Product_specification_v1.4_EN.pdf.pdf,https://www.sennheiser.com/globalassets/digizuite/49044-en-EW-D_SK_Product_specification_v1.4_EN.pdf.pdf,https://www.sennheiser.com/globalassets/digizuite/49044-en-EW-D_SK_Product_specification_v1.4_EN.pdf.pdf,https://www.sennheiser.com/globalassets/digizuite/49044-en-EW-D_SK_Product_specification_v1.4_EN.pdf.pdf,https://www.sennheiser.com/globalassets/digizuite/49044-en-EW-D_SK_Product_specification_v1.4_EN.pdf.pdf,"(1) EW-D SK Bodypack transmitter, (1) Quick guide, (1) Safety guide, (1) Manufacturer declaration sheet"
Sennheiser,EW-D SK BASE SET (R1-6),508741,"Digital wireless bodypack base set. Includes (1) EW-D EM digital 19 1/2"" single channel receiver, (1) EW-D SK digital bodypack transmitter (lavalier, headmic or input cable sold separately), (1) NT 12-5 CW+ power supply  with country adapters, (1) rack mount kit and AA batteries, frequency range: (520 - 576 MHz)",R1-6 (520 - 576 MHz),1219,710.2,,,,615104335295,4044155247657,RO,85176990,2800,6.17,405,73,350,15.94,2.87,13.78,3,8876.56,19.57,435,258,375,17.13,10.16,14.76,https://images.salsify.com/image/upload/s--_K1UB6Qy--/28a67a827df1043302b9f7df01ed4f498450098f.jpg,https://images.salsify.com/image/upload/s--MiQ6I9Fx--/1b0e13d107e613e12577f45998cbfb01be2c58e6.jpg,https://images.salsify.com/image/upload/s--H0XnNkis--/4643d8b274922fa4ed00079b57b3e194ccbe53d8.jpg,,,,,,,,https://www.sennheiser.com/globalassets/digizuite/49026-en-EW-D_SK_BASE_SET_Product_specification_v1.9_EN.pdf.pdf,https://www.sennheiser.com/globalassets/digizuite/49026-en-EW-D_SK_BASE_SET_Product_specification_v1.9_EN.pdf.pdf,https://www.sennheiser.com/globalassets/digizuite/49026-en-EW-D_SK_BASE_SET_Product_specification_v1.9_EN.pdf.pdf,https://www.sennheiser.com/globalassets/digizuite/49026-en-EW-D_SK_BASE_SET_Product_specification_v1.9_EN.pdf.pdf,https://www.sennheiser.com/globalassets/digizuite/49026-en-EW-D_SK_BASE_SET_Product_specification_v1.9_EN.pdf.pdf,"(1) EW-D EM Rack receiver, (1) EW-D SK Bodypack transmitter, (2) Rod antennas, (1) NT 12-5 CW Power supply with country adapters, (1) GA 3 Rackmount set, (4) Rubber feet, (1) Quick guide, (1) Safety guide, (1) Manufacturer declaration sheet"
Sennheiser,EW-D SK BASE SET (S4-7),508744,"Digital wireless bodypack base set. Includes (1) EW-D EM digital 19 1/2"" single channel receiver, (1) EW-D SK digital bodypack transmitter (lavalier, headmic or input cable sold separately), (1) NT 12-5 CW+ power supply  with country adapters, (1) rack mount kit and AA batteries, frequency range: (630 - 662 MHz)",S4-7 (630 - 662 MHz),1219,710.2,,,,615104335356,4044155247688,RO,85176990,2800,6.17,405,73,350,15.94,2.87,13.78,3,8876.56,19.57,435,258,375,17.13,10.16,14.76,https://images.salsify.com/image/upload/s--_K1UB6Qy--/28a67a827df1043302b9f7df01ed4f498450098f.jpg,https://images.salsify.com/image/upload/s--MiQ6I9Fx--/1b0e13d107e613e12577f45998cbfb01be2c58e6.jpg,https://images.salsify.com/image/upload/s--H0XnNkis--/4643d8b274922fa4ed00079b57b3e194ccbe53d8.jpg,,,,,,,,https://www.sennheiser.com/globalassets/digizuite/49026-en-EW-D_SK_BASE_SET_Product_specification_v1.9_EN.pdf.pdf,https://www.sennheiser.com/globalassets/digizuite/49026-en-EW-D_SK_BASE_SET_Product_specification_v1.9_EN.pdf.pdf,https://www.sennheiser.com/globalassets/digizuite/49026-en-EW-D_SK_BASE_SET_Product_specification_v1.9_EN.pdf.pdf,https://www.sennheiser.com/globalassets/digizuite/49026-en-EW-D_SK_BASE_SET_Product_specification_v1.9_EN.pdf.pdf,https://www.sennheiser.com/globalassets/digizuite/49026-en-EW-D_SK_BASE_SET_Product_specification_v1.9_EN.pdf.pdf,"(1) EW-D EM Rack receiver, (1) EW-D SK Bodypack transmitter, (2) Rod antennas, (1) NT 12-5 CW Power supply with country adapters, (1) GA 3 Rackmount kit, (4) Rubber feet, (1) Quick guide, (1) Safety guide, (1) Manufacturer declaration sheet"
Sennheiser,EW-D SK BASE SET (S7-10),508745,"Digital wireless bodypack base set. Includes (1) EW-D EM digital 19 1/2"" single channel receiver, (1) EW-D SK digital bodypack transmitter (lavalier, headmic or input cable sold separately), (1) NT 12-5 CW+ power supply  with country adapters, (1) rack mount kit and AA batteries, frequency range: (662 - 694 MHz)",S7-10 (662 - 694 MHz),1219,710.2,,,,615104335363,4044155247695,RO,85176990,2800,6.17,405,73,350,15.94,2.87,13.78,3,8876.56,19.57,435,258,375,17.13,10.16,14.76,https://images.salsify.com/image/upload/s--_K1UB6Qy--/28a67a827df1043302b9f7df01ed4f498450098f.jpg,https://images.salsify.com/image/upload/s--MiQ6I9Fx--/1b0e13d107e613e12577f45998cbfb01be2c58e6.jpg,https://images.salsify.com/image/upload/s--H0XnNkis--/4643d8b274922fa4ed00079b57b3e194ccbe53d8.jpg,,,,,,,,https://www.sennheiser.com/globalassets/digizuite/49026-en-EW-D_SK_BASE_SET_Product_specification_v1.9_EN.pdf.pdf,https://www.sennheiser.com/globalassets/digizuite/49026-en-EW-D_SK_BASE_SET_Product_specification_v1.9_EN.pdf.pdf,https://www.sennheiser.com/globalassets/digizuite/49026-en-EW-D_SK_BASE_SET_Product_specification_v1.9_EN.pdf.pdf,https://www.sennheiser.com/globalassets/digizuite/49026-en-EW-D_SK_BASE_SET_Product_specification_v1.9_EN.pdf.pdf,https://www.sennheiser.com/globalassets/digizuite/49026-en-EW-D_SK_BASE_SET_Product_specification_v1.9_EN.pdf.pdf,"(1) EW-D EM Rack receiver, (1) EW-D SK Bodypack transmitter, (2) Rod antennas, (1) NT 12-5 CW Power supply with country adapters, (1) GA 3 Rackmount kit, (4) Rubber feet, (1) Quick guide, (1) Safety guide, (1) Manufacturer declaration sheet"
Sennheiser,EW-D SK BELT CLIP VERTICAL,508993,Belt clip for EW-D SK digital bodypack transmitter,,19.95,11.62,,,,615104355118,4044155256666,DE,85177900,12,0.03,225,10,135,8.86,0.39,5.31,40,610.56,1.35,194,178,149,7.64,7.01,5.87,https://images.salsify.com/image/upload/s--X5--wjf---/8b4b0cb2b48042f7c165f00695fd6930246e09fb.jpg,,,,,,,,,,,,,,,(1) EW-D SK BELT CLIP VERTICAL
Sennheiser,EW-D SK COLOR CODING,508990,Sets of  magnetic color indicators for the EW-D SK for identification purposes. Includes (16) color indicators,,39.95,23.28,,,,615104355071,4044155256635,CN,39269097,20,0.04,225,10,135,8.86,0.39,5.31,100,745.0,1.64,305,125,205,12.01,4.92,8.07,https://images.salsify.com/image/upload/s--wCyBczmN--/5b747537c60467083e2e1bebb369945e3907fb20.jpg,,,,,,,,,,https://www.sennheiser.com/globalassets/digizuite/49049-en-EW-D_System_Specification_v1.3_EN.pdf.pdf,https://www.sennheiser.com/globalassets/digizuite/49049-en-EW-D_System_Specification_v1.3_EN.pdf.pdf,https://www.sennheiser.com/globalassets/digizuite/49049-en-EW-D_System_Specification_v1.3_EN.pdf.pdf,https://www.sennheiser.com/globalassets/digizuite/49049-en-EW-D_System_Specification_v1.3_EN.pdf.pdf,https://www.sennheiser.com/globalassets/digizuite/49049-en-EW-D_System_Specification_v1.3_EN.pdf.pdf,(1) EW-D SK COLOR CODING
Sennheiser,EW-D SKM COLOR CODING,508991,Sets of  magnetic color indicators for the EW-D SKM for identification purposes. Includes (16) color indicators,,39.95,23.28,,,,615104355095,4044155256642,CN,39269097,20,0.04,225,10,135,8.86,0.39,5.31,100,945.0,2.08,305,125,205,12.01,4.92,8.07,https://images.salsify.com/image/upload/s--in8OmM6s--/19098ed1292d60eff253470a0e4b5b1c5ca6a544.jpg,,,,,,,,,,https://www.sennheiser.com/globalassets/digizuite/49049-en-EW-D_System_Specification_v1.3_EN.pdf.pdf,https://www.sennheiser.com/globalassets/digizuite/49049-en-EW-D_System_Specification_v1.3_EN.pdf.pdf,https://www.sennheiser.com/globalassets/digizuite/49049-en-EW-D_System_Specification_v1.3_EN.pdf.pdf,https://www.sennheiser.com/globalassets/digizuite/49049-en-EW-D_System_Specification_v1.3_EN.pdf.pdf,https://www.sennheiser.com/globalassets/digizuite/49049-en-EW-D_System_Specification_v1.3_EN.pdf.pdf,(1) EW-D SKM COLOR CODING
Sennheiser,EW-D SKM-S (R1-6),508791,"Digital handheld transmitter. Includes (1) set  AA batteries, microphone module not included, frequency range: (520 - 576 MHz)",R1-6 (520 - 576 MHz),609,354.81,,,,615104336599,4044155248159,RO,85181000,304,0.67,350,73,81,13.78,2.87,3.19,4,2191.56,4.83,377,114,329,14.84,4.49,12.95,https://images.salsify.com/image/upload/s--Yy0s81tu--/c1e2729f17f39ac5cde5c6b93f8877df75f28ef7.jpg,,,,,,,,,,https://www.sennheiser.com/globalassets/digizuite/49039-en-EW-D_SKM-S_Product_specification_v1.4_EN.pdf.pdf,https://www.sennheiser.com/globalassets/digizuite/49039-en-EW-D_SKM-S_Product_specification_v1.4_EN.pdf.pdf,https://www.sennheiser.com/globalassets/digizuite/49039-en-EW-D_SKM-S_Product_specification_v1.4_EN.pdf.pdf,https://www.sennheiser.com/globalassets/digizuite/49039-en-EW-D_SKM-S_Product_specification_v1.4_EN.pdf.pdf,https://www.sennheiser.com/globalassets/digizuite/49039-en-EW-D_SKM-S_Product_specification_v1.4_EN.pdf.pdf,"(1) EW-D SKM-S Handheld transmitter (capsule sold separately), (1) MZQ 1 Microphone clip, (1) Quick guide, (1) Safety guide, (1) Manufacturer declaration sheet"
Sennheiser,EW-D SKM-S (S4-7),508794,"Digital handheld transmitter. Includes (1) set  AA batteries, microphone module not included, frequency range: (630 - 662 MHz)",S4-7 (630 - 662 MHz),609,354.81,,,,615104336629,4044155248180,RO,85181000,304,0.67,350,73,81,13.78,2.87,3.19,4,2191.56,4.83,377,114,329,14.84,4.49,12.95,https://images.salsify.com/image/upload/s--Yy0s81tu--/c1e2729f17f39ac5cde5c6b93f8877df75f28ef7.jpg,,,,,,,,,,https://www.sennheiser.com/globalassets/digizuite/49039-en-EW-D_SKM-S_Product_specification_v1.4_EN.pdf.pdf,https://www.sennheiser.com/globalassets/digizuite/49039-en-EW-D_SKM-S_Product_specification_v1.4_EN.pdf.pdf,https://www.sennheiser.com/globalassets/digizuite/49039-en-EW-D_SKM-S_Product_specification_v1.4_EN.pdf.pdf,https://www.sennheiser.com/globalassets/digizuite/49039-en-EW-D_SKM-S_Product_specification_v1.4_EN.pdf.pdf,https://www.sennheiser.com/globalassets/digizuite/49039-en-EW-D_SKM-S_Product_specification_v1.4_EN.pdf.pdf,"(1) EW-D SKM-S Handheld transmitter (capsule sold separately), (1) MZQ 1 Microphone clip, (1) Quick guide, (1) Safety guide, (1) Manufacturer declaration sheet"
Sennheiser,EW-D SKM-S (S7-10),508795,"Digital handheld transmitter. Includes (1) set  AA batteries, microphone module not included, frequency range: (662 - 694 MHz)",S7-10 (662 - 694 MHz),609,354.81,,,,615104336636,4044155248197,RO,85181000,304,0.67,350,73,81,13.78,2.87,3.19,4,2191.56,4.83,377,114,329,14.84,4.49,12.95,https://images.salsify.com/image/upload/s--Yy0s81tu--/c1e2729f17f39ac5cde5c6b93f8877df75f28ef7.jpg,,,,,,,,,,https://www.sennheiser.com/globalassets/digizuite/49039-en-EW-D_SKM-S_Product_specification_v1.4_EN.pdf.pdf,https://www.sennheiser.com/globalassets/digizuite/49039-en-EW-D_SKM-S_Product_specification_v1.4_EN.pdf.pdf,https://www.sennheiser.com/globalassets/digizuite/49039-en-EW-D_SKM-S_Product_specification_v1.4_EN.pdf.pdf,https://www.sennheiser.com/globalassets/digizuite/49039-en-EW-D_SKM-S_Product_specification_v1.4_EN.pdf.pdf,https://www.sennheiser.com/globalassets/digizuite/49039-en-EW-D_SKM-S_Product_specification_v1.4_EN.pdf.pdf,"(1) EW-D SKM-S Handheld transmitter (capsule sold separately), (1) MZQ 1 Microphone clip, (1) Quick guide, (1) Safety guide, (1) Manufacturer declaration sheet"
Sennheiser,EW-D SKM-S BASE SET (R1-6),508761,"Digital wireless handheld base set. Includes (1) EW-D EM digital 19 1/2"" single channel receiver_, (1) EW-D SKM digital handheld transmitter with mute switch _ (microphone module sold separately), (1) MZQ1 microphone clip _, (1) NT 12-5 CW+ power supply with country adapters_, (1) rack mount kit and AA batteries, frequency range:  (520 - 576 MHz)",R1-6 (520 - 576 MHz),1219,710.2,,,,615104335813,4044155247855,RO,85181000,2900,6.39,405,73,350,15.94,2.87,13.78,3,9161.56,20.2,435,258,375,17.13,10.16,14.76,https://images.salsify.com/image/upload/s--HvUDH4tZ--/0706cbb7b06f0e0cad66766477a98a53aea41aeb.jpg,https://images.salsify.com/image/upload/s--MiQ6I9Fx--/1b0e13d107e613e12577f45998cbfb01be2c58e6.jpg,https://images.salsify.com/image/upload/s--iYZ1zMV---/cb64004989e6409291fa9c48f0f7bd252308ffcf.jpg,,,,,,Capsule Sold Separately,Capsule Sold Separately,https://www.sennheiser.com/globalassets/digizuite/49034-en-EW-D_SKM-S_BASE_SET_Product_Specification_v1.9_EN.pdf.pdf,https://www.sennheiser.com/globalassets/digizuite/49034-en-EW-D_SKM-S_BASE_SET_Product_Specification_v1.9_EN.pdf.pdf,https://www.sennheiser.com/globalassets/digizuite/49034-en-EW-D_SKM-S_BASE_SET_Product_Specification_v1.9_EN.pdf.pdf,https://www.sennheiser.com/globalassets/digizuite/49034-en-EW-D_SKM-S_BASE_SET_Product_Specification_v1.9_EN.pdf.pdf,https://www.sennheiser.com/globalassets/digizuite/49034-en-EW-D_SKM-S_BASE_SET_Product_Specification_v1.9_EN.pdf.pdf,"(1) EW-D EM Rack receiver, (1) EW-D SKM-S Handheld transmitter (capsule sold separately), (1) MZQ 1 Microphone clip, (2) Rod antennas, (1) NT 12-5 CW Power supply with country adapters, (1) GA 3 Rackmount kit, (4) Rubber feet, (1) Quick guide, (1) Safety guide, (1) Manufacturer declaration sheet"
Sennheiser,EW-D SKM-S BASE SET (S4-7),508764,"Digital wireless handheld base set. Includes (1) EW-D EM digital 19 1/2"" single channel receiver_, (1) EW-D SKM digital handheld transmitter with mute switch _ (microphone module sold separately), (1) MZQ1 microphone clip _, (1) NT 12-5 CW+ power supply with country adapters_, (1) rack mount kit and AA batteries, frequency range:  (630 - 662 MHz)",S4-7 (630 - 662 MHz),1219,710.2,,,,615104335899,4044155247886,RO,85181000,2900,6.39,405,73,350,15.94,2.87,13.78,3,9161.56,20.2,435,258,375,17.13,10.16,14.76,https://images.salsify.com/image/upload/s--HvUDH4tZ--/0706cbb7b06f0e0cad66766477a98a53aea41aeb.jpg,https://images.salsify.com/image/upload/s--MiQ6I9Fx--/1b0e13d107e613e12577f45998cbfb01be2c58e6.jpg,https://images.salsify.com/image/upload/s--iYZ1zMV---/cb64004989e6409291fa9c48f0f7bd252308ffcf.jpg,,,,,,Capsule Sold Separately,Capsule Sold Separately,https://www.sennheiser.com/globalassets/digizuite/49034-en-EW-D_SKM-S_BASE_SET_Product_Specification_v1.9_EN.pdf.pdf,https://www.sennheiser.com/globalassets/digizuite/49034-en-EW-D_SKM-S_BASE_SET_Product_Specification_v1.9_EN.pdf.pdf,https://www.sennheiser.com/globalassets/digizuite/49034-en-EW-D_SKM-S_BASE_SET_Product_Specification_v1.9_EN.pdf.pdf,https://www.sennheiser.com/globalassets/digizuite/49034-en-EW-D_SKM-S_BASE_SET_Product_Specification_v1.9_EN.pdf.pdf,https://www.sennheiser.com/globalassets/digizuite/49034-en-EW-D_SKM-S_BASE_SET_Product_Specification_v1.9_EN.pdf.pdf,"(1) EW-D EM Rack receiver, (1) EW-D SKM-S Handheld transmitter (capsule sold separately), (1) MZQ 1 Microphone clip, (2) Rod antennas, (1) NT 12-5 CW Power supply with country adapters, (1) GA 3 Rackmount kit, (4) Rubber feet, (1) Quick guide, (1) Safety guide, (1) Manufacturer declaration sheet"
Sennheiser,EW-D SKM-S BASE SET (S7-10),508765,"Digital wireless handheld base set. Includes (1) EW-D EM digital 19 1/2"" single channel receiver_, (1) EW-D SKM digital handheld transmitter with mute switch _ (microphone module sold separately), (1) MZQ1 microphone clip _, (1) NT 12-5 CW+ power supply with country adapters_, (1) rack mount kit and AA batteries, frequency range:  (662 - 694 MHz)",S7-10 (662 - 694 MHz),1219,710.2,,,,615104336018,4044155247893,RO,85181000,2900,6.39,405,73,350,15.94,2.87,13.78,3,9161.56,20.2,435,258,375,17.13,10.16,14.76,https://images.salsify.com/image/upload/s--HvUDH4tZ--/0706cbb7b06f0e0cad66766477a98a53aea41aeb.jpg,https://images.salsify.com/image/upload/s--MiQ6I9Fx--/1b0e13d107e613e12577f45998cbfb01be2c58e6.jpg,https://images.salsify.com/image/upload/s--iYZ1zMV---/cb64004989e6409291fa9c48f0f7bd252308ffcf.jpg,,,,,,Capsule Sold Separately,Capsule Sold Separately,https://www.sennheiser.com/globalassets/digizuite/49034-en-EW-D_SKM-S_BASE_SET_Product_Specification_v1.9_EN.pdf.pdf,https://www.sennheiser.com/globalassets/digizuite/49034-en-EW-D_SKM-S_BASE_SET_Product_Specification_v1.9_EN.pdf.pdf,https://www.sennheiser.com/globalassets/digizuite/49034-en-EW-D_SKM-S_BASE_SET_Product_Specification_v1.9_EN.pdf.pdf,https://www.sennheiser.com/globalassets/digizuite/49034-en-EW-D_SKM-S_BASE_SET_Product_Specification_v1.9_EN.pdf.pdf,https://www.sennheiser.com/globalassets/digizuite/49034-en-EW-D_SKM-S_BASE_SET_Product_Specification_v1.9_EN.pdf.pdf,"(1) EW-D EM Rack receiver, (1) EW-D SKM-S Handheld transmitter (capsule sold separately), (1) MZQ 1 Microphone clip, (2) Rod antennas, (1) NT 12-5 CW Power supply with country adapters, (1) GA 3 Rackmount kit, (4) Rubber feet, (1) Quick guide, (1) Safety guide, (1) Manufacturer declaration sheet"
Sennheiser,EW-DP 835 SET (R1-6),700031,"Portable digital wireless set. Includes (1) EW-DP EK digital portable single channel receiver, (1) EW-D SKM digital handheld transmitter, (1) MMD 835 cardioid dynamic microphone module, (1) Mounting kit (cheeseplate, cold shoe, belt clip & screws), (1) BA 70 li-ion battery & (2) AA battery, (1) Locking 3.5 mm TRS plug to 3.5 mm TRS plug cable, (1) Locking 3.5 mm TRS plug to XLR plug cable and (1) USB-C charging cable, frequency range: R1-6 (520 - 576 MHz)",R1-6 (520 - 576 MHz),1429,832.55,,,,615104375857,4044155270471,RO,85181000,994,2.19,316,96,197,12.44,3.78,7.76,4,4369.56,9.63,332,246,290,13.07,9.69,11.42,https://images.salsify.com/image/upload/s--ID3Ln14s--/e7aed6feebc209628a4440862c314351680674cf.jpg,https://images.salsify.com/image/upload/s--R8RaXoLJ--/eac26a516a34910d4cfd421317b66b5d23dd5e97.jpg,https://images.salsify.com/image/upload/s--6coPfAI2--/c606726d40f61be076f3e066c90bf2addef275a9.jpg,https://images.salsify.com/image/upload/s--Kiraw-rB--/dd8b3b34a826554081a5512819786130852ccd03.jpg,https://images.salsify.com/image/upload/s--oGpPN0kJ--/5ceb7269a3e6c06a61cc30ec1bb4d470f08169aa.jpg,https://images.salsify.com/image/upload/s--oBiWxTTi--/4d197f5d5f2549c2f9e4fc20fe24eb1cde51f35b.jpg,https://images.salsify.com/image/upload/s--Qal5mj84--/f926ed840dcec4807b3ce3670a55534f614394a6.jpg,,Dynamic,Cardioid,https://www.sennheiser.com/globalassets/digizuite/40785-en-EW-DP_835_SET_Product_specification_v1.2_EN.pdf,https://www.sennheiser.com/globalassets/digizuite/40785-en-EW-DP_835_SET_Product_specification_v1.2_EN.pdf,https://www.sennheiser.com/globalassets/digizuite/40785-en-EW-DP_835_SET_Product_specification_v1.2_EN.pdf,https://www.sennheiser.com/globalassets/digizuite/40785-en-EW-DP_835_SET_Product_specification_v1.2_EN.pdf,https://www.sennheiser.com/globalassets/digizuite/40785-en-EW-DP_835_SET_Product_specification_v1.2_EN.pdf,"(1) EW-DP EK Portable single channel receiver, (1) EW-D SKM-S Handheld transmitter, (1) MMD 835 Microphone capsule, (1) Mounting kit (cheese plate, cold shoe, belt clip and screws), (1) BA 70 Rechargeable lithium ion battery, (2) AA Battery, (1) Locking 3.5 mm TRS plug to 3.5 mm TRS plug cable, (1) Locking 3.5 mm TRS plug to XLR plug cable, (1) USB-C Charging cable, (1) Quick guide, (1) Safety guide, (1) Manufacturer declaration sheet"
Sennheiser,EW-DP 835 SET (S4-7),700034,"Portable digital wireless set. Includes (1) EW-DP EK digital portable single channel receiver, (1) EW-D SKM digital handheld transmitter, (1) MMD 835 cardioid dynamic microphone module, (1) Mounting kit (cheeseplate, cold shoe, belt clip & screws), (1) BA 70 li-ion battery & (2) AA battery, (1) Locking 3.5 mm TRS plug to 3.5 mm TRS plug cable, (1) Locking 3.5 mm TRS plug to XLR plug cable and (1) USB-C charging cable, frequency range: S4-7 (630 - 662 MHz)",S4-7 (630 - 662 MHz),1429,832.55,,,,615104376458,4044155270655,RO,85181000,994,2.19,316,96,197,12.44,3.78,7.76,4,4361.56,9.62,332,246,290,13.07,9.69,11.42,https://images.salsify.com/image/upload/s--ID3Ln14s--/e7aed6feebc209628a4440862c314351680674cf.jpg,https://images.salsify.com/image/upload/s--R8RaXoLJ--/eac26a516a34910d4cfd421317b66b5d23dd5e97.jpg,https://images.salsify.com/image/upload/s--6coPfAI2--/c606726d40f61be076f3e066c90bf2addef275a9.jpg,https://images.salsify.com/image/upload/s--Kiraw-rB--/dd8b3b34a826554081a5512819786130852ccd03.jpg,https://images.salsify.com/image/upload/s--oGpPN0kJ--/5ceb7269a3e6c06a61cc30ec1bb4d470f08169aa.jpg,https://images.salsify.com/image/upload/s--oBiWxTTi--/4d197f5d5f2549c2f9e4fc20fe24eb1cde51f35b.jpg,https://images.salsify.com/image/upload/s--Qal5mj84--/f926ed840dcec4807b3ce3670a55534f614394a6.jpg,,Dynamic,Cardioid,https://www.sennheiser.com/globalassets/digizuite/40785-en-EW-DP_835_SET_Product_specification_v1.2_EN.pdf,https://www.sennheiser.com/globalassets/digizuite/40785-en-EW-DP_835_SET_Product_specification_v1.2_EN.pdf,https://www.sennheiser.com/globalassets/digizuite/40785-en-EW-DP_835_SET_Product_specification_v1.2_EN.pdf,https://www.sennheiser.com/globalassets/digizuite/40785-en-EW-DP_835_SET_Product_specification_v1.2_EN.pdf,https://www.sennheiser.com/globalassets/digizuite/40785-en-EW-DP_835_SET_Product_specification_v1.2_EN.pdf,"(1) EW-DP EK Portable single channel receiver, (1) EW-D SKM-S Handheld transmitter, (1) MMD 835 Microphone capsule, (1) Mounting kit (cheese plate, cold shoe, belt clip and screws), (1) BA 70 Rechargeable lithium ion battery, (2) AA Battery, (1) Locking 3.5 mm TRS plug to 3.5 mm TRS plug cable, (1) Locking 3.5 mm TRS plug to XLR plug cable, (1) USB-C Charging cable, (1) Quick guide, (1) Safety guide, (1) Manufacturer declaration sheet"
Sennheiser,EW-DP 835 SET (S7-10),700035,"Portable digital wireless set. Includes (1) EW-DP EK digital portable single channel receiver, (1) EW-D SKM digital handheld transmitter, (1) MMD 835 cardioid dynamic microphone module, (1) Mounting kit (cheeseplate, cold shoe, belt clip & screws), (1) BA 70 li-ion battery & (2) AA battery, (1) Locking 3.5 mm TRS plug to 3.5 mm TRS plug cable, (1) Locking 3.5 mm TRS plug to XLR plug cable and (1) USB-C charging cable, frequency range: S7-10 (662 - 694 MHz)",S7-10 (662 - 694 MHz),1429,832.55,,,,615104376618,4044155270716,RO,85181000,994,2.19,316,96,197,12.44,3.78,7.76,4,4365.56,9.62,332,246,290,13.07,9.69,11.42,https://images.salsify.com/image/upload/s--ID3Ln14s--/e7aed6feebc209628a4440862c314351680674cf.jpg,https://images.salsify.com/image/upload/s--R8RaXoLJ--/eac26a516a34910d4cfd421317b66b5d23dd5e97.jpg,https://images.salsify.com/image/upload/s--6coPfAI2--/c606726d40f61be076f3e066c90bf2addef275a9.jpg,https://images.salsify.com/image/upload/s--Kiraw-rB--/dd8b3b34a826554081a5512819786130852ccd03.jpg,https://images.salsify.com/image/upload/s--oGpPN0kJ--/5ceb7269a3e6c06a61cc30ec1bb4d470f08169aa.jpg,https://images.salsify.com/image/upload/s--oBiWxTTi--/4d197f5d5f2549c2f9e4fc20fe24eb1cde51f35b.jpg,https://images.salsify.com/image/upload/s--Qal5mj84--/f926ed840dcec4807b3ce3670a55534f614394a6.jpg,,Dynamic,Cardioid,https://www.sennheiser.com/globalassets/digizuite/40785-en-EW-DP_835_SET_Product_specification_v1.2_EN.pdf,https://www.sennheiser.com/globalassets/digizuite/40785-en-EW-DP_835_SET_Product_specification_v1.2_EN.pdf,https://www.sennheiser.com/globalassets/digizuite/40785-en-EW-DP_835_SET_Product_specification_v1.2_EN.pdf,https://www.sennheiser.com/globalassets/digizuite/40785-en-EW-DP_835_SET_Product_specification_v1.2_EN.pdf,https://www.sennheiser.com/globalassets/digizuite/40785-en-EW-DP_835_SET_Product_specification_v1.2_EN.pdf,"(1) EW-DP EK Portable single channel receiver, (1) EW-D SKM-S Handheld transmitter, (1) MMD 835 Microphone capsule, (1) Mounting kit (cheese plate, cold shoe, belt clip and screws), (1) BA 70 Rechargeable lithium ion battery, (2) AA Battery, (1) Locking 3.5 mm TRS plug to 3.5 mm TRS plug cable, (1) Locking 3.5 mm TRS plug to XLR plug cable, (1) USB-C Charging cable, (1) Quick guide, (1) Safety guide, (1) Manufacturer declaration sheet"
Sennheiser,EW-DP EK (R1-6),700051,"Digital portable single channel receiver. Includes (1) Mounting kit (cheeseplate, cold shoe, belt clip & screws), (1) BA 70 li-ion battery & (2) AA battery, (1) Locking 3.5 mm TRS plug to 3.5 mm TRS plug cable, (1) Locking 3.5 mm TRS plug to XLR plug cable and (1) USB-C charging cable, frequency range: R1-6 (520 - 576 MHz)",R1-6 (520 - 576 MHz),769,448.03,,,,615104375888,4044155270495,RO,85176930,140,0.31,315,63,196,12.40,2.48,7.72,4,2733.56,6.03,332,246,290,13.07,9.69,11.42,https://images.salsify.com/image/upload/s--MzGy0EcE--/44b765893ea98631debd3e0e065e31794290d7d9.jpg,https://images.salsify.com/image/upload/s--64UalFXZ--/a5b0d00714aef8847040408e0b32e3a59b32e9aa.jpg,https://images.salsify.com/image/upload/s--BSuGEoDp--/db24e27d4d54de31deb34ad885d499eb6d9a9018.jpg,https://images.salsify.com/image/upload/s--yP4uovDf--/75c53d778ccc5cb46d169806dd6fc5a1a80adca9.jpg,https://images.salsify.com/image/upload/s--Aos-39QC--/02c473342550ed4eff643833bb86b89f1dca76fc.jpg,https://images.salsify.com/image/upload/s--GOKS2Atb--/0ecd9999c70980dcefe900615425dc57e9a6468b.jpg,https://images.salsify.com/image/upload/s--uYQ7AvuT--/532fa0082edc9e7f1fb4432f52a16dfa725bfa0f.jpg,,,,https://www.sennheiser.com/globalassets/digizuite/40790-en-EW-DP_EK_Product_Specification_v1.2_EN.pdf,https://www.sennheiser.com/globalassets/digizuite/40790-en-EW-DP_EK_Product_Specification_v1.2_EN.pdf,https://www.sennheiser.com/globalassets/digizuite/40790-en-EW-DP_EK_Product_Specification_v1.2_EN.pdf,https://www.sennheiser.com/globalassets/digizuite/40790-en-EW-DP_EK_Product_Specification_v1.2_EN.pdf,https://www.sennheiser.com/globalassets/digizuite/40790-en-EW-DP_EK_Product_Specification_v1.2_EN.pdf,"(1) EW-DP EK Portable single channel receiver, (1) Mounting kit (cheese plate, cold shoe, belt clip and screws), (1) BA 70 Rechargeable lithium Ion battery, (2) AA Battery, (1) Locking 3.5 mm TRS plug to 3.5 mm TRS plug cable, (1) Locking 3.5 mm TRS plug to XLR plug cable, (1) USB-C Charging cable, (1) Quick guide, (1) Safety guide, (1) Manufacturer declaration sheet"
Sennheiser,EW-DP EK (S4-7),700054,"Digital portable single channel receiver. Includes (1) Mounting kit (cheeseplate, cold shoe, belt clip & screws), (1) BA 70 li-ion battery & (2) AA battery, (1) Locking 3.5 mm TRS plug to 3.5 mm TRS plug cable, (1) Locking 3.5 mm TRS plug to XLR plug cable and (1) USB-C charging cable, frequency range: S4-7 (630 - 662 MHz)",S4-7 (630 - 662 MHz),769,448.03,,,,615104376489,4044155270679,RO,85176930,140,0.31,315,63,196,12.40,2.48,7.72,4,2733.56,6.03,332,246,290,13.07,9.69,11.42,https://images.salsify.com/image/upload/s--MzGy0EcE--/44b765893ea98631debd3e0e065e31794290d7d9.jpg,https://images.salsify.com/image/upload/s--64UalFXZ--/a5b0d00714aef8847040408e0b32e3a59b32e9aa.jpg,https://images.salsify.com/image/upload/s--BSuGEoDp--/db24e27d4d54de31deb34ad885d499eb6d9a9018.jpg,https://images.salsify.com/image/upload/s--yP4uovDf--/75c53d778ccc5cb46d169806dd6fc5a1a80adca9.jpg,https://images.salsify.com/image/upload/s--Aos-39QC--/02c473342550ed4eff643833bb86b89f1dca76fc.jpg,https://images.salsify.com/image/upload/s--GOKS2Atb--/0ecd9999c70980dcefe900615425dc57e9a6468b.jpg,https://images.salsify.com/image/upload/s--uYQ7AvuT--/532fa0082edc9e7f1fb4432f52a16dfa725bfa0f.jpg,,,,https://www.sennheiser.com/globalassets/digizuite/40790-en-EW-DP_EK_Product_Specification_v1.2_EN.pdf,https://www.sennheiser.com/globalassets/digizuite/40790-en-EW-DP_EK_Product_Specification_v1.2_EN.pdf,https://www.sennheiser.com/globalassets/digizuite/40790-en-EW-DP_EK_Product_Specification_v1.2_EN.pdf,https://www.sennheiser.com/globalassets/digizuite/40790-en-EW-DP_EK_Product_Specification_v1.2_EN.pdf,https://www.sennheiser.com/globalassets/digizuite/40790-en-EW-DP_EK_Product_Specification_v1.2_EN.pdf,"(1) EW-DP EK Portable single channel receiver, (1) Mounting kit (cheese plate, cold shoe, belt clip and screws), (1) BA 70 Rechargeable lithium Ion battery, (2) AA Battery, (1) Locking 3.5 mm TRS plug to 3.5 mm TRS plug cable, (1) Locking 3.5 mm TRS plug to XLR plug cable, (1) USB-C Charging cable, (1) Quick guide, (1) Safety guide, (1) Manufacturer declaration sheet"
Sennheiser,EW-DP EK (S7-10),700055,"Digital portable single channel receiver. Includes (1) Mounting kit (cheeseplate, cold shoe, belt clip & screws), (1) BA 70 li-ion battery & (2) AA battery, (1) Locking 3.5 mm TRS plug to 3.5 mm TRS plug cable, (1) Locking 3.5 mm TRS plug to XLR plug cable and (1) USB-C charging cable, frequency range: S7-10 (662 - 694 MHz)",S7-10 (662 - 694 MHz),769,448.03,,,,615104376632,4044155270730,RO,85176930,140,0.31,315,63,196,12.40,2.48,7.72,4,2737.56,6.04,332,246,290,13.07,9.69,11.42,https://images.salsify.com/image/upload/s--MzGy0EcE--/44b765893ea98631debd3e0e065e31794290d7d9.jpg,https://images.salsify.com/image/upload/s--64UalFXZ--/a5b0d00714aef8847040408e0b32e3a59b32e9aa.jpg,https://images.salsify.com/image/upload/s--BSuGEoDp--/db24e27d4d54de31deb34ad885d499eb6d9a9018.jpg,https://images.salsify.com/image/upload/s--yP4uovDf--/75c53d778ccc5cb46d169806dd6fc5a1a80adca9.jpg,https://images.salsify.com/image/upload/s--Aos-39QC--/02c473342550ed4eff643833bb86b89f1dca76fc.jpg,https://images.salsify.com/image/upload/s--GOKS2Atb--/0ecd9999c70980dcefe900615425dc57e9a6468b.jpg,https://images.salsify.com/image/upload/s--uYQ7AvuT--/532fa0082edc9e7f1fb4432f52a16dfa725bfa0f.jpg,,,,https://www.sennheiser.com/globalassets/digizuite/40790-en-EW-DP_EK_Product_Specification_v1.2_EN.pdf,https://www.sennheiser.com/globalassets/digizuite/40790-en-EW-DP_EK_Product_Specification_v1.2_EN.pdf,https://www.sennheiser.com/globalassets/digizuite/40790-en-EW-DP_EK_Product_Specification_v1.2_EN.pdf,https://www.sennheiser.com/globalassets/digizuite/40790-en-EW-DP_EK_Product_Specification_v1.2_EN.pdf,https://www.sennheiser.com/globalassets/digizuite/40790-en-EW-DP_EK_Product_Specification_v1.2_EN.pdf,"(1) EW-DP EK Portable single channel receiver, (1) Mounting kit (cheese plate, cold shoe, belt clip and screws), (1) BA 70 Rechargeable lithium Ion battery, (2) AA Battery, (1) Locking 3.5 mm TRS plug to 3.5 mm TRS plug cable, (1) Locking 3.5 mm TRS plug to XLR plug cable, (1) USB-C Charging cable, (1) Quick guide, (1) Safety guide, (1) Manufacturer declaration sheet"
Sennheiser,EW-DP ENG SET (R1-6),700041,"Portable digital wireless set. Includes (1) EW-DP EK digital portable single channel receiver, (1) EW-D SK digital bodypack transmitter, (1) ME 2 omnidirectional lavalier microphone, (1) EW-D SKP digital plug-on transmitter (1) Mounting kit (cheeseplate, cold shoe, belt clip & screws), (1) BA 70 liion battery & (2) AA battery, (1) Locking 3.5 mm TRS plug to 3.5 mm TRS plug cable, (1) Locking 3.5 mm TRS plug to XLR plug cable and (1) USB-C charging cable, frequency range: R1-6 (520 - 576 MHz)",R1-6 (520 - 576 MHz),1829,1065.59,,,,615104375864,4044155270488,RO,85181000,1018,2.24,316,96,197,12.44,3.78,7.76,4,4429.56,9.77,332,246,290,13.07,9.69,11.42,https://images.salsify.com/image/upload/s--EfW1qDmC--/50f454c3d63a1eaa802971cb0aa4bd4adea1ff37.webp,https://images.salsify.com/image/upload/s--6coPfAI2--/c606726d40f61be076f3e066c90bf2addef275a9.jpg,https://images.salsify.com/image/upload/s--4ONTyzUY--/80487fb413e341f4a49b241139e30b7c471ea9d1.jpg,https://images.salsify.com/image/upload/s--BNBPuAJN--/ff671082895c97f9d18122c0882088479797a2de.jpg,https://images.salsify.com/image/upload/s--H0XnNkis--/4643d8b274922fa4ed00079b57b3e194ccbe53d8.jpg,https://images.salsify.com/image/upload/s--Lt66TN1l--/ddbf55fa0714c0172de118e491e9e7a0475e690b.jpg,,,,,https://www.sennheiser.com/globalassets/digizuite/49052-en-EW-DP_ENG-SET_Product Specification_v1.2_EN.pdf.pdf,https://www.sennheiser.com/globalassets/digizuite/49052-en-EW-DP_ENG-SET_Product Specification_v1.2_EN.pdf.pdf,https://www.sennheiser.com/globalassets/digizuite/49052-en-EW-DP_ENG-SET_Product Specification_v1.2_EN.pdf.pdf,https://www.sennheiser.com/globalassets/digizuite/49052-en-EW-DP_ENG-SET_Product Specification_v1.2_EN.pdf.pdf,https://www.sennheiser.com/globalassets/digizuite/49052-en-EW-DP_ENG-SET_Product Specification_v1.2_EN.pdf.pdf,"(1) EW-DP EK Portable single channel receiver, (1) EW-D SK Bodypack transmitter, (1) EW-DP SKP Plug-on transmitter, (1) ME 2 Lavalier microphone, (1) Mounting kit (cheese plate, cold shoe, belt clip and screws), (1) BA 70 Lithium Ion battery, (2) AA Battery, (1) Locking 3.5 mm TRS plug to 3.5 mm TRS plug cable, (1) Locking 3.5 mm TRS plug to XLR plug cable, (1) USB-C Charging cable, (1) Quick guide, (1) Safety guide, (1) Manufacturer declaration sheet"
Sennheiser,EW-DP ENG SET (S4-7),700044,"Portable digital wireless set. Includes (1) EW-DP EK digital portable single channel receiver, (1) EW-D SK digital bodypack transmitter, (1) ME 2 omnidirectional lavalier microphone, (1) EW-D SKP digital plug-on transmitter (1) Mounting kit (cheeseplate, cold shoe, belt clip & screws), (1) BA 70 liion battery & (2) AA battery, (1) Locking 3.5 mm TRS plug to 3.5 mm TRS plug cable, (1) Locking 3.5 mm TRS plug to XLR plug cable and (1) USB-C charging cable, frequency range: S4-7 (630 - 662 MHz)",S4-7 (630 - 662 MHz),1829,1065.59,,,,615104376472,4044155270662,RO,85181000,1018,2.24,316,96,197,12.44,3.78,7.76,4,4409.56,9.72,332,246,290,13.07,9.69,11.42,https://images.salsify.com/image/upload/s--EfW1qDmC--/50f454c3d63a1eaa802971cb0aa4bd4adea1ff37.webp,https://images.salsify.com/image/upload/s--6coPfAI2--/c606726d40f61be076f3e066c90bf2addef275a9.jpg,https://images.salsify.com/image/upload/s--4ONTyzUY--/80487fb413e341f4a49b241139e30b7c471ea9d1.jpg,https://images.salsify.com/image/upload/s--BNBPuAJN--/ff671082895c97f9d18122c0882088479797a2de.jpg,https://images.salsify.com/image/upload/s--H0XnNkis--/4643d8b274922fa4ed00079b57b3e194ccbe53d8.jpg,https://images.salsify.com/image/upload/s--Lt66TN1l--/ddbf55fa0714c0172de118e491e9e7a0475e690b.jpg,,,,,https://www.sennheiser.com/globalassets/digizuite/49052-en-EW-DP_ENG-SET_Product Specification_v1.2_EN.pdf.pdf,https://www.sennheiser.com/globalassets/digizuite/49052-en-EW-DP_ENG-SET_Product Specification_v1.2_EN.pdf.pdf,https://www.sennheiser.com/globalassets/digizuite/49052-en-EW-DP_ENG-SET_Product Specification_v1.2_EN.pdf.pdf,https://www.sennheiser.com/globalassets/digizuite/49052-en-EW-DP_ENG-SET_Product Specification_v1.2_EN.pdf.pdf,https://www.sennheiser.com/globalassets/digizuite/49052-en-EW-DP_ENG-SET_Product Specification_v1.2_EN.pdf.pdf,"(1) EW-DP EK Portable single channel receiver, (1) EW-D SK Bodypack transmitter, (1) EW-DP SKP Plug-on transmitter, (1) ME 2 Lavalier microphone, (1) Mounting kit (cheese plate, cold shoe, belt clip and screws), (1) BA 70 Lithium Ion battery, (2) AA Battery, (1) Locking 3.5 mm TRS plug to 3.5 mm TRS plug cable, (1) Locking 3.5 mm TRS plug to XLR plug cable, (1) USB-C Charging cable, (1) Quick guide, (1) Safety guide, (1) Manufacturer declaration sheet"
Sennheiser,EW-DP ENG SET (S7-10),700045,"Portable digital wireless set. Includes (1) EW-DP EK digital portable single channel receiver, (1) EW-D SK digital bodypack transmitter, (1) ME 2 omnidirectional lavalier microphone, (1) EW-D SKP digital plug-on transmitter (1) Mounting kit (cheeseplate, cold shoe, belt clip & screws), (1) BA 70 liion battery & (2) AA battery, (1) Locking 3.5 mm TRS plug to 3.5 mm TRS plug cable, (1) Locking 3.5 mm TRS plug to XLR plug cable and (1) USB-C charging cable, frequency range: S7-10 (662 - 694 MHz)",S7-10 (662 - 694 MHz),1829,1065.59,,,,615104376625,4044155270723,RO,85181000,1018,2.24,316,96,197,12.44,3.78,7.76,4,4437.56,9.78,332,246,290,13.07,9.69,11.42,https://images.salsify.com/image/upload/s--EfW1qDmC--/50f454c3d63a1eaa802971cb0aa4bd4adea1ff37.webp,https://images.salsify.com/image/upload/s--6coPfAI2--/c606726d40f61be076f3e066c90bf2addef275a9.jpg,https://images.salsify.com/image/upload/s--4ONTyzUY--/80487fb413e341f4a49b241139e30b7c471ea9d1.jpg,https://images.salsify.com/image/upload/s--BNBPuAJN--/ff671082895c97f9d18122c0882088479797a2de.jpg,https://images.salsify.com/image/upload/s--H0XnNkis--/4643d8b274922fa4ed00079b57b3e194ccbe53d8.jpg,https://images.salsify.com/image/upload/s--Lt66TN1l--/ddbf55fa0714c0172de118e491e9e7a0475e690b.jpg,,,,,https://www.sennheiser.com/globalassets/digizuite/49052-en-EW-DP_ENG-SET_Product Specification_v1.2_EN.pdf.pdf,https://www.sennheiser.com/globalassets/digizuite/49052-en-EW-DP_ENG-SET_Product Specification_v1.2_EN.pdf.pdf,https://www.sennheiser.com/globalassets/digizuite/49052-en-EW-DP_ENG-SET_Product Specification_v1.2_EN.pdf.pdf,https://www.sennheiser.com/globalassets/digizuite/49052-en-EW-DP_ENG-SET_Product Specification_v1.2_EN.pdf.pdf,https://www.sennheiser.com/globalassets/digizuite/49052-en-EW-DP_ENG-SET_Product Specification_v1.2_EN.pdf.pdf,"(1) EW-DP EK Portable single channel receiver, (1) EW-D SK Bodypack transmitter, (1) EW-DP SKP Plug-on transmitter, (1) ME 2 Lavalier microphone, (1) Mounting kit (cheese plate, cold shoe, belt clip and screws), (1) BA 70 Lithium Ion battery, (2) AA Battery, (1) Locking 3.5 mm TRS plug to 3.5 mm TRS plug cable, (1) Locking 3.5 mm TRS plug to XLR plug cable, (1) USB-C Charging cable, (1) Quick guide, (1) Safety guide, (1) Manufacturer declaration sheet"
Sennheiser,EW-DP ME 2 SET (R1-6),700011,"Portable digital wireless set. Includes (1) EW-DP EK digital portable single channel receiver, (1) EW-D SK digital bodypack transmitter, (1) ME 2 omnidirectional lavalier microphone, (1) Mounting kit (cheeseplate, cold shoe, belt clip & screws), (1) BA 70 liion battery & (2) AA battery, (1) Locking 3.5 mm TRS plug to 3.5 mm TRS plug cable, (1) Locking 3.5 mm TRS plug to XLR plug cable and (1) USB-C charging cable, frequency range: R1-6 (520 - 576 MHz)",R1-6 (520 - 576 MHz),1429,832.55,,,,615104375819,4044155270457,RO,85181000,808,1.78,316,96,197,12.44,3.78,7.76,4,3613.56,7.97,332,246,290,13.07,9.69,11.42,https://images.salsify.com/image/upload/s--Xtuduxzn--/eaf4d8ca662cc4b07dc1d8810f24db3551b7002b.jpg,https://images.salsify.com/image/upload/s--ZI_sOJmt--/701e618340d4f06dc06e31ae939d407c66b75c11.jpg,https://images.salsify.com/image/upload/s--6coPfAI2--/c606726d40f61be076f3e066c90bf2addef275a9.jpg,https://images.salsify.com/image/upload/s--oGpPN0kJ--/5ceb7269a3e6c06a61cc30ec1bb4d470f08169aa.jpg,https://images.salsify.com/image/upload/s--q9Zpgy4d--/ad6471e9d483310cec192306927c2dca787444b0.jpg,https://images.salsify.com/image/upload/s--Lt66TN1l--/ddbf55fa0714c0172de118e491e9e7a0475e690b.jpg,https://images.salsify.com/image/upload/s--oBiWxTTi--/4d197f5d5f2549c2f9e4fc20fe24eb1cde51f35b.jpg,https://images.salsify.com/image/upload/s--Qal5mj84--/f926ed840dcec4807b3ce3670a55534f614394a6.jpg,Electret Condenser,Omnidirectional,https://www.sennheiser.com/globalassets/digizuite/40794-en-EW-DP_ME-2-SET_Product_Specification_v1.2_EN.pdf,https://www.sennheiser.com/globalassets/digizuite/40794-en-EW-DP_ME-2-SET_Product_Specification_v1.2_EN.pdf,https://www.sennheiser.com/globalassets/digizuite/40794-en-EW-DP_ME-2-SET_Product_Specification_v1.2_EN.pdf,https://www.sennheiser.com/globalassets/digizuite/40794-en-EW-DP_ME-2-SET_Product_Specification_v1.2_EN.pdf,https://www.sennheiser.com/globalassets/digizuite/40794-en-EW-DP_ME-2-SET_Product_Specification_v1.2_EN.pdf,"(1) EW-DP EK Portable single channel receiver, (1) EW-D SK Bodypack transmitter, (1) ME 2 Lavalier microphone, (1) Mounting kit (cheese plate, cold shoe, belt clip and screws), (1) BA 70 Rechargeable lithium ion battery, (2) AA Battery, (1) Locking 3.5 mm TRS plug to 3.5 mm TRS plug cable, (1) Locking 3.5 mm TRS plug to XLR plug cable, (1) USB-C Charging cable, (1) Quick guide, (1) Safety guide, (1) Manufacturer declaration sheet"
Sennheiser,EW-DP ME 2 SET (S4-7),700014,"Portable digital wireless set. Includes (1) EW-DP EK digital portable single channel receiver, (1) EW-D SK digital bodypack transmitter, (1) ME 2 omnidirectional lavalier microphone, (1) Mounting kit (cheeseplate, cold shoe, belt clip & screws), (1) BA 70 liion battery & (2) AA battery, (1) Locking 3.5 mm TRS plug to 3.5 mm TRS plug cable, (1) Locking 3.5 mm TRS plug to XLR plug cable and (1) USB-C charging cable, frequency range: S4-7 (630 - 662 MHz)",S4-7 (630 - 662 MHz),1429,832.55,,,,615104376403,4044155270631,RO,85181000,808,1.78,316,96,197,12.44,3.78,7.76,4,3609.56,7.96,332,246,290,13.07,9.69,11.42,https://images.salsify.com/image/upload/s--Xtuduxzn--/eaf4d8ca662cc4b07dc1d8810f24db3551b7002b.jpg,https://images.salsify.com/image/upload/s--ZI_sOJmt--/701e618340d4f06dc06e31ae939d407c66b75c11.jpg,https://images.salsify.com/image/upload/s--6coPfAI2--/c606726d40f61be076f3e066c90bf2addef275a9.jpg,https://images.salsify.com/image/upload/s--oGpPN0kJ--/5ceb7269a3e6c06a61cc30ec1bb4d470f08169aa.jpg,https://images.salsify.com/image/upload/s--q9Zpgy4d--/ad6471e9d483310cec192306927c2dca787444b0.jpg,https://images.salsify.com/image/upload/s--Lt66TN1l--/ddbf55fa0714c0172de118e491e9e7a0475e690b.jpg,https://images.salsify.com/image/upload/s--oBiWxTTi--/4d197f5d5f2549c2f9e4fc20fe24eb1cde51f35b.jpg,https://images.salsify.com/image/upload/s--Qal5mj84--/f926ed840dcec4807b3ce3670a55534f614394a6.jpg,Electret Condenser,Omnidirectional,https://www.sennheiser.com/globalassets/digizuite/40794-en-EW-DP_ME-2-SET_Product_Specification_v1.2_EN.pdf,https://www.sennheiser.com/globalassets/digizuite/40794-en-EW-DP_ME-2-SET_Product_Specification_v1.2_EN.pdf,https://www.sennheiser.com/globalassets/digizuite/40794-en-EW-DP_ME-2-SET_Product_Specification_v1.2_EN.pdf,https://www.sennheiser.com/globalassets/digizuite/40794-en-EW-DP_ME-2-SET_Product_Specification_v1.2_EN.pdf,https://www.sennheiser.com/globalassets/digizuite/40794-en-EW-DP_ME-2-SET_Product_Specification_v1.2_EN.pdf,"(1) EW-DP EK Portable single channel receiver, (1) EW-D SK Bodypack transmitter, (1) ME 2 Lavalier microphone, (1) Mounting kit (cheese plate, cold shoe, belt clip and screws), (1) BA 70 Rechargeable lithium ion battery, (2) AA Battery, (1) Locking 3.5 mm TRS plug to 3.5 mm TRS plug cable, (1) Locking 3.5 mm TRS plug to XLR plug cable, (1) USB-C Charging cable, (1) Quick guide, (1) Safety guide, (1) Manufacturer declaration sheet"
Sennheiser,EW-DP ME 2 SET (S7-10),700015,"Portable digital wireless set. Includes (1) EW-DP EK digital portable single channel receiver, (1) EW-D SK digital bodypack transmitter, (1) ME 2 omnidirectional lavalier microphone, (1) Mounting kit (cheeseplate, cold shoe, belt clip & screws), (1) BA 70 liion battery & (2) AA battery, (1) Locking 3.5 mm TRS plug to 3.5 mm TRS plug cable, (1) Locking 3.5 mm TRS plug to XLR plug cable and (1) USB-C charging cable, frequency range: S7-10 (662 - 694 MHz)",S7-10 (662 - 694 MHz),1429,832.55,,,,615104376519,4044155270693,RO,85181000,808,1.78,316,96,197,12.44,3.78,7.76,4,3617.56,7.98,332,246,290,13.07,9.69,11.42,https://images.salsify.com/image/upload/s--Xtuduxzn--/eaf4d8ca662cc4b07dc1d8810f24db3551b7002b.jpg,https://images.salsify.com/image/upload/s--ZI_sOJmt--/701e618340d4f06dc06e31ae939d407c66b75c11.jpg,https://images.salsify.com/image/upload/s--6coPfAI2--/c606726d40f61be076f3e066c90bf2addef275a9.jpg,https://images.salsify.com/image/upload/s--oGpPN0kJ--/5ceb7269a3e6c06a61cc30ec1bb4d470f08169aa.jpg,https://images.salsify.com/image/upload/s--q9Zpgy4d--/ad6471e9d483310cec192306927c2dca787444b0.jpg,https://images.salsify.com/image/upload/s--Lt66TN1l--/ddbf55fa0714c0172de118e491e9e7a0475e690b.jpg,https://images.salsify.com/image/upload/s--oBiWxTTi--/4d197f5d5f2549c2f9e4fc20fe24eb1cde51f35b.jpg,https://images.salsify.com/image/upload/s--Qal5mj84--/f926ed840dcec4807b3ce3670a55534f614394a6.jpg,Electret Condenser,Omnidirectional,https://www.sennheiser.com/globalassets/digizuite/40794-en-EW-DP_ME-2-SET_Product_Specification_v1.2_EN.pdf,https://www.sennheiser.com/globalassets/digizuite/40794-en-EW-DP_ME-2-SET_Product_Specification_v1.2_EN.pdf,https://www.sennheiser.com/globalassets/digizuite/40794-en-EW-DP_ME-2-SET_Product_Specification_v1.2_EN.pdf,https://www.sennheiser.com/globalassets/digizuite/40794-en-EW-DP_ME-2-SET_Product_Specification_v1.2_EN.pdf,https://www.sennheiser.com/globalassets/digizuite/40794-en-EW-DP_ME-2-SET_Product_Specification_v1.2_EN.pdf,"(1) EW-DP EK Portable single channel receiver, (1) EW-D SK Bodypack transmitter, (1) ME 2 Lavalier microphone, (1) Mounting kit (cheese plate, cold shoe, belt clip and screws), (1) BA 70 Rechargeable lithium ion battery, (2) AA Battery, (1) Locking 3.5 mm TRS plug to 3.5 mm TRS plug cable, (1) Locking 3.5 mm TRS plug to XLR plug cable, (1) USB-C Charging cable, (1) Quick guide, (1) Safety guide, (1) Manufacturer declaration sheet"
Sennheiser,EW-DP ME 4 SET (R1-6),700021,"Portable digital wireless set. Includes (1) EW-DP EK digital portable single channel receiver, (1) EW-D SK digital bodypack transmitter, (1) ME 4 cardioid lavalier microphone, (1) Mounting kit (cheeseplate, cold shoe, belt clip & screws), (1) BA 70 liion battery & (2) AA battery, (1) Locking 3.5 mm TRS plug to 3.5 mm TRS plug cable, (1) Locking 3.5 mm TRS plug to XLR plug cable and (1) USB-C charging cable, frequency range: R1-6 (520 - 576 MHz)",R1-6 (520 - 576 MHz),1429,832.55,,,,615104375826,4044155270464,RO,85181000,804,1.77,316,96,197,12.44,3.78,7.76,4,3585.56,7.9,332,246,290,13.07,9.69,11.42,https://images.salsify.com/image/upload/s--xkRr2oI9--/8ed70f2815cf36ba8f4fbc31f67b07b559521601.jpg,https://images.salsify.com/image/upload/s--Hpcy1-Cy--/90405ab4d3bc75f658f6337de4cad1c06648835a.jpg,https://images.salsify.com/image/upload/s--6coPfAI2--/c606726d40f61be076f3e066c90bf2addef275a9.jpg,https://images.salsify.com/image/upload/s--oGpPN0kJ--/5ceb7269a3e6c06a61cc30ec1bb4d470f08169aa.jpg,https://images.salsify.com/image/upload/s--q9Zpgy4d--/ad6471e9d483310cec192306927c2dca787444b0.jpg,https://images.salsify.com/image/upload/s--yTuhxKn_--/2ef61ee96ab34fcb4848493489e413e055badb16.jpg,https://images.salsify.com/image/upload/s--oBiWxTTi--/4d197f5d5f2549c2f9e4fc20fe24eb1cde51f35b.jpg,https://images.salsify.com/image/upload/s--Qal5mj84--/f926ed840dcec4807b3ce3670a55534f614394a6.jpg,Electret Condenser,Cardioid,https://www.sennheiser.com/globalassets/digizuite/40798-en-EW-DP_ME-4-SET_Product_Specification_v1.2_EN.pdf,https://www.sennheiser.com/globalassets/digizuite/40798-en-EW-DP_ME-4-SET_Product_Specification_v1.2_EN.pdf,https://www.sennheiser.com/globalassets/digizuite/40798-en-EW-DP_ME-4-SET_Product_Specification_v1.2_EN.pdf,https://www.sennheiser.com/globalassets/digizuite/40798-en-EW-DP_ME-4-SET_Product_Specification_v1.2_EN.pdf,https://www.sennheiser.com/globalassets/digizuite/40798-en-EW-DP_ME-4-SET_Product_Specification_v1.2_EN.pdf,"(1) EW-DP EK Portable single channel receiver, (1) EW-D SK Bodypack transmitter, (1) ME 4 Lavalier microphone, (1) Mounting kit (cheese plate, cold shoe, belt clip and screws), (1) BA 70 Rechargeable lithium ion battery, (2) AA Battery, (1) Locking 3.5 mm TRS plug to 3.5 mm TRS plug cable, (1) Locking 3.5 mm TRS plug to XLR plug cable, (1) USB-C Charging cable, (1) Quick guide, (1) Safety guide, (1) Manufacturer declaration sheet"
Sennheiser,EW-DP ME 4 SET (S4-7),700024,"Portable digital wireless set. Includes (1) EW-DP EK digital portable single channel receiver, (1) EW-D SK digital bodypack transmitter, (1) ME 4 cardioid lavalier microphone, (1) Mounting kit (cheeseplate, cold shoe, belt clip & screws), (1) BA 70 liion battery & (2) AA battery, (1) Locking 3.5 mm TRS plug to 3.5 mm TRS plug cable, (1) Locking 3.5 mm TRS plug to XLR plug cable and (1) USB-C charging cable, frequency range: S4-7 (630 - 662 MHz)",S4-7 (630 - 662 MHz),1429,832.55,,,,615104376410,4044155270648,RO,85181000,804,1.77,316,96,197,12.44,3.78,7.76,4,3605.56,7.95,332,246,290,13.07,9.69,11.42,https://images.salsify.com/image/upload/s--xkRr2oI9--/8ed70f2815cf36ba8f4fbc31f67b07b559521601.jpg,https://images.salsify.com/image/upload/s--Hpcy1-Cy--/90405ab4d3bc75f658f6337de4cad1c06648835a.jpg,https://images.salsify.com/image/upload/s--6coPfAI2--/c606726d40f61be076f3e066c90bf2addef275a9.jpg,https://images.salsify.com/image/upload/s--oGpPN0kJ--/5ceb7269a3e6c06a61cc30ec1bb4d470f08169aa.jpg,https://images.salsify.com/image/upload/s--q9Zpgy4d--/ad6471e9d483310cec192306927c2dca787444b0.jpg,https://images.salsify.com/image/upload/s--yTuhxKn_--/2ef61ee96ab34fcb4848493489e413e055badb16.jpg,https://images.salsify.com/image/upload/s--oBiWxTTi--/4d197f5d5f2549c2f9e4fc20fe24eb1cde51f35b.jpg,https://images.salsify.com/image/upload/s--Qal5mj84--/f926ed840dcec4807b3ce3670a55534f614394a6.jpg,Electret Condenser,Cardioid,https://www.sennheiser.com/globalassets/digizuite/40798-en-EW-DP_ME-4-SET_Product_Specification_v1.2_EN.pdf,https://www.sennheiser.com/globalassets/digizuite/40798-en-EW-DP_ME-4-SET_Product_Specification_v1.2_EN.pdf,https://www.sennheiser.com/globalassets/digizuite/40798-en-EW-DP_ME-4-SET_Product_Specification_v1.2_EN.pdf,https://www.sennheiser.com/globalassets/digizuite/40798-en-EW-DP_ME-4-SET_Product_Specification_v1.2_EN.pdf,https://www.sennheiser.com/globalassets/digizuite/40798-en-EW-DP_ME-4-SET_Product_Specification_v1.2_EN.pdf,"(1) EW-DP EK Portable single channel receiver, (1) EW-D SK Bodypack transmitter, (1) ME 4 Lavalier microphone, (1) Mounting kit (cheese plate, cold shoe, belt clip and screws), (1) BA 70 Rechargeable lithium ion battery, (2) AA Battery, (1) Locking 3.5 mm TRS plug to 3.5 mm TRS plug cable, (1) Locking 3.5 mm TRS plug to XLR plug cable, (1) USB-C Charging cable, (1) Quick guide, (1) Safety guide, (1) Manufacturer declaration sheet"
Sennheiser,EW-DP ME 4 SET (S7-10),700025,"Portable digital wireless set. Includes (1) EW-DP EK digital portable single channel receiver, (1) EW-D SK digital bodypack transmitter, (1) ME 4 cardioid lavalier microphone, (1) Mounting kit (cheeseplate, cold shoe, belt clip & screws), (1) BA 70 liion battery & (2) AA battery, (1) Locking 3.5 mm TRS plug to 3.5 mm TRS plug cable, (1) Locking 3.5 mm TRS plug to XLR plug cable and (1) USB-C charging cable, frequency range: S7-10 (662 - 694 MHz)",S7-10 (662 - 694 MHz),1429,832.55,,,,615104376533,4044155270709,RO,85181000,804,1.77,316,96,197,12.44,3.78,7.76,4,3617.56,7.98,332,246,290,13.07,9.69,11.42,https://images.salsify.com/image/upload/s--xkRr2oI9--/8ed70f2815cf36ba8f4fbc31f67b07b559521601.jpg,https://images.salsify.com/image/upload/s--Hpcy1-Cy--/90405ab4d3bc75f658f6337de4cad1c06648835a.jpg,https://images.salsify.com/image/upload/s--6coPfAI2--/c606726d40f61be076f3e066c90bf2addef275a9.jpg,https://images.salsify.com/image/upload/s--oGpPN0kJ--/5ceb7269a3e6c06a61cc30ec1bb4d470f08169aa.jpg,https://images.salsify.com/image/upload/s--q9Zpgy4d--/ad6471e9d483310cec192306927c2dca787444b0.jpg,https://images.salsify.com/image/upload/s--yTuhxKn_--/2ef61ee96ab34fcb4848493489e413e055badb16.jpg,https://images.salsify.com/image/upload/s--oBiWxTTi--/4d197f5d5f2549c2f9e4fc20fe24eb1cde51f35b.jpg,https://images.salsify.com/image/upload/s--Qal5mj84--/f926ed840dcec4807b3ce3670a55534f614394a6.jpg,Electret Condenser,Cardioid,https://www.sennheiser.com/globalassets/digizuite/40798-en-EW-DP_ME-4-SET_Product_Specification_v1.2_EN.pdf,https://www.sennheiser.com/globalassets/digizuite/40798-en-EW-DP_ME-4-SET_Product_Specification_v1.2_EN.pdf,https://www.sennheiser.com/globalassets/digizuite/40798-en-EW-DP_ME-4-SET_Product_Specification_v1.2_EN.pdf,https://www.sennheiser.com/globalassets/digizuite/40798-en-EW-DP_ME-4-SET_Product_Specification_v1.2_EN.pdf,https://www.sennheiser.com/globalassets/digizuite/40798-en-EW-DP_ME-4-SET_Product_Specification_v1.2_EN.pdf,"(1) EW-DP EK Portable single channel receiver, (1) EW-D SK Bodypack transmitter, (1) ME 4 Lavalier microphone, (1) Mounting kit (cheese plate, cold shoe, belt clip and screws), (1) BA 70 Rechargeable lithium ion battery, (2) AA Battery, (1) Locking 3.5 mm TRS plug to 3.5 mm TRS plug cable, (1) Locking 3.5 mm TRS plug to XLR plug cable, (1) USB-C Charging cable, (1) Quick guide, (1) Safety guide, (1) Manufacturer declaration sheet"
Sennheiser,EW-DP MOUNTING PLATE,700005,"Cheese plate with built-in magnets for versatile mounting of EW-D EK portable receiver. Includes mounting screws, cold shoe mount, allen key, and belt clip.",,39.95,23.28,,,,615104377110,4044155270938,CN,76169990,50,0.11,225,"0,2",135,8.86,0.01,5.31,20,1630.56,3.59,194,178,149,7.64,7.01,5.87,https://images.salsify.com/image/upload/s--qe5d7ViB--/aa1d2d1ba2c9e10b787b72ec96c5c305428fb552.jpg,https://images.salsify.com/image/upload/s--502Y0Va9--/3d4544fab210e1175828447a7d437eb2af338b44.jpg,https://images.salsify.com/image/upload/s--FqeRAc0U--/4037cf66ccf9f0aa44421f81a98eaac7a2ae0cc1.jpg,https://images.salsify.com/image/upload/s--ccAjOBHT--/56b5afe69bc096fcaa279e7bd8d253c0ac594c32.jpg,,,,,,,,,,,,(1) EW-DP MOUNTING PLATE
Sennheiser,EW-DP SKP (R1-6),700081,"Digital plug-on transmitter with +48V phantom power, 3.5 mm input and internal recording via microSD (not included). Includes (2) AA batteries, frequency range: R1-6 (520 - 576 MHz)",R1-6 (520 - 576 MHz),709,413.07,,,,615104375987,4044155270501,RO,85176990,163,0.36,350,73,81,13.78,2.87,3.19,4,1807.56,3.98,377,114,329,14.84,4.49,12.95,https://images.salsify.com/image/upload/s--4ONTyzUY--/80487fb413e341f4a49b241139e30b7c471ea9d1.jpg,https://images.salsify.com/image/upload/s--BNBPuAJN--/ff671082895c97f9d18122c0882088479797a2de.jpg,https://images.salsify.com/image/upload/s--6DSNSf_R--/f67e4ace20fe0daa32a35e909e59d922c1e94bc1.jpg,,,,,,,,https://www.sennheiser.com/globalassets/digizuite/49005-en-EW-DP_SKP_Product Specification_v1.1_EN.pdf.pdf,https://www.sennheiser.com/globalassets/digizuite/49005-en-EW-DP_SKP_Product Specification_v1.1_EN.pdf.pdf,https://www.sennheiser.com/globalassets/digizuite/49005-en-EW-DP_SKP_Product Specification_v1.1_EN.pdf.pdf,https://www.sennheiser.com/globalassets/digizuite/49005-en-EW-DP_SKP_Product Specification_v1.1_EN.pdf.pdf,https://www.sennheiser.com/globalassets/digizuite/49005-en-EW-DP_SKP_Product Specification_v1.1_EN.pdf.pdf,"(1) EW-DP SKP Plug-on transmitter, (2) AA Battery, (1) Quick guide, (1) Safety guide, (1) Manufacturer declaration sheet"
Sennheiser,EW-DP SKP (S1-7),700083,"Digital plug-on transmitter with +48V phantom power, 3.5 mm input and internal recording via microSD (not included). Includes (2) AA batteries, frequency range: S1-7 (606 - 662 MHz)",S1-7 (606 - 662 MHz),709,413.07,,,,615104376397,4044155270624,RO,85176990,163,0.36,350,73,81,13.78,2.87,3.19,4,1803.56,3.98,377,114,329,14.84,4.49,12.95,https://images.salsify.com/image/upload/s--4ONTyzUY--/80487fb413e341f4a49b241139e30b7c471ea9d1.jpg,https://images.salsify.com/image/upload/s--BNBPuAJN--/ff671082895c97f9d18122c0882088479797a2de.jpg,https://images.salsify.com/image/upload/s--6DSNSf_R--/f67e4ace20fe0daa32a35e909e59d922c1e94bc1.jpg,,,,,,,,https://www.sennheiser.com/globalassets/digizuite/49005-en-EW-DP_SKP_Product Specification_v1.1_EN.pdf.pdf,https://www.sennheiser.com/globalassets/digizuite/49005-en-EW-DP_SKP_Product Specification_v1.1_EN.pdf.pdf,https://www.sennheiser.com/globalassets/digizuite/49005-en-EW-DP_SKP_Product Specification_v1.1_EN.pdf.pdf,https://www.sennheiser.com/globalassets/digizuite/49005-en-EW-DP_SKP_Product Specification_v1.1_EN.pdf.pdf,https://www.sennheiser.com/globalassets/digizuite/49005-en-EW-DP_SKP_Product Specification_v1.1_EN.pdf.pdf,"(1) EW-DP SKP Plug-on transmitter, (2) AA Battery, (1) Quick guide, (1) Safety guide, (1) Manufacturer declaration sheet"
Sennheiser,EW-DP SKP (S4-7),700084,"Digital plug-on transmitter with +48V phantom power, 3.5 mm input and internal recording via microSD (not included). Includes (2) AA batteries, frequency range: S4-7 (630 - 662 MHz)",S4-7 (630 - 662 MHz),709,413.07,,,,615104376502,4044155270686,RO,85176990,163,0.36,350,73,81,13.78,2.87,3.19,4,1803.56,3.98,377,114,329,14.84,4.49,12.95,https://images.salsify.com/image/upload/s--4ONTyzUY--/80487fb413e341f4a49b241139e30b7c471ea9d1.jpg,https://images.salsify.com/image/upload/s--BNBPuAJN--/ff671082895c97f9d18122c0882088479797a2de.jpg,https://images.salsify.com/image/upload/s--6DSNSf_R--/f67e4ace20fe0daa32a35e909e59d922c1e94bc1.jpg,,,,,,,,https://www.sennheiser.com/globalassets/digizuite/49005-en-EW-DP_SKP_Product Specification_v1.1_EN.pdf.pdf,https://www.sennheiser.com/globalassets/digizuite/49005-en-EW-DP_SKP_Product Specification_v1.1_EN.pdf.pdf,https://www.sennheiser.com/globalassets/digizuite/49005-en-EW-DP_SKP_Product Specification_v1.1_EN.pdf.pdf,https://www.sennheiser.com/globalassets/digizuite/49005-en-EW-DP_SKP_Product Specification_v1.1_EN.pdf.pdf,https://www.sennheiser.com/globalassets/digizuite/49005-en-EW-DP_SKP_Product Specification_v1.1_EN.pdf.pdf,"(1) EW-DP SKP Plug-on transmitter, (2) AA Battery, (1) Quick guide, (1) Safety guide, (1) Manufacturer declaration sheet"
Sennheiser,EW-DP SKP (S7-10),700085,"Digital plug-on transmitter with +48V phantom power, 3.5 mm input and internal recording via microSD (not included). Includes (2) AA batteries, frequency range: S7-10 (662 - 694 MHz)",S7-10 (662 - 694 MHz),709,413.07,,,,615104376663,4044155270747,RO,85176990,163,0.36,350,73,81,13.78,2.87,3.19,4,1811.56,3.99,377,114,329,14.84,4.49,12.95,https://images.salsify.com/image/upload/s--4ONTyzUY--/80487fb413e341f4a49b241139e30b7c471ea9d1.jpg,https://images.salsify.com/image/upload/s--BNBPuAJN--/ff671082895c97f9d18122c0882088479797a2de.jpg,https://images.salsify.com/image/upload/s--6DSNSf_R--/f67e4ace20fe0daa32a35e909e59d922c1e94bc1.jpg,,,,,,,,https://www.sennheiser.com/globalassets/digizuite/49005-en-EW-DP_SKP_Product Specification_v1.1_EN.pdf.pdf,https://www.sennheiser.com/globalassets/digizuite/49005-en-EW-DP_SKP_Product Specification_v1.1_EN.pdf.pdf,https://www.sennheiser.com/globalassets/digizuite/49005-en-EW-DP_SKP_Product Specification_v1.1_EN.pdf.pdf,https://www.sennheiser.com/globalassets/digizuite/49005-en-EW-DP_SKP_Product Specification_v1.1_EN.pdf.pdf,https://www.sennheiser.com/globalassets/digizuite/49005-en-EW-DP_SKP_Product Specification_v1.1_EN.pdf.pdf,"(1) EW-DP SKP Plug-on transmitter, (2) AA Battery, (1) Quick guide, (1) Safety guide, (1) Manufacturer declaration sheet"
Sennheiser,EW-DP SKP POUCH,700063,Protective pouch for EW-D SKP plug-on transmitter,,39.95,23.28,,,,615104378445,4044155270969,CN,42029298,45,0.10,57,100,50,2.24,3.94,1.97,120,6400.0,14.11,535,278,325,21.06,10.94,12.80,https://images.salsify.com/image/upload/s--LkPlQQxX--/2698b08d9b951368750ed9f2b328a7a916048ce6.jpg,,,,,,,,,,,,,,,(1) EW-DP SKP POUCH
Sennheiser,EW-DX 835-S SET (S4-10),509306,"Digital wireless handheld set. Includes (1) EW-DX EM 2 receiver, (2) EW-DX SKM-S handheld transmitter, (2) MMD 835 capsules and (2) BA 70 batteries, frequency range: S4-10 (630 - 693.8 MHz)",S4-10 (630 - 693.8 MHz),5099,2970.72,,,,615104360846,4044155259841,RO,85181000,1000,2.20,405,73,350,15.94,2.87,13.78,3,11551.56,25.47,495,258,380,19.49,10.16,14.96,https://images.salsify.com/image/upload/s--MXh3WjAJ--/9ea0aebb4a06015703aedf05131a2e2bc2743d4a.jpg,https://images.salsify.com/image/upload/s--CuyB64SL--/7e64ae1c2efbeb87daef0df2c3fe88ab9733c48a.jpg,https://images.salsify.com/image/upload/s--XSejSo5Z--/70f0476bc41364387959a31cdd5e34d583b206ef.jpg,https://images.salsify.com/image/upload/s--nNZXo4so--/adb9fceec9cf486293171302d1b8f82a190142a7.jpg,https://images.salsify.com/image/upload/s--YBZBhYVp--/7e0877a8dfd3876c1a23ba784e4c864b7b77b6a5.jpg,,,,Dynamic,Cardioid,https://www.sennheiser.com/globalassets/digizuite/40803-en-EW-DX_835-S_SET_Product_Specification_v1.3_EN.pdf,https://www.sennheiser.com/globalassets/digizuite/40803-en-EW-DX_835-S_SET_Product_Specification_v1.3_EN.pdf,https://www.sennheiser.com/globalassets/digizuite/40803-en-EW-DX_835-S_SET_Product_Specification_v1.3_EN.pdf,https://www.sennheiser.com/globalassets/digizuite/40803-en-EW-DX_835-S_SET_Product_Specification_v1.3_EN.pdf,https://www.sennheiser.com/globalassets/digizuite/40803-en-EW-DX_835-S_SET_Product_Specification_v1.3_EN.pdf,"(1) EW-DX EM 2 Rack receiver, (2) EW-DX SKM-S Handheld transmitter, (2) MMD 835 Microphone capsule, (1) EW-D Power supply with country adapters, (1) BA 70 Rechargeable lithium ion battery, (2) MZQ 1 Microphone clip, (2) Rod antennas, (1) GA 3 Rackmount kit, (4) Rubber feet, (1) Quick guide, (1) Safety guide, (1) Manufacturer declaration sheet"
Sennheiser,EW-DX EM 2 (S4-10),509348,"2 channel half-rack (9,5Ò) non-Dante¨ receiver. Includes (1) EW-DX EM 2, (2) 1/4 wave antenna, (1) rack mount kit, and (1) EW-D power supply, frequency range: S4-10 (630 - 693.8 MHz)",S4-10 (630 - 693.8 MHz),2449,1426.81,,,,615104361515,4044155260267,RO,85176930,1000,2.20,405,73,350,15.94,2.87,13.78,3,8675.56,19.13,435,258,375,17.13,10.16,14.76,https://images.salsify.com/image/upload/s--MTVkaWeh--/c4131fa69ee0a70c898bc681521f98ad570fd500.jpg,https://images.salsify.com/image/upload/s--yUA5WkMy--/e11f0c3f1766781d6ff98ce681daa51e18bf4763.png,,,,,,,,,https://www.sennheiser.com/globalassets/digizuite/40808-en-EW-DX_EM2_Product_Specification_v1.4_EN.pdf,https://www.sennheiser.com/globalassets/digizuite/40808-en-EW-DX_EM2_Product_Specification_v1.4_EN.pdf,https://www.sennheiser.com/globalassets/digizuite/40808-en-EW-DX_EM2_Product_Specification_v1.4_EN.pdf,https://www.sennheiser.com/globalassets/digizuite/40808-en-EW-DX_EM2_Product_Specification_v1.4_EN.pdf,https://www.sennheiser.com/globalassets/digizuite/40808-en-EW-DX_EM2_Product_Specification_v1.4_EN.pdf,"(1) EW-DX EM 2 Rack receiver, (1) GA 3 Rackmount set, (1) EW-D Power supply with country adapters, (2) Rod antennas, (4) Rubber feet, (1) Quick guide, (1) Safety guide, (1) Manufacturer declaration sheet"
Sennheiser,EW-DX EM 2 DANTE (S4-10),509363,"2 channel half-rack (9,5Ò) Dante¨ receiver. Includes (1) EW-DX EM 2 DANTE, (2) 1/4 wave antenna, (1) rack mount kit, and (1) EW-D power supply, frequency range: S4-10 (630 - 693.8 MHz)",S4-10 (630 - 693.8 MHz),3049,1776.37,,,,615104361744,4044155260410,RO,85176930,1000,2.20,405,75,360,15.94,2.95,14.17,3,8681.56,19.14,435,258,375,17.13,10.16,14.76,https://images.salsify.com/image/upload/s--YaCRo7U4--/5e9fdf50dc3a22f18d34329e3260871b51ed4821.jpg,https://images.salsify.com/image/upload/s--gXlHUd03--/90ad0753f78746a46c9cc934cbbcc7d12999524e.jpg,,,,,,,,,https://www.sennheiser.com/globalassets/digizuite/44691-en-EW-DX_EM2_Dante_Product_Specification_v1.1_EN.pdf,https://www.sennheiser.com/globalassets/digizuite/44691-en-EW-DX_EM2_Dante_Product_Specification_v1.1_EN.pdf,https://www.sennheiser.com/globalassets/digizuite/44691-en-EW-DX_EM2_Dante_Product_Specification_v1.1_EN.pdf,https://www.sennheiser.com/globalassets/digizuite/44691-en-EW-DX_EM2_Dante_Product_Specification_v1.1_EN.pdf,https://www.sennheiser.com/globalassets/digizuite/44691-en-EW-DX_EM2_Dante_Product_Specification_v1.1_EN.pdf,"(1) EW-DX EM 2 Rack receiver, (1) GA 3 Rackmount set, (1) EW-D Power supply with country adapters, (2) Rod antennas, (4) Rubber feet, (1) Quick guide, (1) Safety guide, (1) Manufacturer declaration sheet"
Sennheiser,EW-DX EM 4 DANTE (S4-10),509376,"4 channel digital full-rack (19Ò) receiver with Dante¨  Includes (1) EW-DX EM 4 DANTE, (2) 1/4 wave antennas, (2) BNC antenna cables (50 ½ for daisy-chaining) and (1) mains cable, frequency range: S4-10 (630 - 693.8 MHz)",S4-10 (630 - 693.8 MHz),7149,4165.07,,,,615104361980,4044155260540,RO,85176930,4560,10.04,550,175,435,21.65,6.89,17.13,0,0.0,0.0,0,0,0,0.00,0.00,0.00,https://images.salsify.com/image/upload/s--We7UXEm3--/753d72c108988ddf945f1c4318a3c061ca21cae0.jpg,https://images.salsify.com/image/upload/s--KtAKOIp---/5311c0fa6c35a216957b46829aae2b8c27698ec1.jpg,,,,,,,,,https://www.sennheiser.com/globalassets/digizuite/46627-en-EW-DX_EM4_Dante_Product_Specification_v1.0_EN.pdf,https://www.sennheiser.com/globalassets/digizuite/46627-en-EW-DX_EM4_Dante_Product_Specification_v1.0_EN.pdf,https://www.sennheiser.com/globalassets/digizuite/46627-en-EW-DX_EM4_Dante_Product_Specification_v1.0_EN.pdf,https://www.sennheiser.com/globalassets/digizuite/46627-en-EW-DX_EM4_Dante_Product_Specification_v1.0_EN.pdf,https://www.sennheiser.com/globalassets/digizuite/46627-en-EW-DX_EM4_Dante_Product_Specification_v1.0_EN.pdf,"(1) EW-DX EM 4 Rack receiver, (2) Rod antennas, (2) BNC Antenna cables (50 ½) for daisy-chaining, (3) Mains cables (EU, UK or US plug), (1) Quick guide, (1) Safety guide, (1) Manufacturer declaration sheet"
Sennheiser,EW-DX MKE 2 SET (S4-10),509320,"Digital wireless lavalier set. Includes (1) EW-DX EM 2 receiver, (2) EW-DX SK bodypack transmitter, (2) MKE 2 lavaliers and (2) BA 70 batteries, frequency range: S4-10 (630 - 693.8 MHz)",S4-10 (630 - 693.8 MHz),6129,3570.81,,,,615104361041,4044155259988,RO,85181000,1000,2.20,405,44,350,15.94,1.73,13.78,3,9731.56,21.45,435,258,375,17.13,10.16,14.76,https://images.salsify.com/image/upload/s--Fr6lzSI0--/8b7b2500cc6105fb1f99a68bd013382b4a7cc1ff.jpg,https://images.salsify.com/image/upload/s--CuyB64SL--/7e64ae1c2efbeb87daef0df2c3fe88ab9733c48a.jpg,https://images.salsify.com/image/upload/s--XSejSo5Z--/70f0476bc41364387959a31cdd5e34d583b206ef.jpg,https://images.salsify.com/image/upload/s--F-8FYLUf--/985ec38d2d94a19ca29ee918580df058b85c8905.jpg,https://images.salsify.com/image/upload/s--c3N_aDTY--/8dfe4ea076debe65290f0500f59045e1426c4dd6.jpg,https://images.salsify.com/image/upload/s--ctUDfHTs--/dcbc8b061042ab12100294bbb96d31e4ab920f66.jpg,https://images.salsify.com/image/upload/s--2huhOogd--/2d441bcb476ce062c0c377e749e06743dea04ba9.jpg,https://images.salsify.com/image/upload/s--ASVwR-9v--/14a9b79c9fc74238cd3d6318e8173fd7ad5a17e5.jpg,Electret Condenser,Omnidirectional,https://www.sennheiser.com/globalassets/digizuite/40818-en-EW-DX_MKE2_SET_Product_Specification_1.5_EN.pdf,https://www.sennheiser.com/globalassets/digizuite/40818-en-EW-DX_MKE2_SET_Product_Specification_1.5_EN.pdf,https://www.sennheiser.com/globalassets/digizuite/40818-en-EW-DX_MKE2_SET_Product_Specification_1.5_EN.pdf,https://www.sennheiser.com/globalassets/digizuite/40818-en-EW-DX_MKE2_SET_Product_Specification_1.5_EN.pdf,https://www.sennheiser.com/globalassets/digizuite/40818-en-EW-DX_MKE2_SET_Product_Specification_1.5_EN.pdf,"(1) EW-DX EM 2 Rack receiver, (1) EW-DX SK Bodypack transmitter, (2) MKE 2 Lavalier microphone, (1) EW-D Power supply with country adapters, (1) BA 70 Rechargeable lithium ion battery, (2) Rod antennas, (1) GA 3 Rackmount kit, (4) Rubber feet, (1) Quick guide, (1) Safety guide, (1) Manufacturer declaration sheet"
Sennheiser,EW-DX MKE 2-835-S SET (S4-10),509334,"Digital wireless lavalier/handheld set. Includes (1) EW-DX EM 2 receiver, (1) SKM-S handheld transmitter, (1) EW-DK SK bodypack transmitter, (1) MKE 2 lavalier, (1) MMD 835 capsule and (2) BA 70 batteries, frequency range: S4-10 (630 - 693.8 MHz)",S4-10 (630 - 693.8 MHz),5599,3262.03,,,,615104361263,4044155260120,RO,85181000,1000,2.20,405,73,350,15.94,2.87,13.78,3,10367.56,22.86,435,258,375,17.13,10.16,14.76,https://images.salsify.com/image/upload/s--J0oCJGzK--/0d483ac4049b5fce03013d8c33d9aad3acb4ad92.jpg,https://images.salsify.com/image/upload/s--CuyB64SL--/7e64ae1c2efbeb87daef0df2c3fe88ab9733c48a.jpg,https://images.salsify.com/image/upload/s--XSejSo5Z--/70f0476bc41364387959a31cdd5e34d583b206ef.jpg,https://images.salsify.com/image/upload/s--nNZXo4so--/adb9fceec9cf486293171302d1b8f82a190142a7.jpg,https://images.salsify.com/image/upload/s--YBZBhYVp--/7e0877a8dfd3876c1a23ba784e4c864b7b77b6a5.jpg,https://images.salsify.com/image/upload/s--F-8FYLUf--/985ec38d2d94a19ca29ee918580df058b85c8905.jpg,https://images.salsify.com/image/upload/s--c3N_aDTY--/8dfe4ea076debe65290f0500f59045e1426c4dd6.jpg,https://images.salsify.com/image/upload/s--ctUDfHTs--/dcbc8b061042ab12100294bbb96d31e4ab920f66.jpg,Electret Condenser,Omnidirectional,https://www.sennheiser.com/globalassets/digizuite/40814-en-EW-DX_MKE2_835-S_SET_Product_Specification_v1.5_EN.pdf,https://www.sennheiser.com/globalassets/digizuite/40814-en-EW-DX_MKE2_835-S_SET_Product_Specification_v1.5_EN.pdf,https://www.sennheiser.com/globalassets/digizuite/40814-en-EW-DX_MKE2_835-S_SET_Product_Specification_v1.5_EN.pdf,https://www.sennheiser.com/globalassets/digizuite/40814-en-EW-DX_MKE2_835-S_SET_Product_Specification_v1.5_EN.pdf,https://www.sennheiser.com/globalassets/digizuite/40814-en-EW-DX_MKE2_835-S_SET_Product_Specification_v1.5_EN.pdf,"(1) EW-DX EM 2 Rack receiver, (1) EW-DX SKM Handheld transmitter, (2) MMD 835 Microphone capsule, (1) EW-DX SK Bodypack transmitter, (1) MKE 2 Lavalier microphone, (1) EW-D Power supply with country adapters, (2) BA 70 Lithium Ion battery, (1) MZQ 1 Microphone clip, (2) Rod antennas, (1) GA 3 Rackmount kit, (4) Rubber feet, (1) Quick guide, (1) Safety guide, (1) Manufacturer declaration sheet"
Sennheiser,EW-DX SK (S4-10),509390,"Bodypack transmitter with 3,5 mm jack. Includes (1) EW-DX SK and (2) AA batteries, frequency range: S4-10 (630 - 693.8 MHz)",S4-10 (630 - 693.8 MHz),999,582.03,,,,615104362178,4044155260687,RO,85176990,120,0.26,350,73,81,13.78,2.87,3.19,12,3393.56,7.48,350,260,282,13.78,10.24,11.10,https://images.salsify.com/image/upload/s--pZvAT7lN--/1cd6e645a3e113ac8abc785564d0e62bae0104c8.png,https://images.salsify.com/image/upload/s--c3N_aDTY--/8dfe4ea076debe65290f0500f59045e1426c4dd6.jpg,https://images.salsify.com/image/upload/s--ctUDfHTs--/dcbc8b061042ab12100294bbb96d31e4ab920f66.jpg,https://images.salsify.com/image/upload/s--2huhOogd--/2d441bcb476ce062c0c377e749e06743dea04ba9.jpg,,,,,,,https://www.sennheiser.com/globalassets/digizuite/40835-en-EW-DX_SK_Product_Specification_v1.3_EN.pdf,https://www.sennheiser.com/globalassets/digizuite/40835-en-EW-DX_SK_Product_Specification_v1.3_EN.pdf,https://www.sennheiser.com/globalassets/digizuite/40835-en-EW-DX_SK_Product_Specification_v1.3_EN.pdf,https://www.sennheiser.com/globalassets/digizuite/40835-en-EW-DX_SK_Product_Specification_v1.3_EN.pdf,https://www.sennheiser.com/globalassets/digizuite/40835-en-EW-DX_SK_Product_Specification_v1.3_EN.pdf,"(1) EW-DX SK Bodypack transmitter, (1) Belt clip, (2) AA Battery, (1) Quick guide, (1) Safety guide, (1) Manufacturer declaration sheet"
Sennheiser,EW-DX SK 3-PIN (S4-10),509404,"Bodypack transmitter with 3-pin connector. Includes (1) EW-DX SK 3-PIN and (2) AA batteries, frequency range: S4-10 (630 - 693.8 MHz)",S4-10 (630 - 693.8 MHz),1099,640.29,,,,615104362444,4044155260823,RO,85176990,120,0.26,350,73,81,13.78,2.87,3.19,12,3393.56,7.48,350,260,282,13.78,10.24,11.10,https://images.salsify.com/image/upload/s--h6KedNsP--/654a221bb6ef56e6d834a0bfada3ee388fcf7ce0.png,https://images.salsify.com/image/upload/s--0P6YtrOz--/d2103b83c62c552eaf95b41ea3dd21fbf5934f74.png,https://images.salsify.com/image/upload/s--1ocWQ7k7--/cc90561b357a8cb0f77a482a5c10e0d13ab78693.png,https://images.salsify.com/image/upload/s--0A0qkJ__--/e8f7d75aec9e2eafbc33c2a58c63402868734ab7.png,,,,,,,https://www.sennheiser.com/globalassets/digizuite/40835-en-EW-DX_SK_Product_Specification_v1.3_EN.pdf,https://www.sennheiser.com/globalassets/digizuite/40835-en-EW-DX_SK_Product_Specification_v1.3_EN.pdf,https://www.sennheiser.com/globalassets/digizuite/40835-en-EW-DX_SK_Product_Specification_v1.3_EN.pdf,https://www.sennheiser.com/globalassets/digizuite/40835-en-EW-DX_SK_Product_Specification_v1.3_EN.pdf,https://www.sennheiser.com/globalassets/digizuite/40835-en-EW-DX_SK_Product_Specification_v1.3_EN.pdf,"(1) EW-DX SK Bodypack transmitter, (1) Belt clip, (2) AA Battery, (1) Quick guide, (1) Safety guide, (1) Manufacturer declaration sheet"
Sennheiser,EW-DX SK-SKM-S BASE SET(S4-10),509468,"Digital wireless base set. Includes (1) EW-DX EM 2 receiver, (1) EW-DK SKM-S transmitter, (1) EW-DX bodypack transmitter and (2) BA 70 batteries, frequency range: S4-10 (630 - 693.8 MHz)",S4-10 (630 - 693.8 MHz),4399,2562.9,,,,615104372351,4044155266900,RO,85181000,1000,2.20,405,73,350,15.94,2.87,13.78,3,10031.56,22.12,435,258,375,17.13,10.16,14.76,https://images.salsify.com/image/upload/s--sHxf1KDf--/9191c65673ab4f3f4e64de2e3d2509a990e36f7d.jpg,https://images.salsify.com/image/upload/s--CuyB64SL--/7e64ae1c2efbeb87daef0df2c3fe88ab9733c48a.jpg,https://images.salsify.com/image/upload/s--XSejSo5Z--/70f0476bc41364387959a31cdd5e34d583b206ef.jpg,https://images.salsify.com/image/upload/s--nNZXo4so--/adb9fceec9cf486293171302d1b8f82a190142a7.jpg,https://images.salsify.com/image/upload/s--YBZBhYVp--/7e0877a8dfd3876c1a23ba784e4c864b7b77b6a5.jpg,https://images.salsify.com/image/upload/s--pZvAT7lN--/1cd6e645a3e113ac8abc785564d0e62bae0104c8.png,https://images.salsify.com/image/upload/s--c3N_aDTY--/8dfe4ea076debe65290f0500f59045e1426c4dd6.jpg,https://images.salsify.com/image/upload/s--ctUDfHTs--/dcbc8b061042ab12100294bbb96d31e4ab920f66.jpg,Capsule Sold Separately,Capsule Sold Separately,https://www.sennheiser.com/globalassets/digizuite/40827-en-EW-DX_SK-SKM-S_BASE_SET_Product_Specification_v1.5_EN.pdf,https://www.sennheiser.com/globalassets/digizuite/40827-en-EW-DX_SK-SKM-S_BASE_SET_Product_Specification_v1.5_EN.pdf,https://www.sennheiser.com/globalassets/digizuite/40827-en-EW-DX_SK-SKM-S_BASE_SET_Product_Specification_v1.5_EN.pdf,https://www.sennheiser.com/globalassets/digizuite/40827-en-EW-DX_SK-SKM-S_BASE_SET_Product_Specification_v1.5_EN.pdf,https://www.sennheiser.com/globalassets/digizuite/40827-en-EW-DX_SK-SKM-S_BASE_SET_Product_Specification_v1.5_EN.pdf,"(1) EW-DX EM 2 Rack receiver, (1) EW-DX SK Bodypack transmitter, (1) EW-DX SKM-S Handheld transmitter (capsule sold separately), (1) EW-D Power supply with country adapters, (1) BA 70 Rechargeable lithium ion battery, (2) AA Battery, (1) MZQ 1 Microphone clip, (2) Rod antennas, (1) GA 3 Rackmount kit, (4) Rubber feet, (1) Quick guide, (1) Manufacturer declaration sheet"
Sennheiser,EW-DX SKM (S4-10),509432,"Handheld transmitter without switch. Includes (1) EW-DX SKM, (1) MZQ1 microphone clip, and (2) AA batteries, frequency range: S4-10 (630 - 693.8 MHz)",S4-10 (630 - 693.8 MHz),999,582.03,,,,615104362895,4044155261103,RO,85181000,304,0.67,350,73,81,13.78,2.87,3.19,4,2151.56,4.74,377,114,329,14.84,4.49,12.95,https://images.salsify.com/image/upload/s--RY1X3FwA--/stggowtrhj9gabda8ypt.png,https://images.salsify.com/image/upload/s--kbq2vVqF--/86ebca027ba6fa0fe760b2c56c3b18f90d3d1f21.jpg,,,,,,,Capsule Sold Separately,Capsule Sold Separately,https://www.sennheiser.com/globalassets/digizuite/40831-en-EW-DX_SKM_Product_Specification_v1.3_EN.pdf,https://www.sennheiser.com/globalassets/digizuite/40831-en-EW-DX_SKM_Product_Specification_v1.3_EN.pdf,https://www.sennheiser.com/globalassets/digizuite/40831-en-EW-DX_SKM_Product_Specification_v1.3_EN.pdf,https://www.sennheiser.com/globalassets/digizuite/40831-en-EW-DX_SKM_Product_Specification_v1.3_EN.pdf,https://www.sennheiser.com/globalassets/digizuite/40831-en-EW-DX_SKM_Product_Specification_v1.3_EN.pdf,"(1) EW-DX SKM Handheld transmitter (capsule sold separately), (1) MZQ 1 Microphone clip, (2) AA Battery, (1) Quick guide, (1) Safety guide, (1) Manufacturer declaration sheet"
Sennheiser,EW-DX SKM-S (S4-10),509418,"Handheld transmitter with switch. Includes (1) EW-DX SKM-S, (1) MZQ1 microphone clip, and (2) AA batteries, frequency range: S4-10 (630 - 693.8 MHz)",S4-10 (630 - 693.8 MHz),999,582.03,,,,615104362680,4044155260960,RO,85181000,304,0.67,350,73,81,13.78,2.87,3.19,4,2151.56,4.74,377,114,329,14.84,4.49,12.95,https://images.salsify.com/image/upload/s--MDGOiZOO--/fcaabbacf0c83ca0c9a8d692744b1b34913eb184.jpg,https://images.salsify.com/image/upload/s--1Pw9f_Te--/2c41cabe16884978e9e56e6504d0cb1709465beb.jpg,,,,,,,Capsule Sold Separately,Capsule Sold Separately,https://www.sennheiser.com/globalassets/digizuite/40831-en-EW-DX_SKM_Product_Specification_v1.3_EN.pdf,https://www.sennheiser.com/globalassets/digizuite/40831-en-EW-DX_SKM_Product_Specification_v1.3_EN.pdf,https://www.sennheiser.com/globalassets/digizuite/40831-en-EW-DX_SKM_Product_Specification_v1.3_EN.pdf,https://www.sennheiser.com/globalassets/digizuite/40831-en-EW-DX_SKM_Product_Specification_v1.3_EN.pdf,https://www.sennheiser.com/globalassets/digizuite/40831-en-EW-DX_SKM_Product_Specification_v1.3_EN.pdf,"(1) EW-DX SKM-S Handheld transmitter (capsule sold separately), (1) MZQ 1 Microphone clip, (2) AA Battery, (1) Quick guide, (1) Safety guide, (1) Manufacturer declaration sheet"
Sennheiser,EW-DX TS 3-PIN (S4-10),509446,"Wireless table stand transmitter with 3-pin XLR connector. Compatible with any gooseneck microphone without LED ring for a 3-pin variant. Includes EW-DX table stand transmitter, (1) BA 40 rechargeable battery, quick guide and safety instructions, frequency range: S4-10 (630 - 693.8 MHz)",S4-10 (630 - 693.8 MHz),1629,949.07,,,,615104363113,4044155261240,RO,85176990,650,1.43,250,94,225,9.84,3.70,8.86,5,5573.56,12.29,502,288,259,19.76,11.34,10.20,https://images.salsify.com/image/upload/s--3PkMzClw--/f8bb905496f80324b5d91b2ea54ec4a8f7bef153.jpg,https://images.salsify.com/image/upload/s--cTVY7qlc--/87b3d663bbe8a1133bd086150f427fa6c5e3774a.jpg,https://images.salsify.com/image/upload/s--OPUDxFtQ--/a6e20e7847ad39e3be2b3175a01beb2700148b6e.jpg,,,,,,,,https://www.sennheiser.com/globalassets/digizuite/46553-en-EW-DX_TS_Product_Specification_v1.1_EN.pdf,https://www.sennheiser.com/globalassets/digizuite/46553-en-EW-DX_TS_Product_Specification_v1.1_EN.pdf,https://www.sennheiser.com/globalassets/digizuite/46553-en-EW-DX_TS_Product_Specification_v1.1_EN.pdf,https://www.sennheiser.com/globalassets/digizuite/46553-en-EW-DX_TS_Product_Specification_v1.1_EN.pdf,https://www.sennheiser.com/globalassets/digizuite/46553-en-EW-DX_TS_Product_Specification_v1.1_EN.pdf,"(1) EW-DX TS 3-PIN Table stand transmitter, (1) BA 40 Rechargeable battery, (1) Quick guide, (1) Safety guide, (1) Manufacturer declaration sheet"
Sennheiser,EW-DX TS 5-PIN (S4-10),700196,"Wireless table stand transmitter with 5-pin XLR connector. Compatible with MEG 14-40-L-II B gooseneck microphone. Includes EW-DX table stand transmitter, (1) BA 40 rechargeable battery, quick guide and safety instructions, frequency range: S4-10 (630 - 693.8 MHz)",S4-10 (630 - 693.8 MHz),1729,1007.33,,,,615104382831,4044155273854,RO,85176990,650,1.43,250,94,225,9.84,3.70,8.86,5,5573.56,12.29,502,288,259,19.76,11.34,10.20,https://images.salsify.com/image/upload/s--N97batbC--/f8e43f49eee9963a5317455af4bc24108f669c9d.jpg,https://images.salsify.com/image/upload/s--CKOsLxGp--/4c1f486a298b17a49937f98905cb25538a046453.jpg,https://images.salsify.com/image/upload/s--uV6iyDem--/64d811103cfe76928be6cdbf3b9e2953782ed894.jpg,,,,,,,,https://www.sennheiser.com/globalassets/digizuite/46553-en-EW-DX_TS_Product_Specification_v1.1_EN.pdf,https://www.sennheiser.com/globalassets/digizuite/46553-en-EW-DX_TS_Product_Specification_v1.1_EN.pdf,https://www.sennheiser.com/globalassets/digizuite/46553-en-EW-DX_TS_Product_Specification_v1.1_EN.pdf,https://www.sennheiser.com/globalassets/digizuite/46553-en-EW-DX_TS_Product_Specification_v1.1_EN.pdf,https://www.sennheiser.com/globalassets/digizuite/46553-en-EW-DX_TS_Product_Specification_v1.1_EN.pdf,"(1) EW-DX TS 5-PIN Table stand transmitter, (1) BA 40 Rechargeable battery, (1) Quick guide, (1) Safety guide, (1) Manufacturer declaration sheet"
Sennheiser,"FOAM EAR ADAPTER ""L"",5PAIR",507493,"(5) Pairs of memory foam ear adapter in size large (blue identifier) for IE 100, IE 400 and IE 500",,34.95,20.36,,,,615104312340,4044155235111,CN,85189000,11,0.02,"0,73",180,100,0.03,7.09,3.94,500,5835.8,12.87,520,110,180,20.47,4.33,7.09,https://images.salsify.com/image/upload/s--Eef_1uhR--/af779c7355269f62d8a0c3fad06e55b11b1491ca.jpg,,,,,,,,,,,,,,,(1) FOAM EAR ADAPTER ÒLÓ
Sennheiser,"FOAM EAR ADAPTER ""M"",5PAIR",507492,"(5) Pairs of memory foam ear adapter in size medium (black identifier) for IE 100, IE 400 and IE 500",,34.95,20.36,,,,615104312333,4044155235104,CN,85189000,11,0.02,"0,73",180,100,0.03,7.09,3.94,500,5835.8,12.87,520,110,180,20.47,4.33,7.09,https://images.salsify.com/image/upload/s--Eef_1uhR--/af779c7355269f62d8a0c3fad06e55b11b1491ca.jpg,,,,,,,,,,,,,,,(1) FOAM EAR ADAPTER ÒMÓ
Sennheiser,"FOAM EAR ADAPTER ""S"",5PAIR",507491,"(5) Pairs of memory foam ear adapter in size small (red identifier) for IE 100, IE 400 and IE 500",,34.95,20.36,,,,615104312326,4044155235098,CN,85189000,11,0.02,"0,73",180,100,0.03,7.09,3.94,500,5835.8,12.87,520,110,180,20.47,4.33,7.09,https://images.salsify.com/image/upload/s--Eef_1uhR--/af779c7355269f62d8a0c3fad06e55b11b1491ca.jpg,,,,,,,,,,,,,,,(1) FOAM EAR ADAPTER ÒSÓ
Sennheiser,GA 2-XSW 2,507468,Antenna mounting kit with two antenna front mount cables including two BNC coupler bulkheads,,79,46.03,,,,615104303676,4044155226430,TW,83024200,18300,40.31,21000,6000,7500,826.77,236.22,295.28,20,4260.0,9.39,780,190,240,30.71,7.48,9.45,https://images.salsify.com/image/upload/s--MFL8NUkc--/013b7d6606291742216d84c9673ea36e57023be1.jpg,,,,,,,,,,,,,,,"(2) Antenna front mount cable, (2) BNC coupler bulkhead"
Sennheiser,GA 3,503167,"Rack adapter set for installing stationary ew G3 and G4 components in 19"", black",,79,46.03,,,,615104149793,4044155033809,CN,83024200,1000,2.20,,,,,,,0,0.0,0.0,0,0,0,0.00,0.00,0.00,https://images.salsify.com/image/upload/s--v1nOj9dR--/587e1bbfb599e86e4c2a646ae96c678f4f915cbc.png,,,,,,,,,,https://www.sennheiser.com/globalassets/digizuite/41827-en-SP_1325_v1.0_GA_3_Product_Specification_EN.pdf,https://www.sennheiser.com/globalassets/digizuite/41827-en-SP_1325_v1.0_GA_3_Product_Specification_EN.pdf,https://www.sennheiser.com/globalassets/digizuite/41827-en-SP_1325_v1.0_GA_3_Product_Specification_EN.pdf,https://www.sennheiser.com/globalassets/digizuite/41827-en-SP_1325_v1.0_GA_3_Product_Specification_EN.pdf,https://www.sennheiser.com/globalassets/digizuite/41827-en-SP_1325_v1.0_GA_3_Product_Specification_EN.pdf,(1) GA 3 Rackmount kit
Sennheiser,GA 3030-AM,004368,ANTENNA FRONT MOUNT KIT. PERMITS THE CONNECTION OF ANTENNAS FOR EM 3031  EM 3032  EM 3532  SR 3054 and SR 3056 TO THE FRONT OF THE RACK,,199,115.94,,,,615104043688,4006087043684,DE,85181000,86,0.19,,,,,,,25,2405.56,5.3,334,168,234,13.15,6.61,9.21,https://images.salsify.com/image/upload/s--UqZwcokb--/b9f935bfe334ed6224e3997fcb5d68cf54ed51a8.png,,,,,,,,,,,,,,,(1) GA 3030-AM Antenna mount adapter
Sennheiser,GA 4,505977,Rackmount Set for the evolution D1 and Speechline SL-DW EM stationary receiver,,99,57.68,,,,615104248762,4044155089141,CN,83024200,1015,2.24,250,50,213,9.84,1.97,8.39,0,0.0,0.0,0,0,0,0.00,0.00,0.00,https://images.salsify.com/image/upload/s--bOLBuupV--/ea053ba260a9e5b4a101fb8ee15b6c618b3a2d92.jpg,,,,,,,,,,,,,,,"(1) GA 4 Rackmount kit, (2) BNC Cables"
Sennheiser,GZL RG 58 - 0.25M,700158,"Coaxial cable with BNC connector, 50 Ohm, 0.25m",,59,34.37,,,,615104381179,4044155272673,DE,85442000,83,0.18,240,10,150,9.45,0.39,5.91,25,1085.0,2.39,205,150,205,8.07,5.91,8.07,https://images.salsify.com/image/upload/s--SaE1WHlT--/d08eec1d9dd949098df7a0fe235d5efee2ca13ec.jpg,,,,,,,,,,,,,,,(1) GZL RG 58 - 0.25M Cable
Sennheiser,GZL RG 58 - 0.5M,700159,"Coaxial cable with BNC connector, 50 Ohm, 0.5m",,69,40.2,,,,615104381247,4044155272680,DE,85442000,38,0.08,240,10,150,9.45,0.39,5.91,25,2210.0,4.87,205,150,205,8.07,5.91,8.07,https://images.salsify.com/image/upload/s--9zDAdso3--/83d691ad629960147215fab13ffb0d467b5e0975.jpg,,,,,,,,,,,,,,,(1) GZL RG 58 - 0.5M Cable
Sennheiser,GZL RG 58 - 10M,700162,"Coaxial cable with BNC connector, 50 Ohm, 10m",,139,80.98,,,,615104381292,4044155272710,DE,85442000,414,0.91,310,10,210,12.20,0.39,8.27,5,2205.0,4.86,205,150,205,8.07,5.91,8.07,https://images.salsify.com/image/upload/s--HBwilPjT--/77cc45bf29deec6682e1a9f31eefa9a07a7b052a.jpg,,,,,,,,,,,,,,,(1) GZL RG 58 - 10M Cable
Sennheiser,GZL RG 58 - 1M,700160,"Coaxial cable with BNC connector, 50 Ohm, 1m",,99,57.68,,,,615104381254,4044155272697,DE,85442000,67,0.15,240,10,150,9.45,0.39,5.91,20,1475.0,3.25,205,150,205,8.07,5.91,8.07,https://images.salsify.com/image/upload/s--ImxKvpwI--/0ead49943a1a21d9e60c009e01397e3e3c15b03f.jpg,,,,,,,,,,,,,,,(1) GZL RG 58 - 1M Cable
Sennheiser,GZL RG 58 - 5M,700161,"Coaxial cable with BNC connector, 50 Ohm, 5m",,119,69.33,,,,615104381278,4044155272703,DE,85442000,220,0.48,310,10,210,12.20,0.39,8.27,8,1895.0,4.18,205,150,205,8.07,5.91,8.07,https://images.salsify.com/image/upload/s--hTRe4tFh--/afd204298883ecf78cc634af6b7305425f346e2c.jpg,,,,,,,,,,,,,,,(1) GZL RG 58 - 5M Cable
Sennheiser,GZL RG 8X - 10M,700164,"Low damping coaxial cable with BNC connector, 50 Ohm, 10m",,179,104.29,,,,615104381322,4044155272734,CN,85442000,435,0.96,98,"0,5",89,3.86,0.02,3.50,3,2229.56,4.92,313,173,313,12.32,6.81,12.32,https://images.salsify.com/image/upload/s--gwPgfJIn--/e30f2fc3eaeabb8750b2a8ff117063465c7f09f8.jpg,,,,,,,,,,,,,,,(1) GZL RG 8X - 10M Cable
Sennheiser,GZL RG 8X - 20M,700165,"Low damping coaxial cable with BNC connector, 50 Ohm, 20m",,259,150.9,,,,615104381339,4044155272741,CN,85442000,875,1.93,98,"0,5",89,3.86,0.02,3.50,3,3489.56,7.69,313,173,313,12.32,6.81,12.32,https://images.salsify.com/image/upload/s--zNHP-KMm--/d4b5616cfeb4e7bc4d9d8355fdc940b791191af5.jpg,,,,,,,,,,,,,,,(1) GZL RG 8X - 20M Cable
Sennheiser,GZL RG 8X - 5M,700163,"Low damping coaxial cable with BNC connector, 50 Ohm, 5m",,129,75.15,,,,615104381315,4044155272727,CN,85442000,240,0.53,98,"0,5",89,3.86,0.02,3.50,5,2149.56,4.74,313,173,313,12.32,6.81,12.32,https://images.salsify.com/image/upload/s--knHa_FlA--/a42b4ddad19ff58bd5ef788b8a7eb8afc72edf16.jpg,,,,,,,,,,,,,,,(1) GZL RG 8X - 5M Cable
Sennheiser,GZL1019-A05,550272,BNC CABLE 0.5 METRE 50 OHMS,,57.6,33.56,,,,615104241558,4044155085358,TW,85442000,39,0.09,120,,170,4.72,,6.69,1,39.0,0.09,0,0,,0.00,0.00,,https://images.salsify.com/image/upload/s--XWQfAVl_--/161588410dceb986147e531439fc70057e35d6ca.jpg,,,,,,,,,,,,,,,
Sennheiser,HALF WAVE DIPOLE (R),508869,"Halfwave antenna rod for EW-D EM receivers. Includes (2) antenna rods, frequency range:ÊR (520-608 MHz)",R (520-608 MHz),59,34.37,,,,615104343474,4044155250732,CN,85177100,112,0.25,344,16,33,13.54,0.63,1.30,81,9532.0,21.01,395,220,300,15.55,8.66,11.81,https://images.salsify.com/image/upload/s--s2rQoxx7--/411c8ba292f8f10379225ce5ae2680724a32d0a8.jpg,,,,,,,,,,https://www.sennheiser.com/globalassets/digizuite/49049-en-EW-D_System_Specification_v1.3_EN.pdf.pdf,https://www.sennheiser.com/globalassets/digizuite/49049-en-EW-D_System_Specification_v1.3_EN.pdf.pdf,https://www.sennheiser.com/globalassets/digizuite/49049-en-EW-D_System_Specification_v1.3_EN.pdf.pdf,https://www.sennheiser.com/globalassets/digizuite/49049-en-EW-D_System_Specification_v1.3_EN.pdf.pdf,https://www.sennheiser.com/globalassets/digizuite/49049-en-EW-D_System_Specification_v1.3_EN.pdf.pdf,(2) Rod antennas
Sennheiser,HALF WAVE DIPOLE (S),508870,"Halfwave antenna rod for EW-D EM receivers. Includes (2) antenna rods, frequency range:ÊS (606-706 MHz)",S (606-706 MHz),59,34.37,,,,615104343481,4044155250749,CN,85177100,112,0.25,344,16,33,13.54,0.63,1.30,81,9289.0,20.48,395,220,300,15.55,8.66,11.81,https://images.salsify.com/image/upload/s--s2rQoxx7--/411c8ba292f8f10379225ce5ae2680724a32d0a8.jpg,,,,,,,,,,https://www.sennheiser.com/globalassets/digizuite/49049-en-EW-D_System_Specification_v1.3_EN.pdf.pdf,https://www.sennheiser.com/globalassets/digizuite/49049-en-EW-D_System_Specification_v1.3_EN.pdf.pdf,https://www.sennheiser.com/globalassets/digizuite/49049-en-EW-D_System_Specification_v1.3_EN.pdf.pdf,https://www.sennheiser.com/globalassets/digizuite/49049-en-EW-D_System_Specification_v1.3_EN.pdf.pdf,https://www.sennheiser.com/globalassets/digizuite/49049-en-EW-D_System_Specification_v1.3_EN.pdf.pdf,(2) Rod antennas
Sennheiser,HD 200 PRO,507182,"Dynamic Stereo Headphone, 32 ½, Closed, Over-ear, Coiled Cable 3 m, Minijack 3,5 mm, 6,3 mm adapter included",,159,92.63,,,,615104280434,4044155214413,CN,85183000,441,0.97,190,260,100,7.48,10.24,3.94,6,3511.8,7.74,419,270,353,16.50,10.63,13.90,https://images.salsify.com/image/upload/s--oIuuwUio--/3b93c34d5835944e32c8d0e9d8b43fdb5ed59ec4.jpg,https://images.salsify.com/image/upload/s--Rip8iLHn--/ccb54bd2ff2105dda4d42bb991c9c5d87e0e4ef5.jpg,https://images.salsify.com/image/upload/s--gqP0S7Qm--/2edb1760b3add7d388551633d1bf2df49cd67f46.jpg,https://images.salsify.com/image/upload/s--cu2RNjCW--/cf9a12604076329ff4e5b876b956067931dd3a19.jpg,https://images.salsify.com/image/upload/s--SB9KhTlH--/aec0e99acec4474ffe632068cdca2c09e50b3e83.jpg,https://images.salsify.com/image/upload/s--eLjmvjnG--/05850b8586130639a544089fe3da4b08e5acba33.jpg,https://images.salsify.com/image/upload/s--txnkbLZk--/07dae7fadab4e10194cdcb03e44ade4fc64384c6.jpg,https://images.salsify.com/image/upload/s--MF51mI3C--/290e35ce702d9810cea54f9e7c3dafd59cc5197d.jpg,Dynamic,,,,,,,"(1) HD 200 PRO Headphone, (1) 6.3mm (1/4"") Stereo jack adaptor"
Sennheiser,HD 25,506909,"Dynamic headphones, 70 ½, closed, supra-aural,, adjustable, split headband, steel core cable, single-sided, 1.5m long, 3.5mm angle jack, adapter",,309,180.03,,,,615104272965,4044155209242,RO,85183000,140,0.31,245,84,187,9.65,3.31,7.36,12,5888.56,12.98,541,420,266,21.30,16.54,10.47,https://images.salsify.com/image/upload/s--LgJOwWyH--/569d994d0c4a8c70cfcf173deeac3dacba6c20f6.jpg,https://images.salsify.com/image/upload/s--veAV6_1s--/cfbb7fdc6b29598605e77691fe947d34d05073fa.jpg,,,,,,,Dynamic,,,,,,,"(1) HD 25 Headphone, (1) Detachable cable (1.5 m), (1) Screw on jack adapter 3.5 to 6.3 mm, (1) Safety Instructions"
Sennheiser,HD 25 - Coiled Cable (3m),523877,"Coiled cable, 3m, straight jack plug 3.5mm with screwed on adapter 6.3mm, suitable for: HD 25, HD 25 Plus, HD 25 1-II, HD 25-C-II.",,86.4,50.34,,,,615104141223,4044156027999,CN,85444290,121,0.27,225,"0,2",135,8.86,0.01,5.31,20,2791.56,6.15,305,260,240,12.01,10.24,9.45,https://images.salsify.com/image/upload/s--w4GcBFD5--/d0f6c8d070ddb76b83931dfd8d39d3ec93aad299.jpg,,,,,,,,,,,,,,,(1) HD 25 - Coiled Cable (3m)
Sennheiser,HD 25 - Straight Cable (1.5m),523874,"Straight cable (1.5 m) with angled plug 3.5mm, suitable for: HD 25series",,81.6,47.54,,,,615104141162,4044156027968,CN,85444290,34,0.07,225,"0,2",135,8.86,0.01,5.31,20,810.56,1.79,194,178,149,7.64,7.01,5.87,https://images.salsify.com/image/upload/s--HmD3iCcg--/9b386a4c682d3c8be2408e27af7088997ba7d843.jpg,https://images.salsify.com/image/upload/s--hTYSvZjB--/55e32a96872f7eafdf1035bcf7b876dd1de37f21.jpg,,,,,,,,,,,,,,(1) HD 25 - Straight Cable (1.5m)
Sennheiser,HD 25 LIGHT,508664,"dynamic headphones, 60 ½, compact, steel charger cable, bidirectional, 3m, 3.5mm stereo jack plug, straight, adapter",,199,115.94,,,,615104333673,4044155246926,RO,85183000,120,0.26,245,84,187,9.65,3.31,7.36,12,5000.56,11.02,541,420,266,21.30,16.54,10.47,https://images.salsify.com/image/upload/s--ZbuOps1N--/0062bfa7cb9a7a0254561f4e74f1364fec5eda41.jpg,https://images.salsify.com/image/upload/s--d7jJRrlx--/9e6ee25af6785acb37c36b0af185356fa36de38d.jpg,https://images.salsify.com/image/upload/s--vYdshh5E--/8ed95b2d79fa0b722fc66902d71844ded582dcca.jpg,,,,,,,,,,,,,"(1) HD 25 LIGHT Headphone, (1) Detachable cable (1.5 m), (1) Screw on jack adapter 3.5 to 6.3 mm, (1) Safety Instructions"
Sennheiser,HD 25 PLUS,506908,"dynamic headphones, 70 ½,  compact, expandable bracket, coiled cord, unidirectional, 3m (1m) length, 3.5mm stereo jack plug, straight",,409,238.29,,,,615104272798,4044155209112,RO,85183000,140,0.31,245,84,187,9.65,3.31,7.36,12,6092.56,13.43,541,420,266,21.30,16.54,10.47,https://images.salsify.com/image/upload/s--h8rr_T9h--/8984e6a37323de2b8c5a20af64a962c810b40c68.jpg,https://images.salsify.com/image/upload/s--xhvFXCiA--/af5fc848199fdba3ef56efc4a5cd12a447ff8033.jpg,https://images.salsify.com/image/upload/s--JEmTdKn3--/213a0ec449209d12533372ef54c3ae24c8960646.jpg,https://images.salsify.com/image/upload/s--B2-QTKcz--/01df955277f1bbb6b0f1c8fe84620847b6980e3a.jpg,https://images.salsify.com/image/upload/s--yKVHDRzG--/75dad6b8ceeddca40f8825e44ac8e9f76089618a.jpg,https://images.salsify.com/image/upload/s--Yh6sihGZ--/185277a74d6fbf1d34366d02fe06fe5b8fe4efb5.jpg,https://images.salsify.com/image/upload/s--7Czlcong--/3b6b5281c41eeaadcb41dcecd94ec9aa0999ea97.jpg,,Dynamic,,,,,,,"(1) HD 25 PLUS Headphone, (1) Detachable coiled cable (1-3 m), (1) Straight cable (1.5 m), (1) Screw on jack adapter 3.5 to 6.3 mm, (1) Pouch, (1) Additional pair of soft earpads, (1) Safety Instructions"
Sennheiser,HD 26,700487,"HiFi stereo headphones, 100 ½, compact, steel charger cable 1.5 m, plug 3.5 mm, adapter 6.3 mm, ActiveGard",,609,354.81,,,,615104397552,4044155283853,RO,85183000,496,1.09,192,84,250,7.56,3.31,9.84,12,6836.56,15.07,541,420,266,21.30,16.54,10.47,https://images.salsify.com/image/upload/s--xNPOqipb--/bd6b8fe3f7046520142998b1b8292c841cf7d613.png,,,,,,,,,,,,,,,"(1) HD 26 Headphones, (1) Cable clip, (1) Wide head band cushion, (1) Screw on jack adapter 3.5 to 6.3 mm"
Sennheiser,HD 280 PRO MK2,506845,"Dynamic hi-fi stereo headphones, 64 ½, closed, adjustable headband, coiled cable 3m, jack 3.5mm, black",,199,115.94,,,,615104271210,4044155207774,RO,85183000,285,0.63,245,84,187,9.65,3.31,7.36,12,7904.56,17.43,541,420,266,21.30,16.54,10.47,https://images.salsify.com/image/upload/s--1axBWkWG--/57839a05de4637724b12dba23f85c873b83f9da4.jpg,https://images.salsify.com/image/upload/s--O9CQmH1T--/d9376bc392c0d145a8be4df710526ce80e9be81a.jpg,https://images.salsify.com/image/upload/s--G7dxW1R2--/a9d7570054813ddd88f84bceaa171524db8a29c0.jpg,https://images.salsify.com/image/upload/s--rAeU-keO--/a75d76c3a666af1663926fffdfb8733fdb2c9534.jpg,https://images.salsify.com/image/upload/s--NvVRzBdq--/9afcfc3cc3a9bad2cd2f946013714f9327b2f76f.jpg,,,,,,https://www.sennheiser.com/globalassets/digizuite/40985-en-HD_280_PRO_Product_Specification_EN.pdf,https://www.sennheiser.com/globalassets/digizuite/40985-en-HD_280_PRO_Product_Specification_EN.pdf,https://www.sennheiser.com/globalassets/digizuite/40985-en-HD_280_PRO_Product_Specification_EN.pdf,https://www.sennheiser.com/globalassets/digizuite/40985-en-HD_280_PRO_Product_Specification_EN.pdf,https://www.sennheiser.com/globalassets/digizuite/40985-en-HD_280_PRO_Product_Specification_EN.pdf,"(1) HD 280 PRO Headphones, (1) 3.5 mm jack plug to 6.3 mm adapter, (1) Safety guide"
Sennheiser,HD 300 PRO,508288,"Monitoring headphone with ultra-linear response (64 ohm) and 1.5m cable with 3.5mm jack. Includes (1) HD 300 PRO headphone, (1) 1.5m cable with 3.5mm jack and (1) 1/4"" adapter jack",,409,238.29,,,,615104315785,4044155238556,RO,85183000,297,0.65,245,84,187,9.65,3.31,7.36,12,7592.56,16.74,541,420,266,21.30,16.54,10.47,https://images.salsify.com/image/upload/s--z5RoZRs7--/14509ebaf797c6d43102cb29516b23f0d43ad3cf.jpg,https://images.salsify.com/image/upload/s--LqxCTQlD--/dcd0ad1c3ca64b76b3749cacf12d941291e181f6.jpg,https://images.salsify.com/image/upload/s--iFzY4eDj--/1f5d41928b2045c88f24922e4437c7182537c76a.jpg,https://images.salsify.com/image/upload/s--pR2-BT3M--/199ca18a3480f7957e4d8369ef23a4a22f12d4cc.jpg,,,,,,,https://www.sennheiser.com/globalassets/digizuite/41629-en-SP_1184_v1.0_HD_300_PRO_Product_Specification_EN.pdf,https://www.sennheiser.com/globalassets/digizuite/41629-en-SP_1184_v1.0_HD_300_PRO_Product_Specification_EN.pdf,https://www.sennheiser.com/globalassets/digizuite/41629-en-SP_1184_v1.0_HD_300_PRO_Product_Specification_EN.pdf,https://www.sennheiser.com/globalassets/digizuite/41629-en-SP_1184_v1.0_HD_300_PRO_Product_Specification_EN.pdf,https://www.sennheiser.com/globalassets/digizuite/41629-en-SP_1184_v1.0_HD_300_PRO_Product_Specification_EN.pdf,"(1) HD 300 PRO Headphones, (1) Cable (1.5 m with 3.5mm jack), (1) 6.3mm (1/4"") Stereo jack adaptor, (1) Quick guide"
Sennheiser,HD 300 PROTECT,506898,"Monitoring headphone with ultra-linear response (64 ohm), 1.5m cable with 3.5mm jack and on/off selectable ActiveGard limiter. Includes (1) HD 300 PROtect headphone, (1) 1.5m cable with 3.5mm jack and (1) 1/4"" adapter jack",,509,296.55,,,,615104272170,4044155208511,IE,85183000,550,1.21,245,84,187,9.65,3.31,7.36,12,7616.56,16.79,541,420,266,21.30,16.54,10.47,https://images.salsify.com/image/upload/s--5XKEXmOX--/a200bf7b36619dd5a3c51ed584276d03d96cee97.jpg,https://images.salsify.com/image/upload/s--cuRVWD6d--/098263d2044ca28d52836724f00930d86ccf5546.jpg,https://images.salsify.com/image/upload/s--eYAhIQ4G--/20ff4cfd2359d8df245e503c781b1fdb3a9b2a75.jpg,https://images.salsify.com/image/upload/s--utcADpEp--/28dfb8508b296af5b8e5cd47338070794aef9098.jpg,,,,,,,https://www.sennheiser.com/globalassets/digizuite/41629-en-SP_1184_v1.0_HD_300_PRO_Product_Specification_EN.pdf,https://www.sennheiser.com/globalassets/digizuite/41629-en-SP_1184_v1.0_HD_300_PRO_Product_Specification_EN.pdf,https://www.sennheiser.com/globalassets/digizuite/41629-en-SP_1184_v1.0_HD_300_PRO_Product_Specification_EN.pdf,https://www.sennheiser.com/globalassets/digizuite/41629-en-SP_1184_v1.0_HD_300_PRO_Product_Specification_EN.pdf,https://www.sennheiser.com/globalassets/digizuite/41629-en-SP_1184_v1.0_HD_300_PRO_Product_Specification_EN.pdf,"(1) HD 300 PROtect Headphones, (1) Cable (1.5 m with 3.5mm jack), (1) 6.3mm (1/4"") Stereo jack adaptor, (1) Quick guide"
Sennheiser,HD 400 PRO,700047,"Around-the-ear collapsible professional studio reference headphones for project and professional mixing sessions. Includes (1) Coiled Cable (3m) and (1) straight Cable (1.8m), black",,569,331.5,,,,615104378544,4044155271041,CN,85183000,240,0.53,270,111,198,10.63,4.37,7.80,0,0.0,0.0,0,0,0,0.00,0.00,0.00,https://images.salsify.com/image/upload/s--f29TmzrX--/3a3a2a7ee74477a41329280422e5441090ba93f5.jpg,,,,,,,,,,https://www.sennheiser.com/globalassets/digizuite/40989-en-HD_400_PRO_Product_Specification_EN.pdf,https://www.sennheiser.com/globalassets/digizuite/40989-en-HD_400_PRO_Product_Specification_EN.pdf,https://www.sennheiser.com/globalassets/digizuite/40989-en-HD_400_PRO_Product_Specification_EN.pdf,https://www.sennheiser.com/globalassets/digizuite/40989-en-HD_400_PRO_Product_Specification_EN.pdf,https://www.sennheiser.com/globalassets/digizuite/40989-en-HD_400_PRO_Product_Specification_EN.pdf,"(1) HD 400 PRO Headphones, (1) 3 m coiled cable with 3.5 mm jack plug, (1) 3.5 mm jack plug to 6.3 mm adapter, (1) 1.8 m straight cable"
Sennheiser,HD 480 PRO,700499,"Professional reference studio headphones (closed back). Includes (1) HD 480 Headphones, (1) HD 480/490 PRO - Coiled Cable, (1) PRO HEADPHONE BAG, (1) Quick Guide and (1) Safety Guide",,809,471.33,,,,615104397743,4044155283983,RO,85183000,272,0.60,246,84,220,9.69,3.31,8.66,6,4743.56,10.46,518,250,268,20.39,9.84,10.55,https://images.salsify.com/image/upload/s--ViK9PsQ1--/6d4b82576a232cc4f98ccb68288f5bebad6f6546.jpg,https://images.salsify.com/image/upload/s--y8nwU2pG--/99720643f7c82e0ad8f23b5c1c226c02ae4757f7.jpg,https://images.salsify.com/image/upload/s--bBbRFKl2--/3ee5e0fcab3a6cdc1b07bcbb59e63036d70b482e.jpg,https://images.salsify.com/image/upload/s--Sm37bHGA--/783d48fdd946fc30b1c7c66a4fc0913f95a879a4.jpg,https://images.salsify.com/image/upload/s--72Fz8n5L--/9086b4d5301053eaafb70219668cfd01fa06c3b1.jpg,https://images.salsify.com/image/upload/s--qU2MLfd4--/04b4272eee58451c7082f31ef3ab80940bebc144.jpg,,,,,Spec Sheets - en-US,Spec Sheets - en-US,Spec Sheets - en-US,Spec Sheets - en-US,Spec Sheets - en-US,"(1) HD 480 PRO Headphone ,  (1) 3m coiled cable ,  (1) PRO headphone bag ,  (1) Quick Guide ,  (1) Safety Guide"
Sennheiser,HD 480 PRO - Recording Pad Set,700501,Recording ear pad set for HD 480 PRO,,79,46.03,,,,615104397774,4044155284003,CN,85189000,55,0.12,225,58,135,8.86,2.28,5.31,32,3202.0,7.06,605,195,275,23.82,7.68,10.83,https://images.salsify.com/image/upload/s--VcDkBewm--/033f27417350a3e7b28a6178b135c21a3d1d0460.jpg,,,,,,,,,,One 3m straight cable for the HD 490 PRO that comes with an additional socket cover.,One 3m straight cable for the HD 490 PRO that comes with an additional socket cover.,One 3m straight cable for the HD 490 PRO that comes with an additional socket cover.,One 3m straight cable for the HD 490 PRO that comes with an additional socket cover.,One 3m straight cable for the HD 490 PRO that comes with an additional socket cover.,
Sennheiser,HD 480 PRO PLUS,700500,"Professional reference studio headphones (closed back). Includes (1) HD 480 Headphones, (1) HD 480/490 PRO - Coiled Cable, (1) HD 480/490 PRO - Travel Case, (1) Quick Guide and (1) Safety Guide",,899,523.77,,,,615104397767,4044155283990,RO,85183000,272,0.60,214,228,62,8.43,8.98,2.44,8,6141.56,13.54,518,250,268,20.39,9.84,10.55,https://images.salsify.com/image/upload/s--KfzVU00r--/f5c66f962fbd789948df5ad1d3496480a899ac3c.jpg,https://images.salsify.com/image/upload/s--ViK9PsQ1--/6d4b82576a232cc4f98ccb68288f5bebad6f6546.jpg,https://images.salsify.com/image/upload/s--y8nwU2pG--/99720643f7c82e0ad8f23b5c1c226c02ae4757f7.jpg,https://images.salsify.com/image/upload/s--bBbRFKl2--/3ee5e0fcab3a6cdc1b07bcbb59e63036d70b482e.jpg,https://images.salsify.com/image/upload/s--Sm37bHGA--/783d48fdd946fc30b1c7c66a4fc0913f95a879a4.jpg,https://images.salsify.com/image/upload/s--72Fz8n5L--/9086b4d5301053eaafb70219668cfd01fa06c3b1.jpg,https://images.salsify.com/image/upload/s--2xl5T6l2--/c0abcee20f971945cbf3dbb2cb4d360bdaa04f9e.jpg,,,,Product,Product,Product,Product,Product,"(1) HD 480 PRO Headphone  ,  (1) 3m coiled cable ,  (1) Travel case ,  (1) Quick Guide ,  (1) Safety Guide"
Sennheiser,HD 480/490 PRO - CABLE (1.8M),700288,1.8m cable for HD 480 PRO / HD 490 PRO,,39.95,23.28,,,,615104387744,4044155277975,CN,85444290,45,0.10,225,16,135,8.86,0.63,5.31,60,4574.0,10.08,605,195,275,23.82,7.68,10.83,https://images.salsify.com/image/upload/s--8O4KBe8g--/c015a46d0033566726dcf4dc7b716ad2cf15a2c3.jpg,,,,,,,,,,,,,,,(1) HD 490 PRO - Cable 1.8m
Sennheiser,HD 480/490 PRO - CABLE (3M),700289,3m cable for HD 480 PRO / HD 490 PRO,,59,34.37,,,,615104387751,4044155277982,CN,85444290,63,0.14,225,27,135,8.86,1.06,5.31,48,4696.4,10.35,605,195,275,23.82,7.68,10.83,https://images.salsify.com/image/upload/s--Yk3r2o-J--/4e6f9c930729d3360f2828d150f772cc91b1a270.jpg,,,,,,,,,,One 3m straight cable for the HD 490 PRO that comes with an additional socket cover.,One 3m straight cable for the HD 490 PRO that comes with an additional socket cover.,One 3m straight cable for the HD 490 PRO that comes with an additional socket cover.,One 3m straight cable for the HD 490 PRO that comes with an additional socket cover.,One 3m straight cable for the HD 490 PRO that comes with an additional socket cover.,(1) HD 490 PRO - Cable 3m
Sennheiser,HD 480/490 PRO - CASE,700292,Carrying case for HD 480 PRO / HD 490 PRO,,99,57.68,,,,615104387836,4044155278019,CN,42029298,551,1.21,273,108,230,10.75,4.25,9.06,4,3639.56,8.02,574,325,238,22.60,12.80,9.37,https://images.salsify.com/image/upload/s--a0WOrsah--/b9215f65da1bfd1b413b95db654c763feafe87a4.jpg,https://images.salsify.com/image/upload/s--iy4V-j6p--/f5001ce9e6d9d31cee61fffb52f7fdba9eef9335.jpg,,,,,,,,,One storage case for the HD 490 PRO.,One storage case for the HD 490 PRO.,One storage case for the HD 490 PRO.,One storage case for the HD 490 PRO.,One storage case for the HD 490 PRO.,(1) HD 490 PRO - Case
Sennheiser,HD 480/490 PRO - Coiled Cable,700502,Coiled cable for HD 480 PRO/HD 490 PRO,,79,46.03,,,,615104397781,4044155284010,CN,85444290,102,0.22,225,43,135,8.86,1.69,5.31,48,6626.0,14.61,605,195,275,23.82,7.68,10.83,https://images.salsify.com/image/upload/s--72Fz8n5L--/9086b4d5301053eaafb70219668cfd01fa06c3b1.jpg,,,,,,,,,,One 1.8m balanced cable for 4.4mm common balanced output connection that comes with an additional socket cover.,One 1.8m balanced cable for 4.4mm common balanced output connection that comes with an additional socket cover.,One 1.8m balanced cable for 4.4mm common balanced output connection that comes with an additional socket cover.,One 1.8m balanced cable for 4.4mm common balanced output connection that comes with an additional socket cover.,One 1.8m balanced cable for 4.4mm common balanced output connection that comes with an additional socket cover.,
Sennheiser,HD 480/490 PRO - Travel Case,700503,Travel case for HD 480 PRO/HD 490 PRO,,99,57.68,,,,615104397804,4044155284027,CN,42029298,240,0.53,240,206,55,9.45,8.11,2.17,10,3471.56,7.65,504,288,319,19.84,11.34,12.56,https://images.salsify.com/image/upload/s--2xl5T6l2--/c0abcee20f971945cbf3dbb2cb4d360bdaa04f9e.jpg,,,,,,,,,,,,,,,
Sennheiser,HD 480/490 PRO-BALANCED CABLE,700330,Balanced cable for HD 480 PRO / HD 490 PRO,,79,46.03,,,,615104391079,4044155279917,CN,85444290,39,0.09,225,22,135,8.86,0.87,5.31,60,4082.0,9.0,605,195,275,23.82,7.68,10.83,https://images.salsify.com/image/upload/s--PY-8YbMd--/4bf93fbd22acc91a29e4a86c0b2ea842541cea85.jpg,,,,,,,,,,One 1.8m balanced cable for 4.4mm common balanced output connection that comes with an additional socket cover.,One 1.8m balanced cable for 4.4mm common balanced output connection that comes with an additional socket cover.,One 1.8m balanced cable for 4.4mm common balanced output connection that comes with an additional socket cover.,One 1.8m balanced cable for 4.4mm common balanced output connection that comes with an additional socket cover.,One 1.8m balanced cable for 4.4mm common balanced output connection that comes with an additional socket cover.,(1) HD 490 PRO - Balanced Cable
Sennheiser,HD 490 PRO,700286,"Professional reference studio headphones  (open-back). Includes (1) 1.8m cable, (1) set mixing ear pads and (1) set producing ear pads",,809,471.33,,,,615104387676,4044155277951,RO,85183000,260,0.57,"245,7","77,5",241,9.67,3.05,9.49,7,5246.26,11.57,584,288,259,22.99,11.34,10.20,https://images.salsify.com/image/upload/s--thxhDxxI--/759c7a5ced0d5e833c5533a5f1d45792a8dd90a8.jpg,https://images.salsify.com/image/upload/s--tEmyB9An--/cb2c408d5d66c56b23c125f4a29dbad6ba34785b.jpg,https://images.salsify.com/image/upload/s--qzDTKfud--/44b992525ebc71c1b7b2c51b3faca1b2c8aed0a5.jpg,https://images.salsify.com/image/upload/s--rw9VENr9--/1a6eda37e724ce9ef7ecb29634b195924cac03a8.jpg,https://images.salsify.com/image/upload/s--CZbW12C0--/3d25e4a9ac529746df75fe5686c9ada49d476aaa.jpg,https://images.salsify.com/image/upload/s--uxHwTRFn--/9b3667f9bd3bf1528ecb261de8351f14a3007cff.jpg,https://images.salsify.com/image/upload/s--CIBPitzb--/57d28b8e5a489731e5a1a3d0c12ded4363bf42b0.jpg,https://images.salsify.com/image/upload/s--8O4KBe8g--/c015a46d0033566726dcf4dc7b716ad2cf15a2c3.jpg,,,https://www.sennheiser.com/globalassets/digizuite/46016-en-HD 490 PRO_HD 490 PRO Plus_Product_Specification_v1.0_EN.pdf,https://www.sennheiser.com/globalassets/digizuite/46016-en-HD 490 PRO_HD 490 PRO Plus_Product_Specification_v1.0_EN.pdf,https://www.sennheiser.com/globalassets/digizuite/46016-en-HD 490 PRO_HD 490 PRO Plus_Product_Specification_v1.0_EN.pdf,https://www.sennheiser.com/globalassets/digizuite/46016-en-HD 490 PRO_HD 490 PRO Plus_Product_Specification_v1.0_EN.pdf,https://www.sennheiser.com/globalassets/digizuite/46016-en-HD 490 PRO_HD 490 PRO Plus_Product_Specification_v1.0_EN.pdf,"(1) HD 490 PRO Headphones, (1) 3.5mm - 6.3mm jack adaptor, (1) 1.8 m cable, (1) Set mixing ear pads, (1) Set producing ear pads, (1) Quick guide, (1) Safety guide"
Sennheiser,HD 490 PRO - MIXING PAD SET,700290,Mixing ear pad set for HD 490 PRO,,79,46.03,,,,615104387768,4044155277999,CN,85189000,"53,1",0.12,225,22,135,8.86,0.87,5.31,32,2949.2,6.5,605,195,275,23.82,7.68,10.83,https://images.salsify.com/image/upload/s--CIBPitzb--/57d28b8e5a489731e5a1a3d0c12ded4363bf42b0.jpg,,,,,,,,,,,,,,,(1) HD 490 PRO - Mixing Pad Set
Sennheiser,HD 490 PRO - PRODUCING PAD SET,700291,Producing ear pad set for HD 490 PRO,,79,46.03,,,,615104387775,4044155278002,CN,85189000,"53,5",0.12,225,22,135,8.86,0.87,5.31,32,2962.0,6.53,605,195,275,23.82,7.68,10.83,https://images.salsify.com/image/upload/s--uxHwTRFn--/9b3667f9bd3bf1528ecb261de8351f14a3007cff.jpg,,,,,,,,,,,,,,,(1) HD 490 PRO - Producing Pad Set
Sennheiser,HD 490 PRO PLUS,700287,"Professional reference studio headphones (open-back) . Includes (1) 1.8m cable, (1) 3m cable, (1) set mixing ear pads, (1) set producing ear pads, (1) extra headband and (1) premium case",,979,570.37,,,,615104387737,4044155277968,RO,85183000,260,0.57,224,269,"99,5",8.82,10.59,3.92,6,7415.56,16.35,574,325,238,22.60,12.80,9.37,https://images.salsify.com/image/upload/s--iy4V-j6p--/f5001ce9e6d9d31cee61fffb52f7fdba9eef9335.jpg,https://images.salsify.com/image/upload/s--thxhDxxI--/759c7a5ced0d5e833c5533a5f1d45792a8dd90a8.jpg,https://images.salsify.com/image/upload/s--qzDTKfud--/44b992525ebc71c1b7b2c51b3faca1b2c8aed0a5.jpg,https://images.salsify.com/image/upload/s--CZbW12C0--/3d25e4a9ac529746df75fe5686c9ada49d476aaa.jpg,https://images.salsify.com/image/upload/s--uxHwTRFn--/9b3667f9bd3bf1528ecb261de8351f14a3007cff.jpg,https://images.salsify.com/image/upload/s--CIBPitzb--/57d28b8e5a489731e5a1a3d0c12ded4363bf42b0.jpg,https://images.salsify.com/image/upload/s--8O4KBe8g--/c015a46d0033566726dcf4dc7b716ad2cf15a2c3.jpg,https://images.salsify.com/image/upload/s--Yk3r2o-J--/4e6f9c930729d3360f2828d150f772cc91b1a270.jpg,,,https://www.sennheiser.com/globalassets/digizuite/46016-en-HD 490 PRO_HD 490 PRO Plus_Product_Specification_v1.0_EN.pdf,https://www.sennheiser.com/globalassets/digizuite/46016-en-HD 490 PRO_HD 490 PRO Plus_Product_Specification_v1.0_EN.pdf,https://www.sennheiser.com/globalassets/digizuite/46016-en-HD 490 PRO_HD 490 PRO Plus_Product_Specification_v1.0_EN.pdf,https://www.sennheiser.com/globalassets/digizuite/46016-en-HD 490 PRO_HD 490 PRO Plus_Product_Specification_v1.0_EN.pdf,https://www.sennheiser.com/globalassets/digizuite/46016-en-HD 490 PRO_HD 490 PRO Plus_Product_Specification_v1.0_EN.pdf,"(1) HD 490 PRO Headphones, (1) 3.5 mm - 6.3 mm jack adaptor, (1) 1.8 m cable, (1) 3 m cable, (1) Set mixing ear pads, (1) Set producing ear pads, (1) Extra headband pad, (1) Case, (1) Quick guide, (1) Safety guide"
Sennheiser,HEADBAND FOR HD 25 LIGHT,508823,Single Headband for HD 25 LIGHT,,39.95,23.28,,,,615104340039,4044155249330,DE,85189000,39,0.09,270,"0,05",215,10.63,0.00,8.46,50,2886.56,6.36,541,420,266,21.30,16.54,10.47,https://images.salsify.com/image/upload/s--gk6j7v3G--/09a50d145671c3841865cb4f24af03330a4ef3be.jpg,,,,,,,,,,,,,,,(1) Headband for HD 25 Light
Sennheiser,HEADMIC  FRAME BE,700064,Headmic frame for Headmic 4 in the color beige,,299,174.2,,,,615104378759,4044155271188,DE,85189000,11,0.02,225,"0,2",135,8.86,0.01,5.31,30,451.86,1.0,194,178,149,7.64,7.01,5.87,https://images.salsify.com/image/upload/s--LkPlQQxX--/2698b08d9b951368750ed9f2b328a7a916048ce6.jpg,,,,,,,,,,,,,,,(1) HEADmicrophone FRAME BE
Sennheiser,HEADMIC  FRAME BK,700078,Headmic frame for the Headmic 4 in the color black,,299,174.2,,,,615104378766,4044155271195,DE,85189000,11,0.02,225,"0,2",135,8.86,0.01,5.31,30,451.86,1.0,194,178,149,7.64,7.01,5.87,https://images.salsify.com/image/upload/s--LkPlQQxX--/2698b08d9b951368750ed9f2b328a7a916048ce6.jpg,,,,,,,,,,,,,,,(1) HEADmicrophone FRAME BK
Sennheiser,HEADMIC  FRAME SB,700079,Headmic frame for the Headmic 4 in the color silver,,299,174.2,,,,615104378773,4044155271201,DE,85189000,11,0.02,225,"0,2",135,8.86,0.01,5.31,30,451.86,1.0,194,178,149,7.64,7.01,5.87,https://images.salsify.com/image/upload/s--LkPlQQxX--/2698b08d9b951368750ed9f2b328a7a916048ce6.jpg,,,,,,,,,,,,,,,(1) HEADmicrophone FRAME SB
Sennheiser,HEADMIC 1 (BEIGE 3-PIN),506906,"Speechline neckband microphone (omnidirectional, condenser) . Includes (1) connection cable, (1) MZC 2 frequency response cap, (1) SL MZW 1 windscreen, and (1) soft carrying case, LEMO termination, beige",,1219,710.2,,,,615104272750,4044155209075,DE,85181000,"0,1",0.00,238,205,56,9.37,8.07,2.20,10,582.56,1.28,504,288,319,19.84,11.34,12.56,https://images.salsify.com/image/upload/s--YESX7qSS--/af1022dd9e3039e52f537114b845c5dd57f4e2d3.jpg,,,,,,,,Condenser,Omnidirectional,https://www.sennheiser.com/globalassets/digizuite/40479-en-2022_11_SpeechLine_Digital_Wireless_System_Specification_v3.2_EN.pdf,https://www.sennheiser.com/globalassets/digizuite/40479-en-2022_11_SpeechLine_Digital_Wireless_System_Specification_v3.2_EN.pdf,https://www.sennheiser.com/globalassets/digizuite/40479-en-2022_11_SpeechLine_Digital_Wireless_System_Specification_v3.2_EN.pdf,https://www.sennheiser.com/globalassets/digizuite/40479-en-2022_11_SpeechLine_Digital_Wireless_System_Specification_v3.2_EN.pdf,https://www.sennheiser.com/globalassets/digizuite/40479-en-2022_11_SpeechLine_Digital_Wireless_System_Specification_v3.2_EN.pdf,"(1) SL Headmicrophone 1 Neckworn Microphone, (1) Connection cable (3.5 mm or 3-Pin), (1) MZC 2 frequency response cap, (1) MZC-1-1 cap (only for SL Headmicrophone 1-4 NC variants), (2) Clips (only for SL Headmicrophone 1-4 NC variants), (1) SL MZW 1 windscreen, (1) Soft case, (1) Instruction manual"
Sennheiser,HEADMIC 1 (BEIGE EW),506272,"Neckband microphone with MKE 1 microphone capsule (omnidirectional, condenser) with EW jack. Includes (1) 3.5mm connection cable, (1) MZC 2 frequency response cap, (1) SL MZW 1 windscreen, and (1) soft carrying case, beige",,1219,710.2,,,,615104260566,4044155096637,DE,85181000,426,0.94,238,205,56,9.37,8.07,2.20,10,4841.56,10.67,504,288,319,19.84,11.34,12.56,https://images.salsify.com/image/upload/s--BdGnqvbM--/e6d1230f236e26b84fcabd5b261c5be8ac0aea66.jpg,https://images.salsify.com/image/upload/s--yJFVlhhv--/ba9ebe16850986ff53a7f8bded57c76ca8e7e784.jpg,https://images.salsify.com/image/upload/s--TI__g8g0--/fc740b06d980a89dfe7ff88057adb0f6310c0a7a.jpg,,,,,,Condenser,Omnidirectional,https://www.sennheiser.com/globalassets/digizuite/40479-en-2022_11_SpeechLine_Digital_Wireless_System_Specification_v3.2_EN.pdf,https://www.sennheiser.com/globalassets/digizuite/40479-en-2022_11_SpeechLine_Digital_Wireless_System_Specification_v3.2_EN.pdf,https://www.sennheiser.com/globalassets/digizuite/40479-en-2022_11_SpeechLine_Digital_Wireless_System_Specification_v3.2_EN.pdf,https://www.sennheiser.com/globalassets/digizuite/40479-en-2022_11_SpeechLine_Digital_Wireless_System_Specification_v3.2_EN.pdf,https://www.sennheiser.com/globalassets/digizuite/40479-en-2022_11_SpeechLine_Digital_Wireless_System_Specification_v3.2_EN.pdf,"(1) SL Headmicrophone 1 Neckworn Microphone, (1) Connection cable (3.5 mm or 3-Pin), (1) MZC 2 frequency response cap, (1) MZC-1-1 cap (only for SL Headmicrophone 1-4 NC variants), (2) Clips (only for SL Headmicrophone 1-4 NC variants), (1) SL MZW 1 windscreen, (1) Soft case, (1) Instruction manual"
Sennheiser,HEADMIC 1 (BLACK 3-PIN),506905,"Speechline neckband microphone (omnidirectional, condenser) . Includes (1) connection cable, (1) MZC 2 frequency response cap, (1) SL MZW 1 windscreen, and (1) soft carrying case, LEMO termination, black",,1219,710.2,,,,615104272743,4044155209068,DE,85181000,"0,1",0.00,238,205,56,9.37,8.07,2.20,10,582.56,1.28,504,288,319,19.84,11.34,12.56,https://images.salsify.com/image/upload/s--J6sxlKQW--/f1735eee14eebd88b59c64818447dcc0882beb4a.jpg,,,,,,,,Condenser,Omnidirectional,https://www.sennheiser.com/globalassets/digizuite/40479-en-2022_11_SpeechLine_Digital_Wireless_System_Specification_v3.2_EN.pdf,https://www.sennheiser.com/globalassets/digizuite/40479-en-2022_11_SpeechLine_Digital_Wireless_System_Specification_v3.2_EN.pdf,https://www.sennheiser.com/globalassets/digizuite/40479-en-2022_11_SpeechLine_Digital_Wireless_System_Specification_v3.2_EN.pdf,https://www.sennheiser.com/globalassets/digizuite/40479-en-2022_11_SpeechLine_Digital_Wireless_System_Specification_v3.2_EN.pdf,https://www.sennheiser.com/globalassets/digizuite/40479-en-2022_11_SpeechLine_Digital_Wireless_System_Specification_v3.2_EN.pdf,"(1) SL Headmicrophone 1 Neckworn Microphone, (1) Connection cable (3.5 mm or 3-Pin), (1) MZC 2 frequency response cap, (1) MZC-1-1 cap (only for SL Headmicrophone 1-4 NC variants), (2) Clips (only for SL Headmicrophone 1-4 NC variants), (1) SL MZW 1 windscreen, (1) Soft case, (1) Instruction manual"
Sennheiser,HEADMIC 1 (BLACK EW),506271,"Neckband microphone with MKE 1 microphone capsule (omnidirectional, condenser) with EW jack. Includes (1) 3.5mm connection cable, (1) MZC 2 frequency response cap, (1) SL MZW 1 windscreen, and (1) soft carrying case, black",,1219,710.2,,,,615104260559,4044155096620,DE,85181000,426,0.94,238,205,56,9.37,8.07,2.20,10,4841.56,10.67,504,288,319,19.84,11.34,12.56,https://images.salsify.com/image/upload/s--oryBabTg--/82ed3d4ff1a6a0cad9c1c3e1cbf4de585797a61f.jpg,https://images.salsify.com/image/upload/s--TBCT7dVd--/e9ea5b9fb2956f170e913211d7f1f7c0e98314fb.jpg,,,,,,,Condenser,Omnidirectional,https://www.sennheiser.com/globalassets/digizuite/40479-en-2022_11_SpeechLine_Digital_Wireless_System_Specification_v3.2_EN.pdf,https://www.sennheiser.com/globalassets/digizuite/40479-en-2022_11_SpeechLine_Digital_Wireless_System_Specification_v3.2_EN.pdf,https://www.sennheiser.com/globalassets/digizuite/40479-en-2022_11_SpeechLine_Digital_Wireless_System_Specification_v3.2_EN.pdf,https://www.sennheiser.com/globalassets/digizuite/40479-en-2022_11_SpeechLine_Digital_Wireless_System_Specification_v3.2_EN.pdf,https://www.sennheiser.com/globalassets/digizuite/40479-en-2022_11_SpeechLine_Digital_Wireless_System_Specification_v3.2_EN.pdf,"(1) SL Headmicrophone 1 Neckworn Microphone, (1) Connection cable (3.5 mm or 3-Pin), (1) MZC 2 frequency response cap, (1) MZC-1-1 cap (only for SL Headmicrophone 1-4 NC variants), (2) Clips (only for SL Headmicrophone 1-4 NC variants), (1) SL MZW 1 windscreen, (1) Soft case, (1) Instruction manual"
Sennheiser,HEADMIC 1 (SILVER 3-PIN),506907,"Speechline neckband microphone (omnidirectional, condenser) . Includes (1) connection cable, (1) MZC 2 frequency response cap, (1) SL MZW 1 windscreen, and (1) soft carrying case, LEMO termination, silver",,1219,710.2,,,,615104272767,4044155209082,DE,85181000,"0,1",0.00,238,205,56,9.37,8.07,2.20,10,582.56,1.28,504,288,319,19.84,11.34,12.56,https://images.salsify.com/image/upload/s--KfKZJk0S--/cfd4501594d1240cd37647baeeb215b76e4377bc.jpg,,,,,,,,Condenser,Omnidirectional,https://www.sennheiser.com/globalassets/digizuite/40479-en-2022_11_SpeechLine_Digital_Wireless_System_Specification_v3.2_EN.pdf,https://www.sennheiser.com/globalassets/digizuite/40479-en-2022_11_SpeechLine_Digital_Wireless_System_Specification_v3.2_EN.pdf,https://www.sennheiser.com/globalassets/digizuite/40479-en-2022_11_SpeechLine_Digital_Wireless_System_Specification_v3.2_EN.pdf,https://www.sennheiser.com/globalassets/digizuite/40479-en-2022_11_SpeechLine_Digital_Wireless_System_Specification_v3.2_EN.pdf,https://www.sennheiser.com/globalassets/digizuite/40479-en-2022_11_SpeechLine_Digital_Wireless_System_Specification_v3.2_EN.pdf,"(1) SL Headmicrophone 1 Neckworn Microphone, (1) Connection cable (3.5 mm or 3-Pin), (1) MZC 2 frequency response cap, (1) MZC-1-1 cap (only for SL Headmicrophone 1-4 NC variants), (2) Clips (only for SL Headmicrophone 1-4 NC variants), (1) SL MZW 1 windscreen, (1) Soft case, (1) Instruction manual"
Sennheiser,HEADMIC 1 (SILVER EW),506904,"Neckband microphone with MKE 1 microphone capsule (omnidirectional, condenser) with EW jack. Includes (1) 3.5mm connection cable, (1) MZC 2 frequency response cap, (1) SL MZW 1 windscreen, and (1) soft carrying case, silver",,1219,710.2,,,,615104272736,4044155209051,DE,85181000,"0,1",0.00,238,205,56,9.37,8.07,2.20,10,582.56,1.28,504,288,319,19.84,11.34,12.56,https://images.salsify.com/image/upload/s--KelG5nUN--/368d0e303f18ac401bd4dc2fb0e719fefe2363e6.jpg,https://images.salsify.com/image/upload/s--1tJCYRee--/f3d9999aadd5c5c9d3a35b7cf6f4f8fae56d45ba.jpg,,,,,,,Condenser,Omnidirectional,https://www.sennheiser.com/globalassets/digizuite/40479-en-2022_11_SpeechLine_Digital_Wireless_System_Specification_v3.2_EN.pdf,https://www.sennheiser.com/globalassets/digizuite/40479-en-2022_11_SpeechLine_Digital_Wireless_System_Specification_v3.2_EN.pdf,https://www.sennheiser.com/globalassets/digizuite/40479-en-2022_11_SpeechLine_Digital_Wireless_System_Specification_v3.2_EN.pdf,https://www.sennheiser.com/globalassets/digizuite/40479-en-2022_11_SpeechLine_Digital_Wireless_System_Specification_v3.2_EN.pdf,https://www.sennheiser.com/globalassets/digizuite/40479-en-2022_11_SpeechLine_Digital_Wireless_System_Specification_v3.2_EN.pdf,"(1) SL Headmicrophone 1 Neckworn Microphone, (1) Connection cable (3.5 mm or 3-Pin), (1) MZC 2 frequency response cap, (1) MZC-1-1 cap (only for SL Headmicrophone 1-4 NC variants), (2) Clips (only for SL Headmicrophone 1-4 NC variants), (1) SL MZW 1 windscreen, (1) Soft case, (1) Instruction manual"
Sennheiser,HEADMIC 4 (BEIGE 3-PIN),509497,"Permanently polarized condenser headmic with cardioid pick-up pattern compatible with all Sennheiser bodypack (3-Pin connector) transmitters in the color beige. Includes (1) Headmic 4 (KE 4 cardioid mic capsule), (1) 3-Pin connector, (1) MZW 44 windshield, (1) soft case, quick guide and safety instructions.",,1319,768.46,,,,615104100213,4044155267259,DE,85181000,350,0.77,238,205,56,9.37,8.07,2.20,10,4081.56,9.0,504,288,319,19.84,11.34,12.56,https://images.salsify.com/image/upload/s--xaZMTh8x--/c0ba3cc67c93fb4a791fd38cccb562ef8787bd80.png,,,,,,,,,,,,,,,"(1) Headmicrophone 4 Headworn microphone, (1) Connection cable with 3.5 mm jack plug or 3-Pin connector, (1) MZW 44 Windscreen, (1) Soft case, (1) Quick guide, (1) Safety guide"
Sennheiser,HEADMIC 4 (BEIGE EW),509494,"Permanently polarized condenser headmic with cardioid pick-up pattern compatible with all Sennheiser bodypack  (3.5 mm jack) transmitters in the color beige. Includes (1) Headmic 4 (KE 4 cardioid mic capsule), (1) 3.5 mm jack plug, (1) MZW 44 windshield, (1) soft case, quick guide and safety instructions.",,1319,768.46,,,,615104100183,4044155267228,DE,85181000,350,0.77,238,205,56,9.37,8.07,2.20,10,4081.56,9.0,504,288,319,19.84,11.34,12.56,https://images.salsify.com/image/upload/s--xr0Qx8jH--/2f0729e678a7af0e0030fa4f28fdf0c748038ae9.png,,,,,,,,,,,,,,,"(1) Headmicrophone 4 Headworn microphone, (1) Connection cable with 3.5 mm jack plug or 3-Pin connector, (1) MZW 44 Windscreen, (1) Soft case, (1) Quick guide, (1) Safety guide"
Sennheiser,HEADMIC 4 (BLACK 3-PIN),509498,"Permanently polarized condenser headmic with cardioid pick-up pattern compatible with all Sennheiser bodypack (3-Pin connector) transmitters in the color black. Includes (1) Headmic 4 (KE 4 cardioid mic capsule), (1) 3-Pin connector, (1) MZW 44 windshield, (1) soft case, quick guide and safety instructions.",,1319,768.46,,,,615104100299,4044155267266,DE,85181000,350,0.77,238,205,56,9.37,8.07,2.20,10,4081.56,9.0,504,288,319,19.84,11.34,12.56,https://images.salsify.com/image/upload/s--PSTdNtrD--/f1c2bd76e7fefc3863eb84bae3f29b1e79b23ea3.png,,,,,,,,,,,,,,,"(1) Headmicrophone 4 Headworn microphone, (1) Connection cable with 3.5 mm jack plug or 3-Pin connector, (1) MZW 44 Windscreen, (1) Soft case, (1) Quick guide, (1) Safety guide"
Sennheiser,HEADMIC 4 (BLACK EW),509495,"Permanently polarized condenser headmic with cardioid pick-up pattern compatible with all Sennheiser bodypack (3.5 mm jack) transmitters in the color black. Includes (1) Headmic 4 (KE 4 cardioid mic capsule), (1) 3.5 mm jack plug, (1) MZW 44 windshield, (1) soft case, quick guide and safety instructions.",,1319,768.46,,,,615104100190,4044155267235,DE,85181000,350,0.77,238,205,56,9.37,8.07,2.20,10,4081.56,9.0,504,288,319,19.84,11.34,12.56,https://images.salsify.com/image/upload/s--XwYO7OoY--/8665612991de84f85b57652d62eed81050502b63.png,,,,,,,,,,,,,,,"(1) Headmicrophone 4 Headworn microphone, (1) Connection cable with 3.5 mm jack plug or 3-Pin connector, (1) MZW 44 Windscreen, (1) Soft case, (1) Quick guide, (1) Safety guide"
Sennheiser,HEADMIC 4 (SILVER 3-PIN),509499,"Permanently polarized condenser headmic with cardioid pick-up pattern compatible with all Sennheiser bodypack (3-Pin connector) transmitters in the color beige. Includes (1) Headmic 4 (KE 4 cardioid mic capsule), (1) 3.5 mm jack plug, (1) MZW 44 windshield, (1) soft case, quick guide and safety instructions.",,1319,768.46,,,,615104100923,4044155267273,DE,85181000,350,0.77,238,205,56,9.37,8.07,2.20,10,4081.56,9.0,504,288,319,19.84,11.34,12.56,https://images.salsify.com/image/upload/s--g6iINGNU--/c1d53fb41cd56e60af78e46358fcdec7a03b8b13.png,,,,,,,,,,,,,,,"(1) Headmicrophone 4 Headworn microphone, (1) Connection cable with 3.5 mm jack plug or 3-Pin connector, (1) MZW 44 Windscreen, (1) Soft case, (1) Quick guide, (1) Safety guide"
Sennheiser,HEADMIC 4 (SILVER EW),509496,"Permanently polarized condenser headmic with cardioid pick-up pattern compatible with all Sennheiser bodypack  (3.5 mm jack) transmitters in the color silver. Includes (1) Headmic 4 (KE 4 cardioid mic capsule), (1) 3.5 mm jack plug, (1) MZW 44 windshield, (1) soft case, quick guide and safety instructions.",,1319,768.46,,,,615104100206,4044155267242,DE,85181000,350,0.77,238,205,56,9.37,8.07,2.20,10,4081.56,9.0,504,288,319,19.84,11.34,12.56,https://images.salsify.com/image/upload/s--Ay0zXb4S--/e28c8dc8b616e99dafe13e57e1a1d85c94616adc.png,,,,,,,,,,,,,,,"(1) Headmicrophone 4 Headworn microphone, (1) Connection cable with 3.5 mm jack plug or 3-Pin connector, (1) MZW 44 Windscreen, (1) Soft case, (1) Quick guide, (1) Safety guide"
Sennheiser,HEADSET CABLE X3K1,700427,"Straight copper cable with coiled segment to eliminate structure born noise. Reinforced with Aramid for improved durability, and softer shield for greater flexibility. XLR-3 connector and 6.3 mm (1/4Ó) jack plug with gold plated contacts, 2 m. Compatible with the HMD 300 PRO, HMD 301 PRO, HMD/HME 26-II and the HMD/HME 27 PRO",,199,115.94,,,,615104395152,4044155282474,CN,85444290,106,0.23,225,"0,2",135,8.86,0.01,5.31,20,2357.0,5.2,194,178,149,7.64,7.01,5.87,https://images.salsify.com/image/upload/s--1gxBtFkX--/ca504073208a7f746cbf97dd39fa6f82eac98d5e.jpg,,,,,,,,,,,,,,,(1) HEADSET CABLE X3K1
Sennheiser,HM 200 (SILVER 3-PIN),509490,"Neckband microphone with MKE 1 microphone capsule (omnidirectional, condenser) with 3-pin connector. Includes (1) foam windshield (beige), (1) protection cap (beige), (1) small protection cap (beige), (6) attachment clips, and (1) transport case",,1219,710.2,,,,615104373075,4044155268256,DE,85181000,426,0.94,238,205,56,9.37,8.07,2.20,10,4571.56,10.08,504,288,319,19.84,11.34,12.56,https://images.salsify.com/image/upload/s--HptuvjeU--/9ca63f39a5a871737812765e3b0c15f09041e8b2.jpg,https://images.salsify.com/image/upload/s--g3Y6BJUj--/8b2660ad9cd99f7fce9760fb48f109d4715e0e70.jpg,https://images.salsify.com/image/upload/s--wM1gs3zz--/534530660e210f37c0a3379c106bea64e1291956.jpg,https://images.salsify.com/image/upload/s--hQFIEeBn--/d0f935a250b643a9f293fcbd71a8bea58a2d602f.jpg,,,,,Condenser,Omnidirectional,,,,,,"(1) HM 200 Headmworn microphone, (1) Windscreen (beige), (1) Protection cap (beige), (1) Small protection cap (beige), (6) Attachment clips, (1) Transport Case"
Sennheiser,HM 4 BOOM ARM BE,700087,Boom arm accessory for Headmic 4 in the color beige,,539,314.03,,,,615104378827,4044155271218,DE,85189000,8,0.02,378,"0,2",135,14.88,0.01,5.31,5,203.86,0.45,194,178,149,7.64,7.01,5.87,https://images.salsify.com/image/upload/s--LkPlQQxX--/2698b08d9b951368750ed9f2b328a7a916048ce6.jpg,,,,,,,,,,,,,,,(1) HM 4 BOOM ARM BE
Sennheiser,HM 4 BOOM ARM BK,700091,Boom arm accessory for Headmic 4 in the color black,,539,314.03,,,,615104378834,4044155271225,DE,85189000,8,0.02,378,"0,2",135,14.88,0.01,5.31,5,203.86,0.45,194,178,149,7.64,7.01,5.87,https://images.salsify.com/image/upload/s--LkPlQQxX--/2698b08d9b951368750ed9f2b328a7a916048ce6.jpg,,,,,,,,,,,,,,,(1) HM 4 BOOM ARM BK
Sennheiser,HM 4 BOOM ARM SB,700092,Boom arm accessory for Headmic 4 in the color silver,,539,314.03,,,,615104378889,4044155271232,DE,85189000,8,0.02,378,"0,2",135,14.88,0.01,5.31,5,203.86,0.45,194,178,149,7.64,7.01,5.87,https://images.salsify.com/image/upload/s--LkPlQQxX--/2698b08d9b951368750ed9f2b328a7a916048ce6.jpg,,,,,,,,,,,,,,,(1) HM 4 BOOM ARM SB
Sennheiser,HMD 26,700318,"Closed on-ear headset for outdoor broadcast application, ActiveGard© limiting technology with three switchable attenuation  settings (off/ 95 dB/ 110 dB), supercardioid dynamic microphone, cable not included",,1019,593.68,,,,615104390256,4044155279450,RO,8518 3000,200,0.44,170,188,70,6.69,7.40,2.76,12,6140.56,13.54,541,420,266,21.30,16.54,10.47,https://images.salsify.com/image/upload/s--t9iypc9L--/3d9f75255c16245442bd9f195584db9c384c1e6d.jpg,,,,,,,,Dynamic,Hypercardioid,,,,,,"(1) HMD 26 Headset (cable not included), (1) Large headband padding, (1) Windscreen, (1) Pouch, (1) Quick guide, (1) Safety guide"
Sennheiser,HMD 26 - Windscreen small,532732,"1 pc Windscreen, small, for HMD 26, HMD 27, HMD 300 PRO series with white Sennheiser Logo printed",,12.62,7.35,,,,615104173132,4044155046854,DE,39269097,5,0.01,225,"0,2",135,8.86,0.01,5.31,100,1081.56,2.38,504,288,319,19.84,11.34,12.56,https://images.salsify.com/image/upload/s--JRXX6f_2--/a52c640c965d95fd8ce9eea9928170643b762dba.jpg,,,,,,,,,,,,,,,(1) HMD 26 Windscreen small
Sennheiser,HMD 26 S,700319,"Closed on-ear headset for outdoor broadcast application, single sided, ActiveGard© limiting technology with three switchable attenuation  settings (off/ 95 dB/ 110 dB), supercardioid dynamic microphone, cable not included",,919,535.42,,,,615104390263,4044155279467,RO,8518 3000,130,0.29,170,188,70,6.69,7.40,2.76,12,5312.56,11.71,541,420,266,21.30,16.54,10.47,https://images.salsify.com/image/upload/s--IV91Hba1--/c0691dcc7596f1961686054295a4703b889f103d.jpg,,,,,,,,Dynamic,Hypercardioid,,,,,,"(1) HMD 26 Headset (cable not included), (1) Large headband padding, (1) Windscreen, (1) Pouch, (1) Quick guide, (1) Safety guide"
Sennheiser,HMD 27,700322,"Closed circumaural headset for highest levels of audio performance and ergonomic comfort, ActiveGard© limiting technology with three switchable attenuation  settings (off/ 95 dB/ 110 dB), supercardioid dynamic microphone, cable not included",,1119,651.94,,,,615104390294,4044155279498,RO,8518 3000,240,0.53,171,200,78,6.73,7.87,3.07,12,6176.56,13.62,541,420,266,21.30,16.54,10.47,https://images.salsify.com/image/upload/s--52LSIfj5--/0331cf5518a94aa6c220fac3af614a354cd39be0.jpg,https://images.salsify.com/image/upload/s--5dzSDff2--/11fb2f401592d5a9a2072c4071c79271c78b9888.png,https://images.salsify.com/image/upload/s--40G0VvkK--/db28aa6b3c813b91603ee77c1e06527741d7e3ad.png,,,,,,Dynamic,Hypercardioid,,,,,,"(1) HMD 27 Headset (cable not included), (1) Large headband padding, (1) Windscreen, (1) Pouch, (1) Quick guide, (1) Safety guide"
Sennheiser,HMD 300,700315,"closed-back circumaural broadcast headset for backstage communication, switchable ActiveGard© limiting technology, super-cardioid, dynamic microphone, cable not included",,679,395.59,,,,615104390225,4044155279429,RO,8518 3000,320,0.70,170,208,87,6.69,8.19,3.43,12,7364.56,16.24,541,420,266,21.30,16.54,10.47,https://images.salsify.com/image/upload/s--G6LGpqI7--/9825e3436439dd6bb64bcf7005a2c109267ad910.jpg,,,,,,,,Dynamic,Hypercardioid,,,,,,"(1) HMD 300 Headset (cable not included), (1) Windscreen, (1) Pouch, (1) Quick guide, (1) Safety guide"
Sennheiser,HMD 300 S,700316,"closed-back circumaural broadcast headset for backstage communication, switchable ActiveGard© limiting technology, single sided, super-cardioid, dynamic microphone, cable not included",,579,337.33,,,,615104390232,4044155279436,RO,8518 3000,240,0.53,170,208,87,6.69,8.19,3.43,12,6284.56,13.85,541,420,266,21.30,16.54,10.47,https://images.salsify.com/image/upload/s--opKewAcK--/e0fccfff1c0711f7e1a2c4bc6445f4046ce51766.jpg,,,,,,,,Dynamic,Hypercardioid,,,,,,"(1) HMD 300 Headset (cable not included), (1) Windscreen, (1) Pouch, (1) Quick guide, (1) Safety guide"
Sennheiser,HMD 300 X3K1,700317,"closed-back circumaural broadcast headset, switchable ActiveGard© limiting technology, super-cardioid, dynamic microphone, incl. cable XLR-3 male connector and 6,3 mm (_"") jack plug",,809,471.33,,,,615104390249,4044155279443,RO,8518 3000,320,0.70,170,208,87,6.69,8.19,3.43,12,8540.56,18.83,541,420,266,21.30,16.54,10.47,https://images.salsify.com/image/upload/s--mEC2Sn1H--/de2f225b356b8a65bab3b4d727c92e170dc2b63a.jpg,https://images.salsify.com/image/upload/s--1gxBtFkX--/ca504073208a7f746cbf97dd39fa6f82eac98d5e.jpg,,,,,,,Dynamic,Hypercardioid,,,,,,"(1) HMD 300 X3K1 Headset, (1) Windscreen, (1) Pouch, (1) Quick guide, (1) Safety guide"
Sennheiser,HMD 46,700313,"Audio headset for Intercom Communication, 200 ½ per system,  supercardioid dynamic microphone, cable not included",,609,354.81,,,,615104390201,4044155279405,RO,8518 3000,150,0.33,140,181,78,5.51,7.13,3.07,12,5348.56,11.79,541,420,266,21.30,16.54,10.47,https://images.salsify.com/image/upload/s--YKw1J9oG--/a2613a72b0aba16b45a8e699fb8710d2e7b74b9d.jpg,,,,,,,,Dynamic,Hypercardioid,,,,,,"(1) HMD 46 Headset (cable not included), (1) Windscreen, (1) Pouch, (1) Quick guide, (1) Safety guide"
Sennheiser,HMD/ HME/ HD - Cable Clip,525787,1 pc cable clip for round copper and coiled Broadcast cables,,9.42,5.49,,,,615104146518,4044155031782,DE,39269097,7,0.02,225,"0,2",135,8.86,0.01,5.31,20,246.56,0.54,246,106,186,9.69,4.17,7.32,https://images.salsify.com/image/upload/s--20rnKTZh--/cab9f21bf7a630a881989a73fad7a82db755c234.jpg,,,,,,,,,,,,,,,(1) HMD/ HME/ HD - Cable Clip
Sennheiser,HMDC 27,700324,"Closed circumaural headset for highest levels of audio performance and ergonomic comfort, ActiveGard© limiting technology with three switchable attenuation  settings (off/ 95 dB/ 110 dB), Active noise compensation (NoiseGardª), supercardioid dynamic microphone, cable not included",,1319,768.46,,,,615104390317,4044155279511,RO,8518 3000,250,0.55,171,200,78,6.73,7.87,3.07,12,6248.56,13.78,541,420,266,21.30,16.54,10.47,https://images.salsify.com/image/upload/s--y6eDbGuK--/19fae00a965ab62536c423e2ae02c746e114dc6d.jpg,https://images.salsify.com/image/upload/s--W3ZP0pGG--/5de66f732c7ade972618a08421e870b5f7bdc6cd.png,https://images.salsify.com/image/upload/s--665dQ0TJ--/65ac56c0e602e75fa4c17cebe3561766595bcaf8.png,,,,,,Dynamic,Hypercardioid,,,,,,"(1) HMDC 27 Headset (cable not included), (1) Large headband padding, (1) Windscreen, (1) Pouch, (1) Quick guide, (1) Safety guide"
Sennheiser,HME 26,700320,"Closed on-ear headset for outdoor broadcast application, ActiveGard© limiting technology with three switchable attenuation  settings (off/ 95 dB/ 110 dB), supercardioid elektret microphone, cable not included",,1019,593.68,,,,615104390270,4044155279474,RO,8518 3000,200,0.44,170,188,70,6.69,7.40,2.76,12,6020.56,13.27,541,420,266,21.30,16.54,10.47,https://images.salsify.com/image/upload/s---0h_RBt2--/06c3d1c3c71cbc26d02f8266fcc28bfb9fa785df.jpg,,,,,,,,Electret Condenser,Cardioid,,,,,,"(1) HME 26 Headset (cable not included), (1) Large headband padding, (1) Windscreen, (1) Pouch, (1) Quick guide, (1) Safety guide"
Sennheiser,HME 26 S,700321,"Closed on-ear headset for outdoor broadcast application, single sided, ActiveGard© limiting technology with three switchable attenuation  settings (off/ 95 dB/ 110 dB), supercardioid electret microphone, cable not included",,919,535.42,,,,615104390287,4044155279481,RO,8518 3000,130,0.29,170,188,70,6.69,7.40,2.76,12,5192.56,11.45,541,420,266,21.30,16.54,10.47,https://images.salsify.com/image/upload/s--6at5drW7--/a5bceedaada58c103457566b724d8ae52b62fa81.jpg,,,,,,,,Electret Condenser,Cardioid,,,,,,"(1) HME 26 Headset (cable not included), (1) Large headband padding, (1) Windscreen, (1) Pouch, (1) Quick guide, (1) Safety guide"
Sennheiser,HME 27,700323,"Closed circumaural headset for highest levels of audio performance and ergonomic comfort, ActiveGard© limiting technology with three switchable attenuation  settings (off/ 95 dB/ 110 dB), supercardioid elektret microphone, cable not included",,1119,651.94,,,,615104390300,4044155279504,RO,8518 3000,240,0.53,171,200,78,6.73,7.87,3.07,12,6152.56,13.56,541,420,266,21.30,16.54,10.47,https://images.salsify.com/image/upload/s--WdynCdIH--/bd8ee44ca294577451139d289a451e1ca449e3a2.jpg,https://images.salsify.com/image/upload/s--n6DNiyQI--/3cb16dfad6b88482a21b098323b25f47ee1a224a.png,https://images.salsify.com/image/upload/s--i2PbdMzj--/51e1930a035453e52eedfa5714ce9ba3c64b287c.png,,,,,,Electret Condenser,Cardioid,,,,,,"(1) HME 27 Headset (cable not included), (1) Large headband padding, (1) Windscreen, (1) Pouch, (1) Quick guide, (1) Safety guide"
Sennheiser,HME 46,700314,"Audio headset for Intercom Communication, 200 ½ per system, elektret microphone, cable not included",,609,354.81,,,,615104390218,4044155279412,RO,8518 3000,150,0.33,140,181,78,5.51,7.13,3.07,12,5228.56,11.53,541,420,266,21.30,16.54,10.47,https://images.salsify.com/image/upload/s--qv0vKHaE--/532abacd89ac1361d4c0276fc1a3ec261726ad36.jpg,,,,,,,,Electret Condenser,Hypercardioid,,,,,,"(1) HMD 46 Headset (cable not included), (1) Windscreen, (1) Pouch, (1) Quick guide, (1) Safety guide"
Sennheiser,HNP 02-EP,505978,Spare ear pads HP 02 / NP 02 (40 pieces),,69,40.2,,,,615104248915,4044155089172,CN,85189000,"32,12",0.07,280,25,225,11.02,0.98,8.86,5,518.92,1.14,324,139,264,12.76,5.47,10.39,https://images.salsify.com/image/upload/s--LkPlQQxX--/2698b08d9b951368750ed9f2b328a7a916048ce6.jpg,,,,,,,,,,,,,,,(1) HNP 02-EP Earpads
Sennheiser,HP 02-100,505965,Robust  lightweight on-ear stereo headphones 32 ½ with excellent speech intelligibility. Rotatable earcups. 100cm cable with straight 3.5mm connector. Master carton of 20 pieces,,1039,605.33,,,,615104248571,4044155088953,CN,85183000,"3079,6",6.78,377,190,357,14.84,7.48,14.06,1,4755.2,10.48,377,190,357,14.84,7.48,14.06,https://images.salsify.com/image/upload/s--tywh3mD1--/640da866d43482b581533264993d7ad461d66f5e.jpg,,,,,,,,,,,,,,,(1) HP 02-100 Headphones
Sennheiser,HP 02-140,505966,Robust  lightweight on-ear stereo headphones 32 ½ with excellent speech intelligibility. Rotatable earcups. 140cm cable with right angle 3.5mm connector. Master carton of 20 pieces,,1039,605.33,,,,615104248588,4044155088960,CN,85183000,"3079,6",6.78,377,190,357,14.84,7.48,14.06,1,4755.2,10.48,377,190,357,14.84,7.48,14.06,https://images.salsify.com/image/upload/s--1R86zG2M--/de8920474c001095027e4ffe60e39bb85c5ac433.jpg,,,,,,,,,,,,,,,(1) HP 02-140 Headphones
Sennheiser,HSP 2 (BEIGE 3-PIN),009863,"Speechline neckband microphone, omnidirectional, platinum capsule, for SK 50/250/2000/5212/6000/9000, 3-pin SE connector, cable 1.6m, LEMO connector, beige",,1199,698.55,,,,615104098633,4006087098639,DE,85181000,6500,14.32,238,205,56,9.37,8.07,2.20,10,5111.56,11.27,504,288,319,19.84,11.34,12.56,https://images.salsify.com/image/upload/s--xsfHGPdD--/1d35213d986a77b2128e3fff4ba6f4f70628bb26.jpg,,,,,,,,Electret Condenser,Omnidirectional,https://www.sennheiser.com/globalassets/digizuite/41768-en-SP_1292_v1.0_HSP_2_Product_Specification_EN.pdf,https://www.sennheiser.com/globalassets/digizuite/41768-en-SP_1292_v1.0_HSP_2_Product_Specification_EN.pdf,https://www.sennheiser.com/globalassets/digizuite/41768-en-SP_1292_v1.0_HSP_2_Product_Specification_EN.pdf,https://www.sennheiser.com/globalassets/digizuite/41768-en-SP_1292_v1.0_HSP_2_Product_Specification_EN.pdf,https://www.sennheiser.com/globalassets/digizuite/41768-en-SP_1292_v1.0_HSP_2_Product_Specification_EN.pdf,"(1) HSP 2 Headworn microphone, (1) Neckband, (5) Clips for attaching the microphone boom, (1) Silicone Tube, (1) Connection cable, (1) MZW 4 Windscreen, (1) Plastic transport case, foam-lined with cut-outs, (2) Caps for altering the frequency response, (1) Instruction Manual"
Sennheiser,HSP 2 (BEIGE EW),009872,"Lightweight Speechline neckband microphone, omnidirectional, MKE platinum capsule (black), connection cable, 1.6m, 3.5mm EW jack, beige.  Also available in medium size variant (add -M)",,1199,698.55,,,,615104098725,4006087098721,DE,85181000,6500,14.32,238,205,56,9.37,8.07,2.20,10,5221.56,11.51,504,288,319,19.84,11.34,12.56,https://images.salsify.com/image/upload/s--00RW78lt--/32a15ee74f4771e2e7832358e23843acedcbbcdc.jpg,,,,,,,,Electret Condenser,Omnidirectional,https://www.sennheiser.com/globalassets/digizuite/41768-en-SP_1292_v1.0_HSP_2_Product_Specification_EN.pdf,https://www.sennheiser.com/globalassets/digizuite/41768-en-SP_1292_v1.0_HSP_2_Product_Specification_EN.pdf,https://www.sennheiser.com/globalassets/digizuite/41768-en-SP_1292_v1.0_HSP_2_Product_Specification_EN.pdf,https://www.sennheiser.com/globalassets/digizuite/41768-en-SP_1292_v1.0_HSP_2_Product_Specification_EN.pdf,https://www.sennheiser.com/globalassets/digizuite/41768-en-SP_1292_v1.0_HSP_2_Product_Specification_EN.pdf,"(1) HSP 2 Headworn microphone, (1) Neckband, (5) Clips for attaching the microphone boom, (1) Silicone Tube, (1) Connection cable, (1) MZW 4 Windscreen, (1) Plastic transport case, foam-lined with cut-outs, (2) Caps for altering the frequency response, (1) Instruction Manual"
Sennheiser,HSP 2 (BLACK 3-PIN),009862,"Speechline neckband microphone, omnidirectional, platinum capsule, for SK 50/250/2000/5212/6000/9000, 3-pin SE connector, cable 1.6m, LEMO connector, anthracite",,1199,698.55,,,,615104098626,4006087098622,DE,85181000,6500,14.32,238,205,56,9.37,8.07,2.20,10,5111.56,11.27,504,288,319,19.84,11.34,12.56,https://images.salsify.com/image/upload/s---WpvNMYv--/2d31dce4ca2634e8c090cd80c2ff3f44cb0156fa.jpg,,,,,,,,Electret Condenser,Omnidirectional,https://www.sennheiser.com/globalassets/digizuite/41768-en-SP_1292_v1.0_HSP_2_Product_Specification_EN.pdf,https://www.sennheiser.com/globalassets/digizuite/41768-en-SP_1292_v1.0_HSP_2_Product_Specification_EN.pdf,https://www.sennheiser.com/globalassets/digizuite/41768-en-SP_1292_v1.0_HSP_2_Product_Specification_EN.pdf,https://www.sennheiser.com/globalassets/digizuite/41768-en-SP_1292_v1.0_HSP_2_Product_Specification_EN.pdf,https://www.sennheiser.com/globalassets/digizuite/41768-en-SP_1292_v1.0_HSP_2_Product_Specification_EN.pdf,"(1) HSP 2 Headworn microphone, (1) Neckband, (5) Clips for attaching the microphone boom, (1) Silicone Tube, (1) Connection cable, (1) MZW 4 Windscreen, (1) Plastic transport case, foam-lined with cut-outs, (2) Caps for altering the frequency response, (1) Instruction Manual"
Sennheiser,HSP 2 (BLACK EW),009866,"Lightweight Speechline neckband microphone, omnidirectional, MKE platinum capsule (black), connection cable, 1.6m, 3.5mm EW jack, anthracite",,1199,698.55,,,,615104098664,4006087098660,DE,85181000,6500,14.32,238,205,56,9.37,8.07,2.20,10,5221.56,11.51,504,288,319,19.84,11.34,12.56,https://images.salsify.com/image/upload/s--KmPrLSTB--/e95b228f0b5613301e9be413542eee299e52ac2e.jpg,,,,,,,,Electret Condenser,Omnidirectional,https://www.sennheiser.com/globalassets/digizuite/41768-en-SP_1292_v1.0_HSP_2_Product_Specification_EN.pdf,https://www.sennheiser.com/globalassets/digizuite/41768-en-SP_1292_v1.0_HSP_2_Product_Specification_EN.pdf,https://www.sennheiser.com/globalassets/digizuite/41768-en-SP_1292_v1.0_HSP_2_Product_Specification_EN.pdf,https://www.sennheiser.com/globalassets/digizuite/41768-en-SP_1292_v1.0_HSP_2_Product_Specification_EN.pdf,https://www.sennheiser.com/globalassets/digizuite/41768-en-SP_1292_v1.0_HSP_2_Product_Specification_EN.pdf,"(1) HSP 2 Headworn microphone, (1) Neckband, (5) Clips for attaching the microphone boom, (1) Silicone Tube, (1) Connection cable, (1) MZW 4 Windscreen, (1) Plastic transport case, foam-lined with cut-outs, (2) Caps for altering the frequency response, (1) Instruction Manual"
Sennheiser,HSP 4 (BEIGE 3-PIN),009865,"Neckband microphone, cardioid, for SK 50/250/2000/5212/6000/9000, 3-pin SE connector, cable 1.6m, beige",,1289,750.98,,,,615104098657,4006087098653,DE,85181000,455,1.00,238,205,56,9.37,8.07,2.20,10,5131.56,11.31,504,288,319,19.84,11.34,12.56,https://images.salsify.com/image/upload/s--JdWR3cau--/7d0a135450f938d575ca93ceee72398894d20bc5.jpg,,,,,,,,Condenser,Cardioid,https://www.sennheiser.com/globalassets/digizuite/41829-en-SP_1326_v1.0_HSP_4_Product_Specification_EN.pdf,https://www.sennheiser.com/globalassets/digizuite/41829-en-SP_1326_v1.0_HSP_4_Product_Specification_EN.pdf,https://www.sennheiser.com/globalassets/digizuite/41829-en-SP_1326_v1.0_HSP_4_Product_Specification_EN.pdf,https://www.sennheiser.com/globalassets/digizuite/41829-en-SP_1326_v1.0_HSP_4_Product_Specification_EN.pdf,https://www.sennheiser.com/globalassets/digizuite/41829-en-SP_1326_v1.0_HSP_4_Product_Specification_EN.pdf,"(1) HSP 4 Headworn microphone, (1) Neckband, (5) Clips for attaching the microphone boom, (1) Silicone Tube, (1) Connection cable, (1) MZW 4 Windscreen, (1) Plastic transport case, foam-lined with cut-outs, (2) Caps for altering the frequency response, (1) Instruction Manual"
Sennheiser,HSP 4 (BEIGE EW),009873,"Lightweight neckband microphone, cardioid, connection cable, 1.6m, 3.5mm EW jack, beige",,1289,750.98,,,,615104098732,4006087098738,DE,85181000,466,1.03,238,205,56,9.37,8.07,2.20,10,5241.56,11.56,504,288,319,19.84,11.34,12.56,https://images.salsify.com/image/upload/s--JdWR3cau--/7d0a135450f938d575ca93ceee72398894d20bc5.jpg,,,,,,,,Condenser,Cardioid,https://www.sennheiser.com/globalassets/digizuite/41829-en-SP_1326_v1.0_HSP_4_Product_Specification_EN.pdf,https://www.sennheiser.com/globalassets/digizuite/41829-en-SP_1326_v1.0_HSP_4_Product_Specification_EN.pdf,https://www.sennheiser.com/globalassets/digizuite/41829-en-SP_1326_v1.0_HSP_4_Product_Specification_EN.pdf,https://www.sennheiser.com/globalassets/digizuite/41829-en-SP_1326_v1.0_HSP_4_Product_Specification_EN.pdf,https://www.sennheiser.com/globalassets/digizuite/41829-en-SP_1326_v1.0_HSP_4_Product_Specification_EN.pdf,"(1) HSP 4 Headworn microphone, (1) Neckband, (5) Clips for attaching the microphone boom, (1) Silicone Tube, (1) Connection cable, (1) MZW 4 Windscreen, (1) Plastic transport case, foam-lined with cut-outs, (2) Caps for altering the frequency response, (1) Instruction Manual"
Sennheiser,HSP 4 (BLACK 3-PIN),009864,"Neckband microphone, cardioid, for SK 50/250/2000/5212/6000/9000, 3-pin SE connector, cable 1.6m, anthracite",,1289,750.98,,,,615104098640,4006087098646,DE,85181000,455,1.00,238,205,56,9.37,8.07,2.20,10,5131.56,11.31,504,288,319,19.84,11.34,12.56,https://images.salsify.com/image/upload/s--JnpV1jpy--/e2ee2e73c84abacb439b21798d82883f2315b44a.png,https://images.salsify.com/image/upload/s--yfKUqZac--/ab9020633da1a154281ee6569c2affaef3b692f2.jpg,,,,,,,Condenser,Cardioid,https://www.sennheiser.com/globalassets/digizuite/41829-en-SP_1326_v1.0_HSP_4_Product_Specification_EN.pdf,https://www.sennheiser.com/globalassets/digizuite/41829-en-SP_1326_v1.0_HSP_4_Product_Specification_EN.pdf,https://www.sennheiser.com/globalassets/digizuite/41829-en-SP_1326_v1.0_HSP_4_Product_Specification_EN.pdf,https://www.sennheiser.com/globalassets/digizuite/41829-en-SP_1326_v1.0_HSP_4_Product_Specification_EN.pdf,https://www.sennheiser.com/globalassets/digizuite/41829-en-SP_1326_v1.0_HSP_4_Product_Specification_EN.pdf,"(1) HSP 4 Headworn microphone, (1) Neckband, (5) Clips for attaching the microphone boom, (1) Silicone Tube, (1) Connection cable, (1) MZW 4 Windscreen, (1) Plastic transport case, foam-lined with cut-outs, (2) Caps for altering the frequency response, (1) Instruction Manual"
Sennheiser,HSP 4 (BLACK EW),009867,"Lightweight neckband microphone, cardioid MKE platinum variant (black), connection cable, 1.6m, 3.5mm EW jack, anthracite.  Also available in medium-sized variant (add -M).",,1289,750.98,,,,615104098671,4006087098677,DE,85181000,466,1.03,238,205,56,9.37,8.07,2.20,10,5241.56,11.56,504,288,319,19.84,11.34,12.56,https://images.salsify.com/image/upload/s--JnpV1jpy--/e2ee2e73c84abacb439b21798d82883f2315b44a.png,https://images.salsify.com/image/upload/s--yfKUqZac--/ab9020633da1a154281ee6569c2affaef3b692f2.jpg,,,,,,,Condenser,Cardioid,https://www.sennheiser.com/globalassets/digizuite/41829-en-SP_1326_v1.0_HSP_4_Product_Specification_EN.pdf,https://www.sennheiser.com/globalassets/digizuite/41829-en-SP_1326_v1.0_HSP_4_Product_Specification_EN.pdf,https://www.sennheiser.com/globalassets/digizuite/41829-en-SP_1326_v1.0_HSP_4_Product_Specification_EN.pdf,https://www.sennheiser.com/globalassets/digizuite/41829-en-SP_1326_v1.0_HSP_4_Product_Specification_EN.pdf,https://www.sennheiser.com/globalassets/digizuite/41829-en-SP_1326_v1.0_HSP_4_Product_Specification_EN.pdf,"(1) HSP 4 Headworn microphone, (1) Neckband, (5) Clips for attaching the microphone boom, (1) Silicone Tube, (1) Connection cable, (1) MZW 4 Windscreen, (1) Plastic transport case, foam-lined with cut-outs, (2) Caps for altering the frequency response, (1) Instruction Manual"
Sennheiser,HSP ESSENTIAL (BEIGE 3-PIN),508248,"Headset microphone (omnidirectional, pre-polarized condenser) with 1.3m fixed cable beige, for 2000, 5000, 6000 and 9000 Series. Includes (1) HSP Essential omni-beige with 3-Pin connector, (1) SL MZW 1 foam windscreen and (1) soft pouch",,609,354.81,,,,615104314610,4044155237382,DE,85181000,25,0.06,205,58,170,8.07,2.28,6.69,16,3082.56,6.8,574,238,394,22.60,9.37,15.51,https://images.salsify.com/image/upload/s--i3-17HBb--/6aac8ab4c821d8bd391f6bdedda6c51e854dc630.jpg,https://images.salsify.com/image/upload/s--jS5SAN2D--/3e8b3fee0e37617b2ebaf26c8915cd9e6ecfa4f5.jpg,https://images.salsify.com/image/upload/s--lM548nV9--/48f306878e86a71ed82fbc69cce7d6825bab273c.jpg,,,,,,Electret Condenser,Omnidirectional,https://www.sennheiser.com/globalassets/digizuite/41622-en-SP_1182_v1.2_HSP_Essential_Omni_Specification_EN.pdf,https://www.sennheiser.com/globalassets/digizuite/41622-en-SP_1182_v1.2_HSP_Essential_Omni_Specification_EN.pdf,https://www.sennheiser.com/globalassets/digizuite/41622-en-SP_1182_v1.2_HSP_Essential_Omni_Specification_EN.pdf,https://www.sennheiser.com/globalassets/digizuite/41622-en-SP_1182_v1.2_HSP_Essential_Omni_Specification_EN.pdf,https://www.sennheiser.com/globalassets/digizuite/41622-en-SP_1182_v1.2_HSP_Essential_Omni_Specification_EN.pdf,"(1) HSP Essential Omni Neckworn microphone, (1) Soft pouch, (1) MZW 1 Windscreen"
Sennheiser,HSP ESSENTIAL (BEIGE EW),508246,"Headset microphone (omnidirectional, pre-polarized condenser) with 1.6m cable for XS Wireless and evolution wireless, beige. Includes (1) HSP Essential omni-beige with 3.5mm jack, (1) SL MZW 1 foam windscreen and (1) soft pouch",,609,354.81,,,,615104314573,4044155237344,DE,85181000,25,0.06,205,58,170,8.07,2.28,6.69,16,3082.56,6.8,574,238,394,22.60,9.37,15.51,https://images.salsify.com/image/upload/s---ZQJ9MeN--/cc0346cf05330e510f09ad12a6a53015d100c974.jpg,https://images.salsify.com/image/upload/s--jS5SAN2D--/3e8b3fee0e37617b2ebaf26c8915cd9e6ecfa4f5.jpg,https://images.salsify.com/image/upload/s--lM548nV9--/48f306878e86a71ed82fbc69cce7d6825bab273c.jpg,,,,,,Electret Condenser,Omnidirectional,https://www.sennheiser.com/globalassets/digizuite/41622-en-SP_1182_v1.2_HSP_Essential_Omni_Specification_EN.pdf,https://www.sennheiser.com/globalassets/digizuite/41622-en-SP_1182_v1.2_HSP_Essential_Omni_Specification_EN.pdf,https://www.sennheiser.com/globalassets/digizuite/41622-en-SP_1182_v1.2_HSP_Essential_Omni_Specification_EN.pdf,https://www.sennheiser.com/globalassets/digizuite/41622-en-SP_1182_v1.2_HSP_Essential_Omni_Specification_EN.pdf,https://www.sennheiser.com/globalassets/digizuite/41622-en-SP_1182_v1.2_HSP_Essential_Omni_Specification_EN.pdf,"(1) HSP Essential Omni Neckworn microphone, (1) Soft pouch, (1) MZW 1 Windscreen"
Sennheiser,HSP ESSENTIAL (BLACK 3-PIN),508247,"Headset microphone (omnidirectional, pre-polarized condenser) with 1.3m fixed cable for 2000, 5000, 6000 and 9000 Series, black. Includes (1) HSP Essential omni-black with 3-Pin connector, (1) SL MZW 1 foam windscreen and (1) soft pouch",,609,354.81,,,,615104314603,4044155237375,DE,85181000,25,0.06,205,58,170,8.07,2.28,6.69,16,3082.56,6.8,574,238,394,22.60,9.37,15.51,https://images.salsify.com/image/upload/s--dlxvxhlO--/b33d71c39e105c64caa4a532da042eaf0aa5bf34.jpg,https://images.salsify.com/image/upload/s--g13HdQTK--/64403578bbe2df541777dec95023bc94be3af0b6.jpg,https://images.salsify.com/image/upload/s--lM548nV9--/48f306878e86a71ed82fbc69cce7d6825bab273c.jpg,,,,,,Electret Condenser,Omnidirectional,https://www.sennheiser.com/globalassets/digizuite/41622-en-SP_1182_v1.2_HSP_Essential_Omni_Specification_EN.pdf,https://www.sennheiser.com/globalassets/digizuite/41622-en-SP_1182_v1.2_HSP_Essential_Omni_Specification_EN.pdf,https://www.sennheiser.com/globalassets/digizuite/41622-en-SP_1182_v1.2_HSP_Essential_Omni_Specification_EN.pdf,https://www.sennheiser.com/globalassets/digizuite/41622-en-SP_1182_v1.2_HSP_Essential_Omni_Specification_EN.pdf,https://www.sennheiser.com/globalassets/digizuite/41622-en-SP_1182_v1.2_HSP_Essential_Omni_Specification_EN.pdf,"(1) HSP Essential Omni Neckworn microphone, (1) Soft pouch, (1) MZW 1 Windscreen"
Sennheiser,HSP ESSENTIAL (BLACK EW),508245,"Headset microphone (omnidirectional, pre-polarized condenser) with 1.6m cable for XS Wireless and evolution wireless, black. Includes (1) HSP Essential omni-black with 3.5mm jack, (1) SL MZW 1 foam windscreen and (1) soft pouch",,609,354.81,,,,615104314559,4044155237320,DE,85181000,25,0.06,205,58,170,8.07,2.28,6.69,16,3082.56,6.8,574,238,394,22.60,9.37,15.51,https://images.salsify.com/image/upload/s--g13HdQTK--/64403578bbe2df541777dec95023bc94be3af0b6.jpg,https://images.salsify.com/image/upload/s--yTJTvPe2--/f4ee85c9845f140d635437b5e3071f2784701a4f.jpg,https://images.salsify.com/image/upload/s--lM548nV9--/48f306878e86a71ed82fbc69cce7d6825bab273c.jpg,,,,,,Electret Condenser,Omnidirectional,https://www.sennheiser.com/globalassets/digizuite/41622-en-SP_1182_v1.2_HSP_Essential_Omni_Specification_EN.pdf,https://www.sennheiser.com/globalassets/digizuite/41622-en-SP_1182_v1.2_HSP_Essential_Omni_Specification_EN.pdf,https://www.sennheiser.com/globalassets/digizuite/41622-en-SP_1182_v1.2_HSP_Essential_Omni_Specification_EN.pdf,https://www.sennheiser.com/globalassets/digizuite/41622-en-SP_1182_v1.2_HSP_Essential_Omni_Specification_EN.pdf,https://www.sennheiser.com/globalassets/digizuite/41622-en-SP_1182_v1.2_HSP_Essential_Omni_Specification_EN.pdf,"(1) HSP Essential Omni Neckworn microphone, (1) Soft pouch, (1) MZW 1 Windscreen"
Sennheiser,HSP TRANSPORT CASE,508999,"Storage and transport case for HSP 2, HSP 4 and HSP Essential Omni",,49.95,29.1,,,,615104355286,4044155256789,CN,42021250,305,0.67,238,56,205,9.37,2.20,8.07,10,3631.56,8.01,504,288,319,19.84,11.34,12.56,https://images.salsify.com/image/upload/s--Xe_zaR2e--/ff12d262ccedf99769f02c509d585ced9dd9a6c7.jpg,https://images.salsify.com/image/upload/s--UOWB1ShR--/ca293fc062f8b282eb35d5cdb1754a7b1b521507.jpg,,,,,,,,,,,,,,(1) HSP TRANSPORT CASE
Sennheiser,HT 747 BLACK,700182,"Sweat-resistant fitness headset (supercardioid) with adjustable neckband annd flexible microphone boom arm. Includes (1) HT 747 windscreen,  black",,409,238.29,,,,615104382404,4044155273519,SG,85181000,75,0.17,305,70,228,12.01,2.76,8.98,100,9500.0,20.94,520,460,460,20.47,18.11,18.11,https://images.salsify.com/image/upload/s--cHCH_Mfm--/49bad3a84d9b47d9fbdeec47a6f7e91c228ac9ab.jpg,https://images.salsify.com/image/upload/s--7kkGxjaq--/10c71013b677e4f195d8bd7db571922ad0df9c4d.jpg,,,,,,,Condenser,Supercardioid,,,,,,(1) HT 747 BLACK Headworn microphone
Sennheiser,HT 747 Windscreen,700230,Windscreen for HT 747 Fitness Headset,,39.95,23.28,,,,615104383418,4044155274226,TW,85189000,"0,25",0.00,110,10,90,4.33,0.39,3.54,100,525.0,1.16,362,254,310,14.25,10.00,12.20,https://images.salsify.com/image/upload/s--LkPlQQxX--/2698b08d9b951368750ed9f2b328a7a916048ce6.jpg,,,,,,,,,,,,,,,(1) HT 747 Windscreen
Sennheiser,HT 747 YELLOW,700183,"Sweat-resistant fitness headset (supercardioid) with adjustable neckband annd flexible microphone boom arm. Includes (1) HT 747 windscreen yellow",,409,238.29,,,,615104382411,4044155273526,SG,85181000,75,0.17,305,70,228,12.01,2.76,8.98,100,9500.0,20.94,520,460,460,20.47,18.11,18.11,https://images.salsify.com/image/upload/s--JVpePZKo--/fef4aa52691fccf370def59d10095f21371d2672.jpg,https://images.salsify.com/image/upload/s--7kkGxjaq--/10c71013b677e4f195d8bd7db571922ad0df9c4d.jpg,,,,,,,Condenser,Supercardioid,,,,,,(1) HT 747 YELLOW Headworn microphone
Sennheiser,IE 100 PRO BLACK,508940,"In-ear monitoring headphones featuring 10mm dynamic transducer and black detachable 1.3m cable with 3.5mm jack. Includes (1) IE 100 PRO Black, (1) 1.3m straight black cable with 3.5mm jack, (1) soft pouch, (1) set of silicone ear adapters (S, M, L), (1) set of foam ear adapters (M), (1) 6.3mm (1/4"") jack adapter and (1) cleaning tool, black",,199,115.94,,,,615104348622,4044155252552,CN,85183000,160,0.35,128,222,35,5.04,8.74,1.38,12,2428.0,5.35,345,250,317,13.58,9.84,12.48,https://images.salsify.com/image/upload/s--omPnsgua--/7f145e19621ae8a90b835d08dfa81faf7b58e1b0.jpg,https://images.salsify.com/image/upload/s--t22iSENd--/de9effac8df0f89e140ef89b2cf5dcdd4226b643.jpg,https://images.salsify.com/image/upload/s--ETS-Ty2U--/649fc647cc7a629a3f68c86be0c83278a906b31c.jpg,,,,,,Dynamic,,https://www.sennheiser.com/globalassets/digizuite/41770-en-SP_1293_v1.0_IE_100_PRO_Product_Specification_EN.pdf,https://www.sennheiser.com/globalassets/digizuite/41770-en-SP_1293_v1.0_IE_100_PRO_Product_Specification_EN.pdf,https://www.sennheiser.com/globalassets/digizuite/41770-en-SP_1293_v1.0_IE_100_PRO_Product_Specification_EN.pdf,https://www.sennheiser.com/globalassets/digizuite/41770-en-SP_1293_v1.0_IE_100_PRO_Product_Specification_EN.pdf,https://www.sennheiser.com/globalassets/digizuite/41770-en-SP_1293_v1.0_IE_100_PRO_Product_Specification_EN.pdf,"(1) IE 100 PRO In-ear headphones, (1) Black cable for IE 100 PRO, (1) Soft pouch, (1) Cleaning Tool, (1) Foam and silicone ear adapters, (1) Quick guide, (1) Safety guide, (1) Compliance Sheet"
Sennheiser,IE 100 PRO CLEAR,508941,"In-ear monitoring headphones featuring 10mm dynamic transducer and black detachable 1.3m cable with 3.5mm jack. Includes (1) IE 100 PRO Clear, (1) 1.3m straight black cable with 3.5mm jack, (1) soft pouch, (1) set of silicone ear adapters (S, M, L), (1) set of foam ear adapters (M), (1) 6.3mm (1/4"") jack adapter and (1) cleaning tool, clear",,199,115.94,,,,615104348653,4044155252569,CN,85183000,160,0.35,128,222,35,5.04,8.74,1.38,12,2428.0,5.35,345,250,317,13.58,9.84,12.48,https://images.salsify.com/image/upload/s--jjD94iUj--/903f6c80823719bfd149814f93ac6bb947be0c2c.jpg,https://images.salsify.com/image/upload/s--hpISgrqy--/dfcbb60182b313b2d2fec8bf0f7d4ad471927827.jpg,https://images.salsify.com/image/upload/s--ohCV3Fbv--/7427475606f55b13998314b92be7744215e9520f.jpg,,,,,,Dynamic,,https://www.sennheiser.com/globalassets/digizuite/41770-en-SP_1293_v1.0_IE_100_PRO_Product_Specification_EN.pdf,https://www.sennheiser.com/globalassets/digizuite/41770-en-SP_1293_v1.0_IE_100_PRO_Product_Specification_EN.pdf,https://www.sennheiser.com/globalassets/digizuite/41770-en-SP_1293_v1.0_IE_100_PRO_Product_Specification_EN.pdf,https://www.sennheiser.com/globalassets/digizuite/41770-en-SP_1293_v1.0_IE_100_PRO_Product_Specification_EN.pdf,https://www.sennheiser.com/globalassets/digizuite/41770-en-SP_1293_v1.0_IE_100_PRO_Product_Specification_EN.pdf,"(1) IE 100 PRO In-ear headphones, (1) Black cable for IE 100 PRO, (1) Soft pouch, (1) Cleaning Tool, (1) Foam and silicone ear adapters, (1) Quick guide, (1) Safety guide, (1) Compliance Sheet"
Sennheiser,IE 100 PRO RED,508942,"In-ear monitoring headphones featuring 10mm dynamic transducer and black detachable 1.3m cable with 3.5mm jack. Includes (1) IE 100 PRO Red, (1) 1.3m straight black cable with 3.5mm jack, (1) soft pouch, (1) set of silicone ear adapters (S, M, L), (1) set of foam ear adapters (M), (1) 6.3mm (1/4"") jack adapter and (1) cleaning tool, red",,199,115.94,,,,615104348677,4044155252576,CN,85183000,160,0.35,128,222,35,5.04,8.74,1.38,0,0.0,0.0,0,0,0,0.00,0.00,0.00,https://images.salsify.com/image/upload/s--t4_avqI4--/4ea4bbf7868d1ec371992a269261118bf477e174.jpg,https://images.salsify.com/image/upload/s--3r0ZttRE--/2c0c51a9af6bb92c900887a10e3ed4fc31054b49.jpg,https://images.salsify.com/image/upload/s--h5CEC-At--/471e68e2071750ff53cff03ce783aa08a16ea9cc.jpg,,,,,,Dynamic,,https://www.sennheiser.com/globalassets/digizuite/41770-en-SP_1293_v1.0_IE_100_PRO_Product_Specification_EN.pdf,https://www.sennheiser.com/globalassets/digizuite/41770-en-SP_1293_v1.0_IE_100_PRO_Product_Specification_EN.pdf,https://www.sennheiser.com/globalassets/digizuite/41770-en-SP_1293_v1.0_IE_100_PRO_Product_Specification_EN.pdf,https://www.sennheiser.com/globalassets/digizuite/41770-en-SP_1293_v1.0_IE_100_PRO_Product_Specification_EN.pdf,https://www.sennheiser.com/globalassets/digizuite/41770-en-SP_1293_v1.0_IE_100_PRO_Product_Specification_EN.pdf,"(1) IE 100 PRO In-ear headphones, (1) Black cable for IE 100 PRO, (1) Soft pouch, (1) Cleaning Tool, (1) Foam and silicone ear adapters, (1) Quick guide, (1) Safety guide, (1) Compliance Sheet"
Sennheiser,IE 100 PRO WIRELESS BLACK,509171,"Wireless in-ear monitoring headphone set featuring 10mm dynamic transducer and black detachable 1.3m cable with 3.5mm jack and bluetooth¨ connector. Includes (1) IE 100 PRO Black, (1) 1.3m straight black cable with 3.5mm jack, (1) IE PRO BT bluetooth¨ connector, (1) USB-A to USB-C charging cable, (1) soft pouch, (1) set of silicone ear adapters (S, M, L), (1) set of foam ear adapters (M), (1) 6.3mm (1/4"") jack adapter and (1) cleaning tool, black",,309,180.03,,,,615104356917,4044155257670,CN,85176200,"199,5",0.44,128,222,35,5.04,8.74,1.38,0,0.0,0.0,0,0,0,0.00,0.00,0.00,https://images.salsify.com/image/upload/s--yp6l1iqV--/420fc4625dbab05165066582d655a2e61984cfa1.jpg,https://images.salsify.com/image/upload/s---h4qTi8D--/17ce9612b6f21a32e328fc03b59842e8352fac58.jpg,https://images.salsify.com/image/upload/s--3bxqX1Wk--/43cc94ccd0f71bbbe54603456d030c30af94e574.jpg,,,,,,Dynamic,,https://www.sennheiser.com/globalassets/digizuite/41770-en-SP_1293_v1.0_IE_100_PRO_Product_Specification_EN.pdf,https://www.sennheiser.com/globalassets/digizuite/41770-en-SP_1293_v1.0_IE_100_PRO_Product_Specification_EN.pdf,https://www.sennheiser.com/globalassets/digizuite/41770-en-SP_1293_v1.0_IE_100_PRO_Product_Specification_EN.pdf,https://www.sennheiser.com/globalassets/digizuite/41770-en-SP_1293_v1.0_IE_100_PRO_Product_Specification_EN.pdf,https://www.sennheiser.com/globalassets/digizuite/41770-en-SP_1293_v1.0_IE_100_PRO_Product_Specification_EN.pdf,"(1) IE 100 PRO WIRELESS In-ear headphones, (1) Bluetooth connector, (1) Black cable for IE 100 PRO, (1) USB-A to USB-C Cable, (1) Soft pouch, (1) Cleaning Tool, (1) Foam and silicone ear adapters, (1) Quick guide, (1) Safety guide, (1) Compliance Sheet"
Sennheiser,IE 100 PRO WIRELESS CLEAR,509172,"Wireless in-ear monitoring headphone set featuring 10mm dynamic transducer and black detachable 1.3m cable with 3.5mm jack and bluetooth¨ connector. Includes (1) IE 100 PRO Clear, (1) 1.3m straight black cable with 3.5mm jack, (1) IE PRO BT bluetooth¨ connector, (1) USB-A to USB-C charging cable, (1) soft pouch, (1) set of silicone ear adapters (S, M, L), (1) set of foam ear adapters (M), (1) 6.3mm (1/4"") jack adapter and (1) cleaning tool, clear",,309,180.03,,,,615104356924,4044155257687,CN,85176200,"199,5",0.44,128,222,35,5.04,8.74,1.38,12,2992.0,6.6,345,250,317,13.58,9.84,12.48,https://images.salsify.com/image/upload/s--uAmHWEZK--/ddee5b7d478fc2173f21ebdb09d0f3940445e182.jpg,https://images.salsify.com/image/upload/s--8pXweuzB--/4b075fcd83724fc812dd0ca5aad21fd85c4de42f.jpg,https://images.salsify.com/image/upload/s--GDF3laf---/7c2d1d09d2f298365ccf28f2d5ff9a8b3ede2e8a.jpg,,,,,,Dynamic,,https://www.sennheiser.com/globalassets/digizuite/41770-en-SP_1293_v1.0_IE_100_PRO_Product_Specification_EN.pdf,https://www.sennheiser.com/globalassets/digizuite/41770-en-SP_1293_v1.0_IE_100_PRO_Product_Specification_EN.pdf,https://www.sennheiser.com/globalassets/digizuite/41770-en-SP_1293_v1.0_IE_100_PRO_Product_Specification_EN.pdf,https://www.sennheiser.com/globalassets/digizuite/41770-en-SP_1293_v1.0_IE_100_PRO_Product_Specification_EN.pdf,https://www.sennheiser.com/globalassets/digizuite/41770-en-SP_1293_v1.0_IE_100_PRO_Product_Specification_EN.pdf,"(1) IE 100 PRO WIRELESS In-ear headphones, (1) Bluetooth connector, (1) Black cable for IE 100 PRO, (1) USB-A to USB-C Cable, (1) Soft pouch, (1) Cleaning Tool, (1) Foam and silicone ear adapters, (1) Quick guide, (1) Safety guide, (1) Compliance Sheet"
Sennheiser,IE 100 PRO WIRELESS RED,509173,"Wireless in-ear monitoring headphone set featuring 10mm dynamic transducer and black detachable 1.3m cable with 3.5mm jack and bluetooth¨ connector. Includes (1) IE 100 PRO Red, (1) 1.3m straight black cable with 3.5mm jack, (1) IE PRO BT bluetooth¨ connector, (1) USB-A to USB-C charging cable, (1) soft pouch, (1) set of silicone ear adapters (S, M, L), (1) set of foam ear adapters (M), (1) 6.3mm (1/4"") jack adapter and (1) cleaning tool, red",,309,180.03,,,,615104356931,4044155257694,CN,85176200,"199,5",0.44,128,222,35,5.04,8.74,1.38,12,2992.0,6.6,345,250,317,13.58,9.84,12.48,https://images.salsify.com/image/upload/s--Vp1CTBHp--/fd512897af5d2e75abebd4e76b54d10fbe70e058.jpg,https://images.salsify.com/image/upload/s--Qr7Zix5H--/a193e5e1ac32eafa90c3128af022af038b4479b2.jpg,https://images.salsify.com/image/upload/s--nshDNHKU--/75740e4ef1e94708db25485163a2a27c0bdcc682.jpg,,,,,,Dynamic,,https://www.sennheiser.com/globalassets/digizuite/41770-en-SP_1293_v1.0_IE_100_PRO_Product_Specification_EN.pdf,https://www.sennheiser.com/globalassets/digizuite/41770-en-SP_1293_v1.0_IE_100_PRO_Product_Specification_EN.pdf,https://www.sennheiser.com/globalassets/digizuite/41770-en-SP_1293_v1.0_IE_100_PRO_Product_Specification_EN.pdf,https://www.sennheiser.com/globalassets/digizuite/41770-en-SP_1293_v1.0_IE_100_PRO_Product_Specification_EN.pdf,https://www.sennheiser.com/globalassets/digizuite/41770-en-SP_1293_v1.0_IE_100_PRO_Product_Specification_EN.pdf,"(1) IE 100 PRO WIRELESS In-ear headphones, (1) Bluetooth connector, (1) Black cable for IE 100 PRO, (1) USB-A to USB-C Cable, (1) Soft pouch, (1) Cleaning Tool, (1) Foam and silicone ear adapters, (1) Quick guide, (1) Safety guide, (1) Compliance Sheet"
Sennheiser,IE 4,500432,"In-ear headphones, stereo, 16 ½, cable length 1.4m, 3.5mm jack plug",,159,92.63,,,,615104105676,4044155004182,CN,85183000,50,0.11,,,,,,,0,0.0,0.0,0,0,0,0.00,0.00,0.00,https://images.salsify.com/image/upload/s--p2VEagrJ--/e2609f99214887bd07124cbdd2541a0f05c35366.jpg,https://images.salsify.com/image/upload/s--Lcp7IBXi--/8c2384fe12d4fc88eb0646e693af61ff21f3e1f4.jpg,https://images.salsify.com/image/upload/s--T0Jzgb0U--/5bf492342585e71d635b18a8ff2a2260a6187bcf.jpg,,,,,,,,https://www.sennheiser.com/globalassets/digizuite/41583-en-SP_1158_v2.0_ew_IEM_G4_Product_Specification_EN.pdf,https://www.sennheiser.com/globalassets/digizuite/41583-en-SP_1158_v2.0_ew_IEM_G4_Product_Specification_EN.pdf,https://www.sennheiser.com/globalassets/digizuite/41583-en-SP_1158_v2.0_ew_IEM_G4_Product_Specification_EN.pdf,https://www.sennheiser.com/globalassets/digizuite/41583-en-SP_1158_v2.0_ew_IEM_G4_Product_Specification_EN.pdf,https://www.sennheiser.com/globalassets/digizuite/41583-en-SP_1158_v2.0_ew_IEM_G4_Product_Specification_EN.pdf,"(1) IE 4 In-ear Headphones, (3) Silicone Adapters (S, M, L)"
Sennheiser,"IE 4 - Ear Adapter ""M"", black",525784,"5 Pairs of silicone ear adapter in size medium, black, for IE 4",,17.58,10.24,,,,615104146488,4044155031751,CN,85189000,17,0.04,,,,,,,,,,,,,,,,https://images.salsify.com/image/upload/s--mjmYSxmM--/055d162a65191b38f5f8e0798c67ffe201ea066e.jpg,,,,,,,,,,,,,,,"(1) IE 4 - Ear Adapter ""M"", black"
Sennheiser,"IE 4 - Ear Adapter ""S"", black",525783,"5 Pairs of silicone ear adapter in size small, black, for IE 4",,17.58,10.24,,,,615104146471,4044155031744,CN,85189000,17,0.04,,,,,,,0,0.0,0.0,0,0,0,0.00,0.00,0.00,https://images.salsify.com/image/upload/s--mjmYSxmM--/055d162a65191b38f5f8e0798c67ffe201ea066e.jpg,,,,,,,,,,,,,,,"(1) IE 4 - Ear Adapter ""S"", black"
Sennheiser,IE PRO BT CONNECTOR,508943,"Bluetooth¨ module for the IE 100 PRO, IE 400 PRO and IE 500 PRO in-ear monitors. Includes (1) IE PRO BT bluetooth connector and (1) USB-A to USB-C charging cable.",,199,115.94,,,,615104348684,4044155252583,CN,85176200,"148,6",0.33,128,222,35,5.04,8.74,1.38,12,2764.0,6.09,240,290,235,9.45,11.42,9.25,https://images.salsify.com/image/upload/s--giXkVu7g--/99725453c06768a85b2c0be798c46e140a62b270.jpg,https://images.salsify.com/image/upload/s--0Hz4rSsX--/0b69f4d2690b415d5cce1089cfa5d57a923a29cc.jpg,,,,,,,,,,,,,,"(1) IE PRO BT CONNECTOR Bluetooth connector, (1) USB-A to USB-C Cable"
Sennheiser,IE PRO MONO CABLE,508944,"One-sided mono cable for the IE 100 PRO, IE 400 PRO and IE 500 PRO in-ear monitors.",,99,57.68,,,,615104348691,4044155252590,CN,85444290,10,0.02,100,170,7,3.94,6.69,0.28,50,1154.0,2.54,203,135,171,7.99,5.31,6.73,https://images.salsify.com/image/upload/s--9eazLyJx--/f9621650d5fe32ad8e6e622cee236f1581225916.jpg,https://images.salsify.com/image/upload/s--ZEQvF8wR--/99dbdad7fb8dd74b7a8398eb64ea1effcec0c5f9.jpg,,,,,,,,,,,,,,(1) IE PRO MONO CABLE
Sennheiser,KA 600,505633,"Coiled microphone cable for shotgun microphones, length: 20 cm (40 cm stretched out), XLR-3F -> 3.5 mm jack",,39.95,23.28,,,,615104233720,4044155081688,PH,85444290,47,0.10,100,"0,1",150,3.94,0.00,5.91,100,5281.56,11.64,504,288,319,19.84,11.34,12.56,https://images.salsify.com/image/upload/s--vVIHW7f_--/e5675a269080499aa44ef72de371966fb237fa24.jpg,,,,,,,,,,,,,,,(1) KA 600 Cable
Sennheiser,KA 600 I,505799,"Coiled microphone cable for smartphone connector, length: 20cm (40cm stretched out), XLR-3F -> 4-pin mini jack",,39.95,23.28,,,,615104247192,4044155088205,PH,85444290,60,0.13,,,,,,,100,461.56,1.02,404,228,304,15.91,8.98,11.97,https://images.salsify.com/image/upload/s--ypttGPdM--/749e0633369741cea756e83596292e0519985aad.jpg,,,,,,,,,,,,,,,(1) KA 600i Cable
Sennheiser,KEN2,549344,"Label rings for hand transmitter of ew G3, ew G4 and SKM 2000 kit with 8 colours",,35.2,20.51,,,,615104234727,4044155082494,DE,85189000,11,0.02,140,,80,5.51,,3.15,150,2496.56,5.5,399,493,399,15.71,19.41,15.71,https://images.salsify.com/image/upload/s--trKImiOd--/c333f44023ca6ade00553acc5089a3f1958e6f57.jpg,,,,,,,,,,,,,,,(1) KEN2 Label rings
Neumann,KK 104 S,008534,"Neumann KMS 104 cardioid capsule for use with Sennheiser SKM 5200 handheld transmitter, with opening tool  padded nylon bag nickel",,2099,,,,,615104085343,4006087085349,DE,85181000,"294,6",0.65,90,290,70,3.54,11.42,2.76,5,1745.56,3.85,324,203,244,12.76,7.99,9.61,https://images.salsify.com/image/upload/s--Vv7_RMxo--/8ef7cd86578b6c450184a9d8b3e219e5b6dad36c.png,,,,,,,,Condenser,Cardioid,,,,,,
Neumann,KK 104 S BK,008533,"Neumann KMS 104 cardioid condenser capsule for use with Sennheiser SKM 5200 handheld transmitter,  with opening tool  padded nylon bag black.",,2099,,,,,615104085336,4006087085332,DE,85181000,"294,6",0.65,90,290,70,3.54,11.42,2.76,5,1745.56,3.85,324,203,244,12.76,7.99,9.61,https://images.salsify.com/image/upload/s--8y-YmQNX--/c2ae60d4f82b3a151b9c4b3ee64a1199de8da1a1.png,,,,,,,,Condenser,Cardioid,,,,,,
Neumann,KK 104 U,008720,Cardioid condenser capsule head for wireless systems with Shure interface,,2099,1222.9,,,,615104391987,4044155280531,DE,85181000,267,0.59,100,100,100,3.94,3.94,3.94,6,1900.34,4.19,334,168,234,13.15,6.61,9.21,https://images.salsify.com/image/upload/s--qR3qbWum--/04d3540aeff64891aeb6a61e6dde31426597660f.png,https://images.salsify.com/image/upload/s--uGa0ucDp--/31689ea8350ac86a475fd8972a790084438f12d7.png,,,,,,,Condenser,Cardioid,,,,,,
Neumann,KK 104 U BK,008721,Cardioid condenser capsule head for wireless systems with Shure interface,,2099,1222.9,,,,615104392007,4044155280548,DE,85181000,267,0.59,100,100,100,3.94,3.94,3.94,6,1900.34,4.19,334,168,234,13.15,6.61,9.21,https://images.salsify.com/image/upload/s--6ENEr9Pm--/999290a4c02e9f1321ed019c029c7d379ffd5642.png,https://images.salsify.com/image/upload/s--Yn2N2fNx--/8e316bbbab997e2892129cf768578800b77fb0ce.png,,,,,,,Condenser,Cardioid,,,,,,
Neumann,KK 105 HD,008559,"Neumann KMS 105 supercardioid condenser capsule with heavy duty grille, for use with Sennheiser SKM 5200 handheld transmitter,  with opening tool  padded nylon bag, nickel.  Special order.",,2099,,,,,615104085596,4006087085592,DE,85181000,"284,6",0.63,90,290,70,3.54,11.42,2.76,5,1723.0,3.8,310,175,230,12.20,6.89,9.06,https://images.salsify.com/image/upload/s--mCuMAAOH--/92632a391324a51a9a54b82272051d509e02254c.png,,,,,,,,Condenser,Supercardioid,,,,,,
Neumann,KK 105 HD BK,008560,"Neumann KMS 105 supercardioid condenser capsule with heavy duty grille, for use with Sennheiser SKM 5200 handheld transmitter, black,  with opening tool  padded nylon bag.  Special order.",,2099,,,,,615104085602,4006087085608,DE,85181000,"284,6",0.63,90,290,70,3.54,11.42,2.76,5,1723.0,3.8,310,175,230,12.20,6.89,9.06,https://images.salsify.com/image/upload/s--FD4e3In_--/4abf54823d29e09d29f77dfa881ecc5d18bbb11f.png,,,,,,,,Condenser,Supercardioid,,,,,,
Neumann,KK 105 S,008474,"Neumann KMS 105 supercardioid condenser capsule for use with Sennheiser SKM 5200 handheld transmitter,  with opening tool  padded nylon bag nickel",,2099,,,,,615104084742,4006087084748,DE,85181000,"284,6",0.63,90,290,70,3.54,11.42,2.76,15,4850.56,10.69,504,288,319,19.84,11.34,12.56,https://images.salsify.com/image/upload/s--gfrrRF_7--/af428c46acde10967d02457b5289769e6a736254.png,,,,,,,,Condenser,Supercardioid,,,,,,
Neumann,KK 105 S BK,008476,"Neumann KMS 105 supercardioid condenser capsule for use with Sennheiser SKM 5200 handheld transmitter,  with opening tool  padded nylon bag, black",,2099,,,,,615104084766,4006087084762,DE,85181000,"284,6",0.63,90,290,70,3.54,11.42,2.76,15,4850.56,10.69,504,288,319,19.84,11.34,12.56,https://images.salsify.com/image/upload/s--P427Fh4w--/dbd75a8792122684fe4443eb721f1fb1831616bb.png,,,,,,,,Condenser,Supercardioid,,,,,,
Neumann,KK 105 U,008722,Supercardioid condenser capsule head for wireless systems with Shure interface,,2099,1222.9,,,,615104392014,4044155280555,DE,85181000,267,0.59,100,100,100,3.94,3.94,3.94,6,1890.98,4.17,334,168,234,13.15,6.61,9.21,https://images.salsify.com/image/upload/s--Qr7SilNk--/cebf4342ae51c2647e3f470fc1872d5e7199ba05.png,https://images.salsify.com/image/upload/s--uGa0ucDp--/31689ea8350ac86a475fd8972a790084438f12d7.png,,,,,,,Condenser,Supercardioid,,,,,,
Neumann,KK 105 U BK,008723,Supercardioid condenser capsule head for wireless systems with Shure interface,,2039,1187.94,,,,615104392038,4044155280562,DE,85181000,267,0.59,100,100,100,3.94,3.94,3.94,6,1890.98,4.17,334,168,234,13.15,6.61,9.21,https://images.salsify.com/image/upload/s--wxi1G3L_--/a49028761fcf9fcbfc966020f887fb1a8c0e28bb.png,https://images.salsify.com/image/upload/s--Yn2N2fNx--/8e316bbbab997e2892129cf768578800b77fb0ce.png,,,,,,,Condenser,Supercardioid,,,,,,
Neumann,KK 204,008651,"Neumann microphone module for SKM 500 G4/2000/6000/9000, condenser, cardioid, nickel",,2099,,,,,615104086517,4006087086513,DE,85181000,424,0.93,90,290,70,3.54,11.42,2.76,5,2405.0,5.3,310,175,230,12.20,6.89,9.06,https://images.salsify.com/image/upload/s--ciZI3OM3--/bba13a3525ecb8407d3c0e80ac83e7deaa2ebca5.png,,,,,,,,Condenser,Cardioid,,,,,,
Neumann,KK 204 BK,008652,"Neumann microphone module for SKM 500 G4/2000/6000/9000, condenser, cardioid, black",,2099,,,,,615104086524,4006087086520,DE,85181000,424,0.93,90,290,70,3.54,11.42,2.76,5,2405.0,5.3,310,175,230,12.20,6.89,9.06,https://images.salsify.com/image/upload/s--ICm_vgx8--/ecd239b0aaa79cd0952ddc21425c36a02995044a.png,,,,,,,,Condenser,Cardioid,,,,,,
Neumann,KK 205,008653,"Neumann microphone module for SKM 500 G4/2000/6000/9000, condenser, supercardioid, nickel",,2099,,,,,615104086531,4006087086537,DE,85181000,426,0.94,90,290,70,3.54,11.42,2.76,5,2415.0,5.32,310,175,230,12.20,6.89,9.06,https://images.salsify.com/image/upload/s--1VAANqrU--/7b2c355a33ef099ee4194c1206de7469f5f70d2a.png,,,,,,,,Condenser,Supercardioid,,,,,,
Neumann,KK 205 BK,008654,"Neumann microphone module for SKM 500 G4/2000/6000/9000, condenser, supercardioid, black",,2039,1187.94,,,,615104086548,4006087086544,DE,85181000,426,0.94,90,290,70,3.54,11.42,2.76,5,2415.0,5.32,310,175,230,12.20,6.89,9.06,https://images.salsify.com/image/upload/s--UUwHxWOW--/8085bc4dc8d0a48e08aed152e6f06069432dc76d.png,,,,,,,,Condenser,Supercardioid,,,,,,
Sennheiser,L 2015,009828,"Charger, for 2x BA 2015 or transmitter/receiver with charger contacts, cascadable, NT1-1/NT3-1 required",,369,214.98,,,,615104098282,4006087098288,CN,85044055,"372,56",0.82,147,90,122,5.79,3.54,4.80,12,4817.28,10.62,390,330,210,15.35,12.99,8.27,https://images.salsify.com/image/upload/s--gnSYKaLq--/799e80ac3094d3d65049726f1dfcba41a33eedab.jpg,,,,,,,,,,,,,,,(1) L 2015 Battery charger
Sennheiser,L 6000,507300,Battery Charger Chassis,,2239,1304.46,,,,615104281066,4044155214826,DE,85044055,5100,11.23,550,175,435,21.65,6.89,17.13,0,0.0,0.0,0,0,0,0.00,0.00,0.00,https://images.salsify.com/image/upload/s--7gXBd8en--/fad0d61308e2673836f39e3c1de695174007b771.jpg,https://images.salsify.com/image/upload/s--VpBSpKMT--/33dec39147e8bf2a5077301efd0e3b6574794c31.jpg,https://images.salsify.com/image/upload/s--EkUcfoYx--/075f4b8c0608deb68db869af9152b69b411d3855.jpg,https://images.salsify.com/image/upload/s--EJgyV_St--/185c10f143dddee61f848f86f0ae8635a9cf701f.jpg,https://images.salsify.com/image/upload/s--Mj3ZNUK6--/4573a912acc9c7c3b9816427d1db48f8af4aec2a.jpg,https://images.salsify.com/image/upload/s--JUnX-h0t--/13325c5d8b87d89b057a359dda96b1b38b5e131f.jpg,https://images.salsify.com/image/upload/s--oHjDOh_R--/4545536d06633389505a42a4f6fd6afee363dc77.jpg,,,,https://www.sennheiser.com/globalassets/digizuite/41651-en-L_6000_Product_Specification_v2.3_EN.pdf,https://www.sennheiser.com/globalassets/digizuite/41651-en-L_6000_Product_Specification_v2.3_EN.pdf,https://www.sennheiser.com/globalassets/digizuite/41651-en-L_6000_Product_Specification_v2.3_EN.pdf,https://www.sennheiser.com/globalassets/digizuite/41651-en-L_6000_Product_Specification_v2.3_EN.pdf,https://www.sennheiser.com/globalassets/digizuite/41651-en-L_6000_Product_Specification_v2.3_EN.pdf,"(1) L 6000 Battery charger, (1) Mains cable (EU, UK or US plug), (4) Dummy covers with screws, (4) Rubber Feet, (2) Stickers, (1) Quick guide, (1) Safety guide"
Sennheiser,L 70 USB,508861,"Charger for BA 70, 2 charging slots, cascadable. Includes  (1) NT 5-20 UCW power supply",,139,80.98,,,,615104343313,4044155250657,CN,85044055,329,0.72,140,80,115,5.51,3.15,4.53,18,6740.0,14.86,364,272,300,14.33,10.71,11.81,https://images.salsify.com/image/upload/s---86xHQ_O--/28ef57c5fed79a322789504d2bab5c095500cd2d.jpg,,,,,,,,,,https://www.sennheiser.com/globalassets/digizuite/49049-en-EW-D_System_Specification_v1.3_EN.pdf.pdf,https://www.sennheiser.com/globalassets/digizuite/49049-en-EW-D_System_Specification_v1.3_EN.pdf.pdf,https://www.sennheiser.com/globalassets/digizuite/49049-en-EW-D_System_Specification_v1.3_EN.pdf.pdf,https://www.sennheiser.com/globalassets/digizuite/49049-en-EW-D_System_Specification_v1.3_EN.pdf.pdf,https://www.sennheiser.com/globalassets/digizuite/49049-en-EW-D_System_Specification_v1.3_EN.pdf.pdf,(1) L 70 USB Battery charger
Sennheiser,LA 2,503162,Charging adaptor to fit Evolution G3/G4 and 2000 series SKM transmitter into L 2015 charger,,79,46.03,,,,615104149748,4044155033755,CN,85079080,130,0.29,114,150,56,4.49,5.91,2.20,,,,,,,,,,https://images.salsify.com/image/upload/s---FlPpJnD--/d556bf3ae0e9bd24ecb65bd089378b91e99a79e2.jpg,,,,,,,,,,,,,,,(1) LA 2 Charging adapter
Sennheiser,LM 6070,509457,"Charger core for charger L6000, can be used for 2x BA 70",,259,150.9,,,,615104363267,4044155261356,DE,85044060,190,0.42,200,60,100,7.87,2.36,3.94,12,2985.56,6.58,350,260,282,13.78,10.24,11.10,https://images.salsify.com/image/upload/s--mSofjgBh--/0fb1d77bcf0c2268e589c72ff970844cf1684d79.jpg,https://images.salsify.com/image/upload/s--LmfJCHQh--/cbbfc24ec6be189243c893b5d1f85001e560d526.jpg,https://images.salsify.com/image/upload/s--MoG8fNE0--/a94b597bc8bb20e2fe4025525c827a6e92e4ad96.jpg,https://images.salsify.com/image/upload/s--f2rtIuFA--/f245c2d3d09b86b203e6a14c3bc4cfdac8684eae.jpg,,,,,,,,,,,,(1) LM 6070 Charger core
Sennheiser,MAS 1 B,505618,"Microphone activation button (when paired with MAS 133 inline switchbox) for any XLR-attached microphone with 5-pin XLR-M. Features programmable on, off, PTT and PTM modes and bi-color LED ring for status indication. Includes (2) rubber rings for mounting and (1) hex nut for mounting. Black",,209,121.77,,,,615104230446,4044155079401,RO,85177900,61,0.13,85,110,40,3.35,4.33,1.57,89,10727.56,23.65,375,395,305,14.76,15.55,12.01,https://images.salsify.com/image/upload/s---D_Dd_PG--/e4bc07b6f6a20fe7846810c3603569e288a3751a.jpg,,,,,,,,,,https://www.sennheiser.com/globalassets/digizuite/41429-en-SP_1077_v2.0_MAS_1_Specification_EN.pdf,https://www.sennheiser.com/globalassets/digizuite/41429-en-SP_1077_v2.0_MAS_1_Specification_EN.pdf,https://www.sennheiser.com/globalassets/digizuite/41429-en-SP_1077_v2.0_MAS_1_Specification_EN.pdf,https://www.sennheiser.com/globalassets/digizuite/41429-en-SP_1077_v2.0_MAS_1_Specification_EN.pdf,https://www.sennheiser.com/globalassets/digizuite/41429-en-SP_1077_v2.0_MAS_1_Specification_EN.pdf,"(1) MAS 1 Microphone activation button, (2) Rubber rings for mounting, (1) Hex nut"
Sennheiser,MAS 1 W,505619,"Microphone activation button (when paired with MAS 133 inline switchbox) for any XLR-attached microphone with 5-pin XLR-M. Features programmable on, off, PTT and PTM modes and bi-color LED ring for status indication. Includes (2) rubber rings for mounting and (1) hex nut for mounting. White",,209,121.77,,,,615104230453,4044155079418,DE,85189000,61,0.13,85,110,40,3.35,4.33,1.57,72,8789.56,19.38,375,395,305,14.76,15.55,12.01,https://images.salsify.com/image/upload/s--4ZlT3TGk--/4ec452026ab984c0f7672aa08179d42542b90a22.jpg,,,,,,,,,,https://www.sennheiser.com/globalassets/digizuite/41429-en-SP_1077_v2.0_MAS_1_Specification_EN.pdf,https://www.sennheiser.com/globalassets/digizuite/41429-en-SP_1077_v2.0_MAS_1_Specification_EN.pdf,https://www.sennheiser.com/globalassets/digizuite/41429-en-SP_1077_v2.0_MAS_1_Specification_EN.pdf,https://www.sennheiser.com/globalassets/digizuite/41429-en-SP_1077_v2.0_MAS_1_Specification_EN.pdf,https://www.sennheiser.com/globalassets/digizuite/41429-en-SP_1077_v2.0_MAS_1_Specification_EN.pdf,"(1) MAS 1 Microphone activation button, (2) Rubber rings for mounting, (1) Hex nut"
Sennheiser,MAS 133,505621,"Microphone control box, mic IN: XLR3-F, mic OUT: XLR3-M, switch: XLR5-F, logic out, installation material",,319,185.85,,,,615104230484,4044155079432,RO,85176200,212,0.47,80,155,55,3.15,6.10,2.17,12,3525.56,7.77,350,260,282,13.78,10.24,11.10,https://images.salsify.com/image/upload/s--PkKyPM7A--/d0c28118780c2f330d5a0824bb002b685bfdb4ae.jpg,,,,,,,,,,https://www.sennheiser.com/globalassets/digizuite/41433-en-SP_1078_v2.0_MAS_133_Specification_EN.pdf,https://www.sennheiser.com/globalassets/digizuite/41433-en-SP_1078_v2.0_MAS_133_Specification_EN.pdf,https://www.sennheiser.com/globalassets/digizuite/41433-en-SP_1078_v2.0_MAS_133_Specification_EN.pdf,https://www.sennheiser.com/globalassets/digizuite/41433-en-SP_1078_v2.0_MAS_133_Specification_EN.pdf,https://www.sennheiser.com/globalassets/digizuite/41433-en-SP_1078_v2.0_MAS_133_Specification_EN.pdf,"(1) MAS 133 Inline logic box with XLR mic in and out with switch, (2) Mounting brackets, (4) Recessed head screws"
Sennheiser,MAT 133 B,505622,"Speechline weighted heavy duty base for gooseneck microphones with 3-pin XLR-F (mic in), 3-pin XLR-M (mic out) and 24-48 V phantom power. Compatible with MZH 3000 Series and MEG 14-40 B gooseneck microphones. black",,389,226.63,,,,615104230620,4044155079449,RO,85181000,1200,2.64,250,94,225,9.84,3.70,8.86,5,1211.56,2.67,502,288,259,19.76,11.34,10.20,https://images.salsify.com/image/upload/s--0DyoFrCd--/4b87f9c1764c6631c3e58828b4bafb88e43903de.jpg,,,,,,,,,,https://www.sennheiser.com/globalassets/digizuite/41437-en-SP_1079_v2.0_MAT_133_MAT_133-S_MAT_153-S_EN.pdf,https://www.sennheiser.com/globalassets/digizuite/41437-en-SP_1079_v2.0_MAT_133_MAT_133-S_MAT_153-S_EN.pdf,https://www.sennheiser.com/globalassets/digizuite/41437-en-SP_1079_v2.0_MAT_133_MAT_133-S_MAT_153-S_EN.pdf,https://www.sennheiser.com/globalassets/digizuite/41437-en-SP_1079_v2.0_MAT_133_MAT_133-S_MAT_153-S_EN.pdf,https://www.sennheiser.com/globalassets/digizuite/41437-en-SP_1079_v2.0_MAT_133_MAT_133-S_MAT_153-S_EN.pdf,"(1) MAT 133 Table stand, (1) Quick guide, (1) Safety guide"
Sennheiser,MAT 133-S B,505624,"Speechline weighted heavy duty base for MEG 14-40-L II gooseneck microphone with 5-pin XLR-F (mic in), 5-pin XLR-M (mic out), 24-48 V phantom power and bi-color LED ring for status indication. black",,489,284.9,,,,615104230644,4044155079463,RO,85181000,1200,2.64,250,94,225,9.84,3.70,8.86,5,8191.56,18.06,502,288,259,19.76,11.34,10.20,https://images.salsify.com/image/upload/s--C9Cmmvfl--/a5b07437258f4ba0bd07e14aa1736a5bb35ed810.jpg,,,,,,,,,,https://www.sennheiser.com/globalassets/digizuite/41437-en-SP_1079_v2.0_MAT_133_MAT_133-S_MAT_153-S_EN.pdf,https://www.sennheiser.com/globalassets/digizuite/41437-en-SP_1079_v2.0_MAT_133_MAT_133-S_MAT_153-S_EN.pdf,https://www.sennheiser.com/globalassets/digizuite/41437-en-SP_1079_v2.0_MAT_133_MAT_133-S_MAT_153-S_EN.pdf,https://www.sennheiser.com/globalassets/digizuite/41437-en-SP_1079_v2.0_MAT_133_MAT_133-S_MAT_153-S_EN.pdf,https://www.sennheiser.com/globalassets/digizuite/41437-en-SP_1079_v2.0_MAT_133_MAT_133-S_MAT_153-S_EN.pdf,"(1) MAT 133-S Table stand, (1) Quick guide, (1) Safety guide"
Sennheiser,MAT 153 + MEG14-40-L-II SET,507354,"Gooseneck kit. Includes MEG 14-40-L-II gooseneck mic, Cardioid capsule with green LED ring and MAT 153 5 pin XLR mic base",,1319,768.46,,,,615104282353,4044155215663,DE,85181000,2270,5.00,536,106,306,21.10,4.17,12.05,24,54959.56,121.16,539,288,224,21.22,11.34,8.82,https://images.salsify.com/image/upload/s--LkPlQQxX--/2698b08d9b951368750ed9f2b328a7a916048ce6.jpg,https://images.salsify.com/image/upload/s--O2S1FXjO--/2366ee31440e34e36ceda890bde70ac0a8a84f9d.jpg,https://images.salsify.com/image/upload/s--UyPW9CTH--/b3d1ecc73b19f9833a80d30208e49ef537990325.jpg,,,,,,Condenser,Cardioid,,,,,,(1) MAT 153 + MEG14-40-L-II SET Gooseneck and Tablestand set
Sennheiser,MAT 153-S B,505626,Speechline weighted heavy duty gooseneck mic base. XLR 5 with configurable switch. On-Off  PTT  PTM with Bi Colour Illumination. BLACK,,539,314.03,,,,615104230668,4044155079487,DE,85181000,1206,2.66,250,94,225,9.84,3.70,8.86,5,8191.56,18.06,502,288,259,19.76,11.34,10.20,https://images.salsify.com/image/upload/s--O2S1FXjO--/2366ee31440e34e36ceda890bde70ac0a8a84f9d.jpg,https://images.salsify.com/image/upload/s--UyPW9CTH--/b3d1ecc73b19f9833a80d30208e49ef537990325.jpg,https://images.salsify.com/image/upload/s--nnX1O3kX--/04c9939b9cfacc5af31421a0573b5d9b79f8ce5d.jpg,,,,,,,,https://www.sennheiser.com/globalassets/digizuite/41397-en-SP_1046_v2.0_MEG_14-40-L-II_MAT_153-S_Specification_EN.pdf,https://www.sennheiser.com/globalassets/digizuite/41397-en-SP_1046_v2.0_MEG_14-40-L-II_MAT_153-S_Specification_EN.pdf,https://www.sennheiser.com/globalassets/digizuite/41397-en-SP_1046_v2.0_MEG_14-40-L-II_MAT_153-S_Specification_EN.pdf,https://www.sennheiser.com/globalassets/digizuite/41397-en-SP_1046_v2.0_MEG_14-40-L-II_MAT_153-S_Specification_EN.pdf,https://www.sennheiser.com/globalassets/digizuite/41397-en-SP_1046_v2.0_MEG_14-40-L-II_MAT_153-S_Specification_EN.pdf,(1) MAT 153-S Table stand
Sennheiser,MD 21-U,000292,"ENG microphone, dynamic, omnidirectional, 3 pin XLR-M, 3/8Ó tripod thread, black",,1219,710.2,,,,615104002920,4006087002926,DE,85181000,295,0.65,136,49,47,5.35,1.93,1.85,10,7717.56,17.01,354,388,294,13.94,15.28,11.57,https://images.salsify.com/image/upload/s--mJg2rjw2--/40895a0dc24b1bfee19e5db8adc2560e044c957e.png,,,,,,,,Dynamic,Omnidirectional,https://www.sennheiser.com/globalassets/digizuite/41817-en-SP_1320_v1.0_MD_21-U_Product_Specification_EN.pdf,https://www.sennheiser.com/globalassets/digizuite/41817-en-SP_1320_v1.0_MD_21-U_Product_Specification_EN.pdf,https://www.sennheiser.com/globalassets/digizuite/41817-en-SP_1320_v1.0_MD_21-U_Product_Specification_EN.pdf,https://www.sennheiser.com/globalassets/digizuite/41817-en-SP_1320_v1.0_MD_21-U_Product_Specification_EN.pdf,https://www.sennheiser.com/globalassets/digizuite/41817-en-SP_1320_v1.0_MD_21-U_Product_Specification_EN.pdf,"(1) MD 21-U ENG microphone, (1) Instruction manual"
Sennheiser,MD 42,005173,"Handheld microphone (omnidirectional, dynamic) for field ENG with 3-pin XLR-M. MZQ 800 clip available separately",,409,238.29,,,,615104051737,4006087051733,RO,85181000,360,0.79,250,,,9.84,,,10,8941.56,19.71,375,395,305,14.76,15.55,12.01,https://images.salsify.com/image/upload/s--kSsnJ3mE--/8a8f77537cd57919ca49ac0590b51a7dffed6656.png,https://images.salsify.com/image/upload/s--CPiuEsXS--/9ebee63a4f6e747bd91a15dd71288cbf6ba88994.png,,,,,,,Dynamic,Omnidirectional,https://www.sennheiser.com/globalassets/digizuite/41810-en-SP_1318_v1.0_MD_42_Product_Specification_EN.pdf,https://www.sennheiser.com/globalassets/digizuite/41810-en-SP_1318_v1.0_MD_42_Product_Specification_EN.pdf,https://www.sennheiser.com/globalassets/digizuite/41810-en-SP_1318_v1.0_MD_42_Product_Specification_EN.pdf,https://www.sennheiser.com/globalassets/digizuite/41810-en-SP_1318_v1.0_MD_42_Product_Specification_EN.pdf,https://www.sennheiser.com/globalassets/digizuite/41810-en-SP_1318_v1.0_MD_42_Product_Specification_EN.pdf,"(1) MD 42 Handheld microphone, (1) Instruction manual"
Sennheiser,MD 421 KOMPAKT,700587,Multipurpose Dynamic Cardioid Microphone. Includes (1) MD 421 KOMPAKT microphone and (1) Pouch,,639,372.29,,,,615104400658,4044155285802,RO,85181000,159,0.35,122,84,49,4.80,3.31,1.93,14,6323.56,13.94,584,288,259,22.99,11.34,10.20,https://images.salsify.com/image/upload/s--kUxrumYa--/8b81f7d367aea7cacdbbae0b44f8602e9e7b6498.jpg,https://images.salsify.com/image/upload/s--RePNU52L--/6777b76d54ff5370cc8e12264e883d63c92d48e1.jpg,https://images.salsify.com/image/upload/s--qbEJduHA--/152ac88321936d235692807261a9175bbe729ae7.jpg,,,,,,Dynamic,Cardioid,,,,,,"(1) MD 421 KOMPAKT Studio microphone, (1) Pouch, (1) Quick guide, (1) Safety guide"
Sennheiser,MD 421 KOMPAKT + DRUM CLAMP,700589,"Multipurpose Dynamic Cardioid Microphone set. Includes (1) MD 421 KOMPAKT microphone, (1) MZH DRUMS Drum clamp, and (1) Pouch",,679,395.59,,,,615104400672,4044155285826,RO,85181000,159,0.35,122,84,49,4.80,3.31,1.93,14,5721.56,12.61,584,288,259,22.99,11.34,10.20,https://images.salsify.com/image/upload/s--g5Tvwvz---/0021a4362b43feb889f70ede6b08a410a76b0455.jpg,https://images.salsify.com/image/upload/s--xhC4UZeh--/18c6d1403103eb87bf4df9132eca3839224bb08a.jpg,https://images.salsify.com/image/upload/s--koZB7TSJ--/243497450325215ae0d6e42b5970a5895699a148.jpg,https://images.salsify.com/image/upload/s--G5f6IoGN--/5a1a060adec8244b3619534b3fa64b7daeada621.jpg,,,,,Dynamic,Cardioid,,,,,,"(1) MD 421 KOMPAKT Studio microphone, (1) MZH DRUMS Microphone clip, (1) Pouch, (1) Quick guide, (1) Safety guide"
Sennheiser,MD 421-II,000984,Cardioid dynamic with five position bass rolloff switch. Includes MZA421 lock-on stand adapter.,,869,506.29,,,,615104009844,4006087009840,RO,85181000,354,0.78,191,46,50,7.52,1.81,1.97,10,9151.56,20.18,375,395,305,14.76,15.55,12.01,https://images.salsify.com/image/upload/s--z8EFgx5x--/bac674010e9e5569897d76133d2c9505a62e75a9.jpg,,,,,,,,Dynamic,Cardioid,https://www.sennheiser.com/globalassets/digizuite/41804-en-SP_1314_v1.0_MD_421-II_Product_Specification_EN.pdf,https://www.sennheiser.com/globalassets/digizuite/41804-en-SP_1314_v1.0_MD_421-II_Product_Specification_EN.pdf,https://www.sennheiser.com/globalassets/digizuite/41804-en-SP_1314_v1.0_MD_421-II_Product_Specification_EN.pdf,https://www.sennheiser.com/globalassets/digizuite/41804-en-SP_1314_v1.0_MD_421-II_Product_Specification_EN.pdf,https://www.sennheiser.com/globalassets/digizuite/41804-en-SP_1314_v1.0_MD_421-II_Product_Specification_EN.pdf,"(1) MD 421 II Studio microphone, (1) Microphone clip for 3/8"" thread, (1) Instruction manual"
Sennheiser,MD 431-II,001605,"Hand microphone, dynamic, supercardioid, I/O switch, 3-pin XLR-M, black, includes microphone clip",,1119,651.94,,,,615104016057,4006087016053,DE,85181000,238,0.52,206,,,8.11,,,10,7417.56,16.35,354,388,294,13.94,15.28,11.57,https://images.salsify.com/image/upload/s--OHIZZkpM--/825369a511d41901e60d2f5adad35be1b0c06ae3.png,,,,,,,,Dynamic,Supercardioid,https://www.sennheiser.com/globalassets/digizuite/41814-en-SP_1319_v1.0_MD_431_II_Product_Specification_EN.pdf,https://www.sennheiser.com/globalassets/digizuite/41814-en-SP_1319_v1.0_MD_431_II_Product_Specification_EN.pdf,https://www.sennheiser.com/globalassets/digizuite/41814-en-SP_1319_v1.0_MD_431_II_Product_Specification_EN.pdf,https://www.sennheiser.com/globalassets/digizuite/41814-en-SP_1319_v1.0_MD_431_II_Product_Specification_EN.pdf,https://www.sennheiser.com/globalassets/digizuite/41814-en-SP_1319_v1.0_MD_431_II_Product_Specification_EN.pdf,"(1) MD 431 II Handheld microphone, (1) MZA 4031 Microphone clip, (1) Instruction manual"
Sennheiser,MD 435,508827,"Handheld microphone (cardioid, dynamic) with 3-pin XLR-M. Includes (1) MZQ 800 clip and (1) carrying pouch",,809,471.33,,,,615104340527,4044155249576,DE,85181000,350,0.77,181,,,7.13,,,14,8451.56,18.63,584,288,259,22.99,11.34,10.20,https://images.salsify.com/image/upload/s--myHCuanw--/4a4c6f6736875eba65862b4ee86e8b747964c94f.jpg,https://images.salsify.com/image/upload/s--rUNKS8M5--/245124981b54e88aad71e41fe44e23346976751c.jpg,,,,,,,Dynamic,Cardioid,https://www.sennheiser.com/globalassets/digizuite/41743-en-SP_1270_v1.0_MD_435_Product_Specification_EN.pdf,https://www.sennheiser.com/globalassets/digizuite/41743-en-SP_1270_v1.0_MD_435_Product_Specification_EN.pdf,https://www.sennheiser.com/globalassets/digizuite/41743-en-SP_1270_v1.0_MD_435_Product_Specification_EN.pdf,https://www.sennheiser.com/globalassets/digizuite/41743-en-SP_1270_v1.0_MD_435_Product_Specification_EN.pdf,https://www.sennheiser.com/globalassets/digizuite/41743-en-SP_1270_v1.0_MD_435_Product_Specification_EN.pdf,"(1) MD 435 Handheld microphone, (1) Microphone clip, (5) Pop protection, (1) Pouch"
Sennheiser,MD 441-U,000762,"Studio microphone, dynamic supercardioid, bass and brilliance switch, 3-pin XLR-M, black/silver, includes MZQ 441",,2549,1485.07,,,,615104007628,4006087007624,DE,85181000,421,0.93,265,33,36,10.43,1.30,1.42,10,10117.56,22.31,354,388,294,13.94,15.28,11.57,https://images.salsify.com/image/upload/s--gUwIBjps--/7ed974c2693441fcbfabcfff2e91b91e7d8944be.png,,,,,,,,Dynamic,Supercardioid,,,,,,"(1) MD 441 U Studio microphone, (1) MZQ 441 Microphone clip, (1) Hard case"
Sennheiser,MD 445,508828,"Handheld microphone (high-rejection super cardioid, dynamic) with 3-pin XLR-M. Includes
(1) MZQ 800 clip and (1) carrying pouch",,809,471.33,,,,615104340534,4044155249583,RO,85181000,329,0.72,174,,,6.85,,,14,8143.56,17.95,584,288,259,22.99,11.34,10.20,https://images.salsify.com/image/upload/s--tN2NqoN1--/05c1a73d12b5d5eebcad956514746ce8d2ed0589.jpg,https://images.salsify.com/image/upload/s--NePiEXMF--/9b4bb1d81a56692afe8aece0107ec8751ea53a91.jpg,,,,,,,Dynamic,Supercardioid,https://www.sennheiser.com/globalassets/digizuite/41747-en-SP_1271_v1.0_MD_445_Product_Specification_EN.pdf,https://www.sennheiser.com/globalassets/digizuite/41747-en-SP_1271_v1.0_MD_445_Product_Specification_EN.pdf,https://www.sennheiser.com/globalassets/digizuite/41747-en-SP_1271_v1.0_MD_445_Product_Specification_EN.pdf,https://www.sennheiser.com/globalassets/digizuite/41747-en-SP_1271_v1.0_MD_445_Product_Specification_EN.pdf,https://www.sennheiser.com/globalassets/digizuite/41747-en-SP_1271_v1.0_MD_445_Product_Specification_EN.pdf,"(1) MD 445 Handheld microphone, (1) Microphone clip, (5) Pop protection, (1) Pouch"
Sennheiser,MD 46,005172,"Vocal microphone (cardioid, dynamic) for field ENG/EFP with elastic capsule mount and 3-pin XLR-M. MZQ 800 clip available separately",,409,238.29,,,,615104051720,4006087051726,RO,85181000,360,0.79,250,,,9.84,,,10,9011.56,19.87,375,395,305,14.76,15.55,12.01,https://images.salsify.com/image/upload/s--PE97_Ex3--/c66b21dd346cd08d5bbdadf229b848753c38cdef.png,,,,,,,,Dynamic,Cardioid,https://www.sennheiser.com/globalassets/digizuite/41807-en-SP_1317_v1.0_MD_46_Product_Specification_EN.pdf,https://www.sennheiser.com/globalassets/digizuite/41807-en-SP_1317_v1.0_MD_46_Product_Specification_EN.pdf,https://www.sennheiser.com/globalassets/digizuite/41807-en-SP_1317_v1.0_MD_46_Product_Specification_EN.pdf,https://www.sennheiser.com/globalassets/digizuite/41807-en-SP_1317_v1.0_MD_46_Product_Specification_EN.pdf,https://www.sennheiser.com/globalassets/digizuite/41807-en-SP_1317_v1.0_MD_46_Product_Specification_EN.pdf,"(1) MD 46 Handheld microphone, (1) Instruction manual"
Sennheiser,MD 5235,500882,"Cardioid dynamic capsule for use with SKM 5200 handheld transmitter, designed for loud stage use, black",,1119,651.94,,,,615104123267,4044155015188,DE,85181000,"159,8",0.35,103,64,82,4.06,2.52,3.23,12,2112.16,4.66,279,238,154,10.98,9.37,6.06,https://images.salsify.com/image/upload/s--vG5EeqEK--/f4945cad6cdbc60fec4028d33788a07027da220f.jpg,,,,,,,,Dynamic,Cardioid,,,,,,(1) MD 5235 Microphone capsule
Sennheiser,MD 5235 NI,502164,"Cardioid dynamic capsule for use with SKM 5200 handheld transmitter, especially designed for loud stage use, nickel",,1119,651.94,,,,615104134614,4044155023107,DE,85181000,"159,8",0.35,103,64,82,4.06,2.52,3.23,12,2112.16,4.66,279,238,154,10.98,9.37,6.06,https://images.salsify.com/image/upload/s--1gaH90Sg--/ef67d1b7a6493dab6fb9c8f54126bc88c783b528.jpg,https://images.salsify.com/image/upload/s--KYzauYet--/671bb1933319bf988fd17fb668a99e1236bb7265.png,,,,,,,Dynamic,Cardioid,,,,,,(1) MD 5235 NI Microphone capsule
Sennheiser,ME 2,508935,"Omnidirectional electret condenser lavalier with clip and grille. Compatible with AVX, SpeechLine DW, XSW 1 & 2, and evolution wireless.",,279,162.55,,,,615104348530,4044155252477,PH,85181000,30,0.07,170,15,110,6.69,0.59,4.33,50,2823.56,6.22,394,193,244,15.51,7.60,9.61,https://images.salsify.com/image/upload/s--qqJDoLtu--/1b51dc3633f0da22496a1ff3e5f57f356ec24aa7.jpg,,,,,,,,Electret Condenser,Omnidirectional,https://www.sennheiser.com/globalassets/digizuite/41602-en-SP_1166_v2.1_ME_2_Product_Specification_EN.pdf,https://www.sennheiser.com/globalassets/digizuite/41602-en-SP_1166_v2.1_ME_2_Product_Specification_EN.pdf,https://www.sennheiser.com/globalassets/digizuite/41602-en-SP_1166_v2.1_ME_2_Product_Specification_EN.pdf,https://www.sennheiser.com/globalassets/digizuite/41602-en-SP_1166_v2.1_ME_2_Product_Specification_EN.pdf,https://www.sennheiser.com/globalassets/digizuite/41602-en-SP_1166_v2.1_ME_2_Product_Specification_EN.pdf,"(1) ME 2 Lavalier microphone, (1) Microphone clip, (1) Quick guide, (1) Safety guide"
Sennheiser,ME 3,508928,"Wireless headmic (cardioid, condenser), for SK 100/300/500/D1/AVX/SL with ew stereo jack, anthracite",,309,180.03,,,,615104348042,4044155252415,TW,85181000,60,0.13,202,60,202,7.95,2.36,7.95,50,10900.0,24.03,790,400,290,31.10,15.75,11.42,https://images.salsify.com/image/upload/s--cRzP8mA8--/683d2c41ffbd231d6e906db8cdf63f644ada93ae.jpg,,,,,,,,Electret Condenser,Cardioid,https://www.sennheiser.com/globalassets/digizuite/41606-en-SP_1167_v2.1_ME_3_Product_Specification_EN.pdf,https://www.sennheiser.com/globalassets/digizuite/41606-en-SP_1167_v2.1_ME_3_Product_Specification_EN.pdf,https://www.sennheiser.com/globalassets/digizuite/41606-en-SP_1167_v2.1_ME_3_Product_Specification_EN.pdf,https://www.sennheiser.com/globalassets/digizuite/41606-en-SP_1167_v2.1_ME_3_Product_Specification_EN.pdf,https://www.sennheiser.com/globalassets/digizuite/41606-en-SP_1167_v2.1_ME_3_Product_Specification_EN.pdf,"(1) ME 2 Lavalier microphone, (1) Windscreen, (1) Pouch, (1) Quick guide, (1) Safety guide"
Sennheiser,ME 34,005060,"Capsule head for MZH series gooseneck microphones (cardioid, pre-polarized condenser). Includes (1) MZW 34 windscreen (1.0 oz), black",,279,162.55,,,,615104050600,4006087050606,DE,85181000,9,0.02,150,33,108,5.91,1.30,4.25,50,5087.56,11.22,364,343,364,14.33,13.50,14.33,https://images.salsify.com/image/upload/s--DIKtlmK4--/967357ff47625b9ae5ed2fa42fe3a339221cef62.jpg,,,,,,,,Electret Condenser,Cardioid,https://www.sennheiser.com/globalassets/digizuite/41832-en-SP_1329_v1.0_ME_34_35_36_Product_Specification_EN.pdf,https://www.sennheiser.com/globalassets/digizuite/41832-en-SP_1329_v1.0_ME_34_35_36_Product_Specification_EN.pdf,https://www.sennheiser.com/globalassets/digizuite/41832-en-SP_1329_v1.0_ME_34_35_36_Product_Specification_EN.pdf,https://www.sennheiser.com/globalassets/digizuite/41832-en-SP_1329_v1.0_ME_34_35_36_Product_Specification_EN.pdf,https://www.sennheiser.com/globalassets/digizuite/41832-en-SP_1329_v1.0_ME_34_35_36_Product_Specification_EN.pdf,"(1) ME 34 Microphone capsule, (1) MZW 34 Windscreen, (1) Quick guide"
Sennheiser,ME 34 W,005061,"Capsule head for MZH series gooseneck microphones (cardioid, pre-polarized condenser). Includes (1) MZW 34 windscreen (1.0 oz), white",,279,162.55,,,,615104050617,4006087050613,DE,85181000,9,0.02,150,33,108,5.91,1.30,4.25,50,3837.56,8.46,364,343,364,14.33,13.50,14.33,https://images.salsify.com/image/upload/s--xkPxez0L--/063ce40531e8ba4949839ab5bc525cc0c0a41a22.png,,,,,,,,Electret Condenser,Cardioid,https://www.sennheiser.com/globalassets/digizuite/41832-en-SP_1329_v1.0_ME_34_35_36_Product_Specification_EN.pdf,https://www.sennheiser.com/globalassets/digizuite/41832-en-SP_1329_v1.0_ME_34_35_36_Product_Specification_EN.pdf,https://www.sennheiser.com/globalassets/digizuite/41832-en-SP_1329_v1.0_ME_34_35_36_Product_Specification_EN.pdf,https://www.sennheiser.com/globalassets/digizuite/41832-en-SP_1329_v1.0_ME_34_35_36_Product_Specification_EN.pdf,https://www.sennheiser.com/globalassets/digizuite/41832-en-SP_1329_v1.0_ME_34_35_36_Product_Specification_EN.pdf,"(1) ME 34 Microphone capsule, (1) MZW 34 Windscreen, (1) Quick guide"
Sennheiser,ME 35,005063,"Capsule head for MZH series gooseneck microphones (supercardioid pre-polarized condenser). Includes (1) MZW 34 windscreen (1.0 oz), black",,279,162.55,,,,615104050631,4006087050637,DE,85181000,9,0.02,150,33,108,5.91,1.30,4.25,50,5137.56,11.33,364,343,364,14.33,13.50,14.33,https://images.salsify.com/image/upload/s--vM4SfEXU--/3b85c23e389b016df18d127a10aa2357d4134497.jpg,,,,,,,,Electret Condenser,Supercardioid,https://www.sennheiser.com/globalassets/digizuite/41832-en-SP_1329_v1.0_ME_34_35_36_Product_Specification_EN.pdf,https://www.sennheiser.com/globalassets/digizuite/41832-en-SP_1329_v1.0_ME_34_35_36_Product_Specification_EN.pdf,https://www.sennheiser.com/globalassets/digizuite/41832-en-SP_1329_v1.0_ME_34_35_36_Product_Specification_EN.pdf,https://www.sennheiser.com/globalassets/digizuite/41832-en-SP_1329_v1.0_ME_34_35_36_Product_Specification_EN.pdf,https://www.sennheiser.com/globalassets/digizuite/41832-en-SP_1329_v1.0_ME_34_35_36_Product_Specification_EN.pdf,"(1) ME 35 Microphone capsule, (1) MZW 34 Windscreen, (1) Quick guide"
Sennheiser,ME 35 W,005064,"Capsule head for MZH series gooseneck microphones (supercardioid pre-polarized condenser). Includes (1) MZW 34 windscreen (1.0 oz), white",,279,162.55,,,,615104050648,4006087050644,DE,85181000,9,0.02,150,33,108,5.91,1.30,4.25,50,3837.56,8.46,364,343,364,14.33,13.50,14.33,https://images.salsify.com/image/upload/s--M6yTIcvU--/f72f040d353ca02a513590541341d19413662a22.png,,,,,,,,Electret Condenser,Supercardioid,https://www.sennheiser.com/globalassets/digizuite/41832-en-SP_1329_v1.0_ME_34_35_36_Product_Specification_EN.pdf,https://www.sennheiser.com/globalassets/digizuite/41832-en-SP_1329_v1.0_ME_34_35_36_Product_Specification_EN.pdf,https://www.sennheiser.com/globalassets/digizuite/41832-en-SP_1329_v1.0_ME_34_35_36_Product_Specification_EN.pdf,https://www.sennheiser.com/globalassets/digizuite/41832-en-SP_1329_v1.0_ME_34_35_36_Product_Specification_EN.pdf,https://www.sennheiser.com/globalassets/digizuite/41832-en-SP_1329_v1.0_ME_34_35_36_Product_Specification_EN.pdf,"(1) ME 35 Microphone capsule, (1) MZW 34 Windscreen, (1) Quick guide"
Sennheiser,ME 36,005065,"Condenser capsule head for MZH series gooseneck microphones (supercardioid/lobe pre-polarized). Includes (1) MZW 36 windscreen (2.0 oz), black",,419,244.11,,,,615104050655,4006087050651,DE,85181000,17,0.04,150,33,108,5.91,1.30,4.25,50,5587.56,12.32,364,343,364,14.33,13.50,14.33,https://images.salsify.com/image/upload/s--TtRF3RfX--/1c5c03bdadffb3f83687905c3367289e373b6840.png,,,,,,,,Electret Condenser,Supercardioid,https://www.sennheiser.com/globalassets/digizuite/41501-en-SP_1111_v1.0_Dante_Kit_ME_36_EN.pdf,https://www.sennheiser.com/globalassets/digizuite/41501-en-SP_1111_v1.0_Dante_Kit_ME_36_EN.pdf,https://www.sennheiser.com/globalassets/digizuite/41501-en-SP_1111_v1.0_Dante_Kit_ME_36_EN.pdf,https://www.sennheiser.com/globalassets/digizuite/41501-en-SP_1111_v1.0_Dante_Kit_ME_36_EN.pdf,https://www.sennheiser.com/globalassets/digizuite/41501-en-SP_1111_v1.0_Dante_Kit_ME_36_EN.pdf,"(1) ME 36 Microphone capsule, (1) MZW 36 Windscreen, (1) Quick guide"
Sennheiser,ME 36 W,005066,"Condenser capsule head for MZH series gooseneck microphones (supercardioid/lobe pre-polarized). Includes (1) MZW 36 windscreen (2.0 oz), white",,419,244.11,,,,615104050662,4006087050668,DE,85181000,17,0.04,150,33,108,5.91,1.30,4.25,50,4337.56,9.56,364,343,364,14.33,13.50,14.33,https://images.salsify.com/image/upload/s--iQ6husHQ--/f5c18b1d26d14ecebd3572fe47ab07767ebf1fee.png,,,,,,,,Electret Condenser,Supercardioid,https://www.sennheiser.com/globalassets/digizuite/41501-en-SP_1111_v1.0_Dante_Kit_ME_36_EN.pdf,https://www.sennheiser.com/globalassets/digizuite/41501-en-SP_1111_v1.0_Dante_Kit_ME_36_EN.pdf,https://www.sennheiser.com/globalassets/digizuite/41501-en-SP_1111_v1.0_Dante_Kit_ME_36_EN.pdf,https://www.sennheiser.com/globalassets/digizuite/41501-en-SP_1111_v1.0_Dante_Kit_ME_36_EN.pdf,https://www.sennheiser.com/globalassets/digizuite/41501-en-SP_1111_v1.0_Dante_Kit_ME_36_EN.pdf,"(1) ME 36 Microphone capsule, (1) MZW 36 Windscreen, (1) Quick guide"
Sennheiser,ME 4,508936,"Clip-on microphone for SK100-300-500 - cardioid pattern with windscreen, anthractite",,269,156.72,,,,615104348554,4044155252484,DE,85181000,26,0.06,60,"0,1",13,2.36,0.00,0.51,50,2673.56,5.89,394,193,244,15.51,7.60,9.61,https://images.salsify.com/image/upload/s--z8NyBJVc--/2f78f3eb939a83a505aa09a241e994e2033d787d.jpg,,,,,,,,Electret Condenser,Cardioid,https://www.sennheiser.com/globalassets/digizuite/41609-en-SP_1168_v2.1_ME_4_Product_Specification_EN.pdf,https://www.sennheiser.com/globalassets/digizuite/41609-en-SP_1168_v2.1_ME_4_Product_Specification_EN.pdf,https://www.sennheiser.com/globalassets/digizuite/41609-en-SP_1168_v2.1_ME_4_Product_Specification_EN.pdf,https://www.sennheiser.com/globalassets/digizuite/41609-en-SP_1168_v2.1_ME_4_Product_Specification_EN.pdf,https://www.sennheiser.com/globalassets/digizuite/41609-en-SP_1168_v2.1_ME_4_Product_Specification_EN.pdf,"(1) ME 4 Lavalier Microphone, (1) Microphone clip, (1) Windscreen, (1) Quick guide, (1) Safety guide"
Sennheiser,MEB 102 B,505600,"Installed boundary layer microphone (omnidirectional, pre-polarized condenser) with 24-48 V phantom power and 3-pin XLR-M. Includes (2) rubber rings for mounting and (1) hex nut for mounting, black",,389,226.63,,,,615104230132,4044155079227,DE,85181000,60,0.13,85,110,40,3.35,4.33,1.57,72,7997.56,17.63,375,395,305,14.76,15.55,12.01,https://images.salsify.com/image/upload/s--wZY4ci_---/a201f9c07c2b97b6c0240aba9a5987ada8623ec9.jpg,,,,,,,,Electret Condenser,Omnidirectional,https://www.sennheiser.com/globalassets/digizuite/41441-en-SP_1080_v3.0_MEB_102_MEB_102-L_MEB_104_MEB_104-L_Specification_EN.pdf,https://www.sennheiser.com/globalassets/digizuite/41441-en-SP_1080_v3.0_MEB_102_MEB_102-L_MEB_104_MEB_104-L_Specification_EN.pdf,https://www.sennheiser.com/globalassets/digizuite/41441-en-SP_1080_v3.0_MEB_102_MEB_102-L_MEB_104_MEB_104-L_Specification_EN.pdf,https://www.sennheiser.com/globalassets/digizuite/41441-en-SP_1080_v3.0_MEB_102_MEB_102-L_MEB_104_MEB_104-L_Specification_EN.pdf,https://www.sennheiser.com/globalassets/digizuite/41441-en-SP_1080_v3.0_MEB_102_MEB_102-L_MEB_104_MEB_104-L_Specification_EN.pdf,"(1) MEB 102 Boundary microphone (black), (1) Set of mounting material"
Sennheiser,MEB 102 W,505601,"Installed boundary layer microphone (omnidirectional, pre-polarized condenser) with 24-48 V phantom power and 3-pin XLR-M. Includes (2) rubber rings for mounting and (1) hex nut for mounting, white",,389,226.63,,,,615104230149,4044155079234,RO,85181000,60,0.13,85,110,40,3.35,4.33,1.57,72,7997.56,17.63,375,395,305,14.76,15.55,12.01,https://images.salsify.com/image/upload/s--lajGNv8v--/99db1d49580dd0fbfa35a681fa8b4de76c2f867d.jpg,,,,,,,,Electret Condenser,Omnidirectional,https://www.sennheiser.com/globalassets/digizuite/41441-en-SP_1080_v3.0_MEB_102_MEB_102-L_MEB_104_MEB_104-L_Specification_EN.pdf,https://www.sennheiser.com/globalassets/digizuite/41441-en-SP_1080_v3.0_MEB_102_MEB_102-L_MEB_104_MEB_104-L_Specification_EN.pdf,https://www.sennheiser.com/globalassets/digizuite/41441-en-SP_1080_v3.0_MEB_102_MEB_102-L_MEB_104_MEB_104-L_Specification_EN.pdf,https://www.sennheiser.com/globalassets/digizuite/41441-en-SP_1080_v3.0_MEB_102_MEB_102-L_MEB_104_MEB_104-L_Specification_EN.pdf,https://www.sennheiser.com/globalassets/digizuite/41441-en-SP_1080_v3.0_MEB_102_MEB_102-L_MEB_104_MEB_104-L_Specification_EN.pdf,"(1) MEB 102 Boundary microphone (white), (1) Set of mounting material"
Sennheiser,MEB 102-L B,505603,"Installed boundary layer microphone (omnidirectional, pre-polarized condenser) with 24-48 V phantom power, 3-pin XLR-M and bi-color LED ring for status indication. Includes (2) rubber rings for mounting and (1) hex nut for mounting, black",,399,232.46,,,,615104230163,4044155079258,RO,85181000,60,0.13,85,110,40,3.35,4.33,1.57,72,7997.56,17.63,375,395,305,14.76,15.55,12.01,https://images.salsify.com/image/upload/s--ao-1j6e_--/888f462de7bd3caf22e576da9de9c61718fc8f50.jpg,,,,,,,,Dynamic,Omnidirectional,https://www.sennheiser.com/globalassets/digizuite/41441-en-SP_1080_v3.0_MEB_102_MEB_102-L_MEB_104_MEB_104-L_Specification_EN.pdf,https://www.sennheiser.com/globalassets/digizuite/41441-en-SP_1080_v3.0_MEB_102_MEB_102-L_MEB_104_MEB_104-L_Specification_EN.pdf,https://www.sennheiser.com/globalassets/digizuite/41441-en-SP_1080_v3.0_MEB_102_MEB_102-L_MEB_104_MEB_104-L_Specification_EN.pdf,https://www.sennheiser.com/globalassets/digizuite/41441-en-SP_1080_v3.0_MEB_102_MEB_102-L_MEB_104_MEB_104-L_Specification_EN.pdf,https://www.sennheiser.com/globalassets/digizuite/41441-en-SP_1080_v3.0_MEB_102_MEB_102-L_MEB_104_MEB_104-L_Specification_EN.pdf,"(1) MEB 102-L Boundary microphone (black), (2) Rubber rings for mounting, (1) Hex nut for mounting"
Sennheiser,MEB 102-L W,505604,"Installed boundary layer microphone (omnidirectional, pre-polarized condenser) with 24-48 V phantom power, 3-pin XLR-M and bi-color LED ring for status indication. Includes (2) rubber rings for mounting and (1) hex nut for mounting, white",,399,232.46,,,,615104230194,4044155079265,DE,85181000,60,0.13,85,110,40,3.35,4.33,1.57,72,7997.56,17.63,375,395,305,14.76,15.55,12.01,https://images.salsify.com/image/upload/s--lwusBhXR--/773975073b69989a63222002b64152d167408629.jpg,,,,,,,,Electret Condenser,Omnidirectional,https://www.sennheiser.com/globalassets/digizuite/41441-en-SP_1080_v3.0_MEB_102_MEB_102-L_MEB_104_MEB_104-L_Specification_EN.pdf,https://www.sennheiser.com/globalassets/digizuite/41441-en-SP_1080_v3.0_MEB_102_MEB_102-L_MEB_104_MEB_104-L_Specification_EN.pdf,https://www.sennheiser.com/globalassets/digizuite/41441-en-SP_1080_v3.0_MEB_102_MEB_102-L_MEB_104_MEB_104-L_Specification_EN.pdf,https://www.sennheiser.com/globalassets/digizuite/41441-en-SP_1080_v3.0_MEB_102_MEB_102-L_MEB_104_MEB_104-L_Specification_EN.pdf,https://www.sennheiser.com/globalassets/digizuite/41441-en-SP_1080_v3.0_MEB_102_MEB_102-L_MEB_104_MEB_104-L_Specification_EN.pdf,"(1) MEB 102-L Boundary microphone (white), (2) Rubber rings for mounting, (1) Hex nut for mounting"
Sennheiser,MEB 104 B,505606,"Installed boundary layer microphone (cardioid, pre-polarized condenser) with 24-48 V phantom power, 3-pin XLR-M and programmable on, off, PTT and PTM modes. Includes (2) rubber rings for mounting and (1) hex nut for mounting, black",,389,226.63,,,,615104230224,4044155079289,RO,85181000,61,0.13,85,110,40,3.35,4.33,1.57,72,8069.56,17.79,375,395,305,14.76,15.55,12.01,https://images.salsify.com/image/upload/s--cQs9czo2--/9ce19c599ff60d0aa5111deca56d4d8a7f1f194e.jpg,,,,,,,,Electret Condenser,Cardioid,https://www.sennheiser.com/globalassets/digizuite/41441-en-SP_1080_v3.0_MEB_102_MEB_102-L_MEB_104_MEB_104-L_Specification_EN.pdf,https://www.sennheiser.com/globalassets/digizuite/41441-en-SP_1080_v3.0_MEB_102_MEB_102-L_MEB_104_MEB_104-L_Specification_EN.pdf,https://www.sennheiser.com/globalassets/digizuite/41441-en-SP_1080_v3.0_MEB_102_MEB_102-L_MEB_104_MEB_104-L_Specification_EN.pdf,https://www.sennheiser.com/globalassets/digizuite/41441-en-SP_1080_v3.0_MEB_102_MEB_102-L_MEB_104_MEB_104-L_Specification_EN.pdf,https://www.sennheiser.com/globalassets/digizuite/41441-en-SP_1080_v3.0_MEB_102_MEB_102-L_MEB_104_MEB_104-L_Specification_EN.pdf,"(1) MEB 104 Boundary microphone (black), (2) Rubber rings for mounting, (1) Hex nut for mounting"
Sennheiser,MEB 104 W,505607,"Installed boundary layer microphone (cardioid, pre-polarized condenser) with 24-48 V phantom power, 3-pin XLR-M and programmable on, off, PTT and PTM modes. Includes (2) rubber rings for mounting and (1) hex nut for mounting, white",,389,226.63,,,,615104230231,4044155079296,RO,85181000,61,0.13,85,110,40,3.35,4.33,1.57,72,8069.56,17.79,375,395,305,14.76,15.55,12.01,https://images.salsify.com/image/upload/s--NO8O7IU1--/8788cef57d0278f7f3a92d331d60bef00ebed395.jpg,,,,,,,,Electret Condenser,Cardioid,https://www.sennheiser.com/globalassets/digizuite/41441-en-SP_1080_v3.0_MEB_102_MEB_102-L_MEB_104_MEB_104-L_Specification_EN.pdf,https://www.sennheiser.com/globalassets/digizuite/41441-en-SP_1080_v3.0_MEB_102_MEB_102-L_MEB_104_MEB_104-L_Specification_EN.pdf,https://www.sennheiser.com/globalassets/digizuite/41441-en-SP_1080_v3.0_MEB_102_MEB_102-L_MEB_104_MEB_104-L_Specification_EN.pdf,https://www.sennheiser.com/globalassets/digizuite/41441-en-SP_1080_v3.0_MEB_102_MEB_102-L_MEB_104_MEB_104-L_Specification_EN.pdf,https://www.sennheiser.com/globalassets/digizuite/41441-en-SP_1080_v3.0_MEB_102_MEB_102-L_MEB_104_MEB_104-L_Specification_EN.pdf,"(1) MEB 104 Boundary microphone (white), (2) Rubber rings for mounting, (1) Hex nut for mounting"
Sennheiser,MEB 104-L B,505609,"Installed boundary layer microphone (cardioid, pre-polarized condenser) with 24-48 V phantom power, 3-pin XLR-M,  programmable on, off, PTT and PTM modes and bi-color LED ring for status indication. Includes (2) rubber rings for mounting and (1) hex nut for mounting, black",,399,232.46,,,,615104230255,4044155079319,RO,85181000,61,0.13,85,110,40,3.35,4.33,1.57,72,8069.56,17.79,375,395,305,14.76,15.55,12.01,https://images.salsify.com/image/upload/s--6TtFIXnb--/1472f2339e8ff15ca96a577fe0edd71b5375fd59.jpg,,,,,,,,Electret Condenser,Cardioid,https://www.sennheiser.com/globalassets/digizuite/41441-en-SP_1080_v3.0_MEB_102_MEB_102-L_MEB_104_MEB_104-L_Specification_EN.pdf,https://www.sennheiser.com/globalassets/digizuite/41441-en-SP_1080_v3.0_MEB_102_MEB_102-L_MEB_104_MEB_104-L_Specification_EN.pdf,https://www.sennheiser.com/globalassets/digizuite/41441-en-SP_1080_v3.0_MEB_102_MEB_102-L_MEB_104_MEB_104-L_Specification_EN.pdf,https://www.sennheiser.com/globalassets/digizuite/41441-en-SP_1080_v3.0_MEB_102_MEB_102-L_MEB_104_MEB_104-L_Specification_EN.pdf,https://www.sennheiser.com/globalassets/digizuite/41441-en-SP_1080_v3.0_MEB_102_MEB_102-L_MEB_104_MEB_104-L_Specification_EN.pdf,"(1) MEB 104-L Boundary microphone (black), (2) Rubber rings for mounting, (1) Hex nut for mounting"
Sennheiser,MEB 104-L W,505610,"Installed boundary layer microphone (cardioid, pre-polarized condenser) with 24-48 V phantom power, 3-pin XLR-M,  programmable on, off, PTT and PTM modes and bi-color LED ring for status indication. Includes (2) rubber rings for mounting and (1) hex nut for mounting, white",,399,232.46,,,,615104230316,4044155079326,RO,85181000,61,0.13,85,110,40,3.35,4.33,1.57,72,8069.56,17.79,375,395,305,14.76,15.55,12.01,https://images.salsify.com/image/upload/s--fKUE1SQ3--/6f34e91cd4ccbc72dcc9228937905cd0dc2f4b59.jpg,,,,,,,,Electret Condenser,Cardioid,https://www.sennheiser.com/globalassets/digizuite/41441-en-SP_1080_v3.0_MEB_102_MEB_102-L_MEB_104_MEB_104-L_Specification_EN.pdf,https://www.sennheiser.com/globalassets/digizuite/41441-en-SP_1080_v3.0_MEB_102_MEB_102-L_MEB_104_MEB_104-L_Specification_EN.pdf,https://www.sennheiser.com/globalassets/digizuite/41441-en-SP_1080_v3.0_MEB_102_MEB_102-L_MEB_104_MEB_104-L_Specification_EN.pdf,https://www.sennheiser.com/globalassets/digizuite/41441-en-SP_1080_v3.0_MEB_102_MEB_102-L_MEB_104_MEB_104-L_Specification_EN.pdf,https://www.sennheiser.com/globalassets/digizuite/41441-en-SP_1080_v3.0_MEB_102_MEB_102-L_MEB_104_MEB_104-L_Specification_EN.pdf,"(1) MEB 104-L Boundary microphone (white), (2) Rubber rings for mounting, (1) Hex nut for mounting"
Sennheiser,MEB 114 B,505612,"Installed on-table boundary layer microphone (cardioid pre-polarized condenser) with 24-48 V phantom power and 3-pin mini XLR-M. Includes (1) 9.8' mini XLR to 3-pin XLR cable, black",,469,273.25,,,,615104230330,4044155079340,RO,85181000,286,0.63,100,25,85,3.94,0.98,3.35,6,3341.56,7.37,394,193,244,15.51,7.60,9.61,https://images.salsify.com/image/upload/s--znZovJ1H--/5281eed1f8730b1a534cfc8568b4e640a72364ca.jpg,,,,,,,,Electret Condenser,Cardioid,https://www.sennheiser.com/globalassets/digizuite/41445-en-SP_1081_v2.1_MEB_114_MEB_114-S_Specification_EN.pdf,https://www.sennheiser.com/globalassets/digizuite/41445-en-SP_1081_v2.1_MEB_114_MEB_114-S_Specification_EN.pdf,https://www.sennheiser.com/globalassets/digizuite/41445-en-SP_1081_v2.1_MEB_114_MEB_114-S_Specification_EN.pdf,https://www.sennheiser.com/globalassets/digizuite/41445-en-SP_1081_v2.1_MEB_114_MEB_114-S_Specification_EN.pdf,https://www.sennheiser.com/globalassets/digizuite/41445-en-SP_1081_v2.1_MEB_114_MEB_114-S_Specification_EN.pdf,"(1) MEB 114 Table Boundary microphone (black), (1) 9.8' Mini XLR to 3-Pin XLR cable"
Sennheiser,MEB 114 W,505613,"SpeechLine installed on-table boundary layer microphone (cardioid pre-polarized condenser) with 24-48 V phantom power and 3-pin mini XLR-M. Includes (1) 9.8' mini XLR to 3-pin XLR cable, white",,469,273.25,,,,615104230347,4044155079357,RO,85181000,286,0.63,100,25,85,3.94,0.98,3.35,6,3341.56,7.37,394,193,244,15.51,7.60,9.61,https://images.salsify.com/image/upload/s--l5XCaZHI--/b9f3206b419a2e830c74dd733e58567df93eb7fc.jpg,,,,,,,,Electret Condenser,Cardioid,https://www.sennheiser.com/globalassets/digizuite/41445-en-SP_1081_v2.1_MEB_114_MEB_114-S_Specification_EN.pdf,https://www.sennheiser.com/globalassets/digizuite/41445-en-SP_1081_v2.1_MEB_114_MEB_114-S_Specification_EN.pdf,https://www.sennheiser.com/globalassets/digizuite/41445-en-SP_1081_v2.1_MEB_114_MEB_114-S_Specification_EN.pdf,https://www.sennheiser.com/globalassets/digizuite/41445-en-SP_1081_v2.1_MEB_114_MEB_114-S_Specification_EN.pdf,https://www.sennheiser.com/globalassets/digizuite/41445-en-SP_1081_v2.1_MEB_114_MEB_114-S_Specification_EN.pdf,"(1) MEB 114 Table Boundary microphone (white), (1) 9.8' Mini XLR to 3-Pin XLR cable"
Sennheiser,MEB 114-S B,505615,"Installed on-table boundary layer microphone (cardioid pre-polarized condenser) with 24-48 V phantom power,  3-pin mini XLR-M, programmable on, off, PTT and PTM modes and bi-color LED ring for status indication. Includes (1) 9.8' mini XLR to 3-pin XLR cable, black",,569,331.5,,,,615104230392,4044155079371,RO,85181000,286,0.63,100,25,85,3.94,0.98,3.35,6,3365.56,7.42,394,193,244,15.51,7.60,9.61,https://images.salsify.com/image/upload/s--FgPppBMH--/d2a3dedfc8f7eebf533a7e137ec018c238d3811d.jpg,,,,,,,,Electret Condenser,Cardioid,https://www.sennheiser.com/globalassets/digizuite/41445-en-SP_1081_v2.1_MEB_114_MEB_114-S_Specification_EN.pdf,https://www.sennheiser.com/globalassets/digizuite/41445-en-SP_1081_v2.1_MEB_114_MEB_114-S_Specification_EN.pdf,https://www.sennheiser.com/globalassets/digizuite/41445-en-SP_1081_v2.1_MEB_114_MEB_114-S_Specification_EN.pdf,https://www.sennheiser.com/globalassets/digizuite/41445-en-SP_1081_v2.1_MEB_114_MEB_114-S_Specification_EN.pdf,https://www.sennheiser.com/globalassets/digizuite/41445-en-SP_1081_v2.1_MEB_114_MEB_114-S_Specification_EN.pdf,"(1) MEB 114-S Boundary microphone (black), (1) 9.8' Mini XLR to 3-Pin XLR cable"
Sennheiser,MEB 114-S W,505616,"Installed on-table boundary layer microphone (cardioid pre-polarized condenser) with 24-48 V phantom power,  3-pin mini XLR-M, programmable on, off, PTT and PTM modes and bi-color LED ring for status indication. Includes (1) 9.8' mini XLR to 3-pin XLR cable, white",,569,331.5,,,,615104230408,4044155079388,RO,85181000,286,0.63,100,25,85,3.94,0.98,3.35,6,3365.56,7.42,394,193,244,15.51,7.60,9.61,https://images.salsify.com/image/upload/s--56G5z6zL--/370f55e1e36f537d82f55c67b1a98f6dc200430d.jpg,,,,,,,,Electret Condenser,Cardioid,https://www.sennheiser.com/globalassets/digizuite/41445-en-SP_1081_v2.1_MEB_114_MEB_114-S_Specification_EN.pdf,https://www.sennheiser.com/globalassets/digizuite/41445-en-SP_1081_v2.1_MEB_114_MEB_114-S_Specification_EN.pdf,https://www.sennheiser.com/globalassets/digizuite/41445-en-SP_1081_v2.1_MEB_114_MEB_114-S_Specification_EN.pdf,https://www.sennheiser.com/globalassets/digizuite/41445-en-SP_1081_v2.1_MEB_114_MEB_114-S_Specification_EN.pdf,https://www.sennheiser.com/globalassets/digizuite/41445-en-SP_1081_v2.1_MEB_114_MEB_114-S_Specification_EN.pdf,"(1) MEB 114-S Boundary microphone (white), (1) 9.8' Mini XLR to 3-Pin XLR cable"
Sennheiser,MEG 14-40 B,504791,"Speechline gooseneck microphone (cardioid, condenser) with 3-pin XLR-M and 12-48 V phantom power. 45cm long, black.  MAT 133 table stand available separately",,399,232.46,,,,615104218635,4044155071955,RO,85181000,147,0.32,40,500,40,1.57,19.69,1.57,24,5543.56,12.22,539,288,224,21.22,11.34,8.82,https://images.salsify.com/image/upload/s--sbd4kc6p--/ed45cabd5cbf9569aa21e5388b8ad4cfbcf9a4c4.jpg,,,,,,,,Condenser,Cardioid,https://www.sennheiser.com/globalassets/digizuite/41397-en-SP_1046_v2.0_MEG_14-40-L-II_MAT_153-S_Specification_EN.pdf,https://www.sennheiser.com/globalassets/digizuite/41397-en-SP_1046_v2.0_MEG_14-40-L-II_MAT_153-S_Specification_EN.pdf,https://www.sennheiser.com/globalassets/digizuite/41397-en-SP_1046_v2.0_MEG_14-40-L-II_MAT_153-S_Specification_EN.pdf,https://www.sennheiser.com/globalassets/digizuite/41397-en-SP_1046_v2.0_MEG_14-40-L-II_MAT_153-S_Specification_EN.pdf,https://www.sennheiser.com/globalassets/digizuite/41397-en-SP_1046_v2.0_MEG_14-40-L-II_MAT_153-S_Specification_EN.pdf,"(1) MEG 14-40 Gooseneck microphone (XLR 3-Pin), (1) Quick guide"
Sennheiser,MEG 14-40-L B,504792,"Speechline gooseneck microphone (cardioid, condenser) with 5-pin XLR-M, 12-48 V phantom power and illuminated light ring. 45cm long, black.  MAT 153-S table stand available separately",,489,284.9,,,,615104218642,4044155071962,RO,85181000,147,0.32,40,500,40,1.57,19.69,1.57,24,5495.56,12.12,539,288,224,21.22,11.34,8.82,https://images.salsify.com/image/upload/s--yRYf3U-b--/a38be480be463ba76ed159b7bc6d9a4913985977.jpg,,,,,,,,Condenser,Cardioid,https://www.sennheiser.com/globalassets/digizuite/41397-en-SP_1046_v2.0_MEG_14-40-L-II_MAT_153-S_Specification_EN.pdf,https://www.sennheiser.com/globalassets/digizuite/41397-en-SP_1046_v2.0_MEG_14-40-L-II_MAT_153-S_Specification_EN.pdf,https://www.sennheiser.com/globalassets/digizuite/41397-en-SP_1046_v2.0_MEG_14-40-L-II_MAT_153-S_Specification_EN.pdf,https://www.sennheiser.com/globalassets/digizuite/41397-en-SP_1046_v2.0_MEG_14-40-L-II_MAT_153-S_Specification_EN.pdf,https://www.sennheiser.com/globalassets/digizuite/41397-en-SP_1046_v2.0_MEG_14-40-L-II_MAT_153-S_Specification_EN.pdf,"(1) MEG 14-40-L Gooseneck microphone, (1) Quick guide"
Sennheiser,MEG 14-40-L-II B,506398,"Speechline gooseneck microphone (cardioid, condenser) with 5-pin XLR-M, 12-48 V phantom power and illuminated light ring. 45cm long, black. MAT 153-S table stand available separately",,529,308.2,,,,615104263758,4044155098877,DE,85181000,147,0.32,40,500,40,1.57,19.69,1.57,24,5495.56,12.12,539,288,224,21.22,11.34,8.82,https://images.salsify.com/image/upload/s--nnX1O3kX--/04c9939b9cfacc5af31421a0573b5d9b79f8ce5d.jpg,,,,,,,,Condenser,Cardioid,https://www.sennheiser.com/globalassets/digizuite/41397-en-SP_1046_v2.0_MEG_14-40-L-II_MAT_153-S_Specification_EN.pdf,https://www.sennheiser.com/globalassets/digizuite/41397-en-SP_1046_v2.0_MEG_14-40-L-II_MAT_153-S_Specification_EN.pdf,https://www.sennheiser.com/globalassets/digizuite/41397-en-SP_1046_v2.0_MEG_14-40-L-II_MAT_153-S_Specification_EN.pdf,https://www.sennheiser.com/globalassets/digizuite/41397-en-SP_1046_v2.0_MEG_14-40-L-II_MAT_153-S_Specification_EN.pdf,https://www.sennheiser.com/globalassets/digizuite/41397-en-SP_1046_v2.0_MEG_14-40-L-II_MAT_153-S_Specification_EN.pdf,"(1) MEG 14-40-L-II Gooseneck microphone, (1) Quick guide"
Sennheiser,MK 4,504298,"Large diaphragm microphone (cardioid, true condenser) with 24-carat-gold-plated capsule, metal housing, internal capsule shockmount and 3-pin XLR-M. Includes (1) MZQ 4 clip, and (1) carrying pouch",,809,471.33,,,,615104186057,4044155054842,DE,85181000,485,1.07,160,,,6.30,,,14,7289.56,16.07,584,288,259,22.99,11.34,10.20,https://images.salsify.com/image/upload/s--3alQGu_b--/d80583ab421d05830a805f0e320b460ff3f327a2.jpg,,,,,,,,Condenser,Cardioid,https://www.sennheiser.com/globalassets/digizuite/41844-en-SP_1350_v1.0_MK_4_Product_Specification_EN.pdf,https://www.sennheiser.com/globalassets/digizuite/41844-en-SP_1350_v1.0_MK_4_Product_Specification_EN.pdf,https://www.sennheiser.com/globalassets/digizuite/41844-en-SP_1350_v1.0_MK_4_Product_Specification_EN.pdf,https://www.sennheiser.com/globalassets/digizuite/41844-en-SP_1350_v1.0_MK_4_Product_Specification_EN.pdf,https://www.sennheiser.com/globalassets/digizuite/41844-en-SP_1350_v1.0_MK_4_Product_Specification_EN.pdf,"(1) MK 4 Large-diaphragm microphone, (1) MZQ 4 Microphone clip, (1) Pouch, (1) Quick guide, (1) Safety guide"
Sennheiser,MK 8,506195,"Large-diaphragm micophone (five selectable polar patterns, true condenser) with 3-position switchable low cut/rolloff filter and 3-position pad switch. Features 24-carat-gold-plated capsule, metal housing, internal capsule shockmount and 3-pin XLR-M. Includes (1) MZQ 4 clip and (1) carrying pouch",,1529,890.81,,,,615104254152,4044155092585,RO,85181000,485,1.07,160,,,6.30,,,14,10677.56,23.54,584,288,259,22.99,11.34,10.20,https://images.salsify.com/image/upload/s--bvBFKZgo--/5260070aa80d4eee6b4650fabd6adf5346205a69.jpg,https://images.salsify.com/image/upload/s--cowacIn0--/766a08cb83f058d8fdb05200916d12af7856b2c7.jpg,,,,,,,Electret Condenser,Multipattern,https://www.sennheiser.com/globalassets/digizuite/41842-en-SP_1349_v1.0_MK_8_Product_Specification_EN.pdf,https://www.sennheiser.com/globalassets/digizuite/41842-en-SP_1349_v1.0_MK_8_Product_Specification_EN.pdf,https://www.sennheiser.com/globalassets/digizuite/41842-en-SP_1349_v1.0_MK_8_Product_Specification_EN.pdf,https://www.sennheiser.com/globalassets/digizuite/41842-en-SP_1349_v1.0_MK_8_Product_Specification_EN.pdf,https://www.sennheiser.com/globalassets/digizuite/41842-en-SP_1349_v1.0_MK_8_Product_Specification_EN.pdf,"(1) MK 8 Microphone Large-diaphragm microphone, (1) MZQ 4 Microphone clip, (1) Pouch, (1) Quick guide, (1) Safety guide"
Sennheiser,MKE 1 (BEIGE 3-PIN PAINTABLE),502881,"SennheiserÕs smallest professional clip-on mic. Ideal for musicals  live shows  and broadcasting applications. Full  natural sound. High speech intelligibility. Very sweat-resistant due to protective membrane.. Paintable cable  with LEMO connector for SK 2000  SK 5212 and SK 6000 & 9000, accessories not included",,919,535.42,,,,615104170612,4044155045529,DE,85181000,"0,1",0.00,,,,,,,10,730.56,1.61,194,178,149,7.64,7.01,5.87,https://images.salsify.com/image/upload/s--rrF5_cwA--/e7e8ec711827a5558c935673091dc95d12d0590f.jpg,https://images.salsify.com/image/upload/s--PuHi0vm7--/76a62023551b334fe0eacd574c7e47535b1e5f7f.jpg,https://images.salsify.com/image/upload/s--B22tKzIp--/bce0d792f7cc7342b11c0d49a0179589d50469cf.jpg,https://images.salsify.com/image/upload/s--Q8KRPzF7--/f73d7e073436eb7556b226f7a910bd441490c991.jpg,,,,,Condenser,Omnidirectional,,,,,,"(1) MKE 1 Lavalier microphone, (1) MZC 1-1 Small frequency response cap, (1) MZC 1-2 Large frequency response cap, (3) Make-up protection caps, (1) Instruction manual"
Sennheiser,MKE 1 (BEIGE 3-PIN),502168,"SennheiserÕs smallest professional clip-on mic. Ideal for musicals  live shows  and broadcasting applications. Full  natural sound. High speech intelligibility. Very sweat-resistant due to protective membrane.. Beige  with LEMO connector for SK 2000  SK 5212 and SK 9000, accessories not included",,919,535.42,,,,615104134652,4044155023145,DE,85181000,"0,1",0.00,160,"0,1",100,6.30,0.00,3.94,10,730.56,1.61,194,178,149,7.64,7.01,5.87,https://images.salsify.com/image/upload/s--PuHi0vm7--/76a62023551b334fe0eacd574c7e47535b1e5f7f.jpg,,,,,,,,Condenser,Omnidirectional,,,,,,"(1) MKE 1 Lavalier microphone, (1) MZC 1-1 Small frequency response cap, (1) MZC 1-2 Large frequency response cap, (3) Make-up protection caps, (1) Instruction manual"
Sennheiser,MKE 1 (BEIGE EW),502879,"Ultra-miniature omni lavalier with 3.3 mm capsule, reduced sensitivity 5 mV/Pa, ultra-thin cable (1.1 mm) and 3.5mm locaking connector for evolution wireless. No accessories (beige)",,919,535.42,,,,615104170582,4044155045505,DE,85181000,"0,1",0.00,160,"0,1",100,6.30,0.00,3.94,10,779.56,1.72,194,178,149,7.64,7.01,5.87,https://images.salsify.com/image/upload/s---Q3aw3uw--/5069d4331dbab279a46d3beaa133d90a24eea123.jpg,https://images.salsify.com/image/upload/s--PuHi0vm7--/76a62023551b334fe0eacd574c7e47535b1e5f7f.jpg,https://images.salsify.com/image/upload/s--B22tKzIp--/bce0d792f7cc7342b11c0d49a0179589d50469cf.jpg,https://images.salsify.com/image/upload/s--Q8KRPzF7--/f73d7e073436eb7556b226f7a910bd441490c991.jpg,,,,,Condenser,Omnidirectional,,,,,,"(1) MKE 1 Lavalier microphone, (1) MZC 1-1 Small frequency response cap, (1) MZC 1-2 Large frequency response cap, (3) Make-up protection caps, (1) Instruction manual"
Sennheiser,MKE 1 (BEIGE OPEN END),502169,"Ultra-miniature omni-directional lavalier, 3.3 mm capsule, reduced sensitivity 5 mV/Pa, ultra-thin cable (1.1 mm), pigtails, does not include accessories (beige)",,919,535.42,,,,615104134669,4044155023152,DE,85181000,"0,1",0.00,,,,,,,10,780.56,1.72,194,178,149,7.64,7.01,5.87,https://images.salsify.com/image/upload/s--i9t3ush5--/beef5425b5389a78ff0b32c686f4686a58b228b6.jpg,,,,,,,,Condenser,Omnidirectional,,,,,,"(1) MKE 1 Lavalier microphone, (1) MZC 1-1 Small frequency response cap, (1) MZC 1-2 Large frequency response cap, (3) Make-up protection caps, (1) Instruction manual"
Sennheiser,MKE 1 (BLACK 3-PIN),502167,"SennheiserÕs smallest professional clip-on mic. Ideal for musicals  live shows  and broadcasting applications. Full  natural sound. High speech intelligibility. Very sweat-resistant due to protective membrane.. Anthracite, with LEMO connector for SK 2000  SK 5212 and SK 6000 & 9000. Accessories not included.",,919,535.42,,,,615104134645,4044155023138,DE,85181000,"0,1",0.00,160,"0,1",100,6.30,0.00,3.94,10,730.56,1.61,194,178,149,7.64,7.01,5.87,https://images.salsify.com/image/upload/s--yEOZ_fMR--/ee069a7b1937a3bf8aada27b2ecf81fd1c257f3c.jpg,,,,,,,,Condenser,Omnidirectional,,,,,,"(1) MKE 1 Lavalier microphone, (1) MZC 1-1 Small frequency response cap, (1) MZC 1-2 Large frequency response cap, (3) Make-up protection caps, (1) Instruction manual"
Sennheiser,MKE 1 (BLACK EW),502876,"Ultra-miniature omni lavalier with 3.3 mm capsule, reduced sensitivity (5 mV/Pa), ultra-thin cable (1.1 mm) and 3.5mm locking connector and 3.5mm locking connector for evolution wireless . No accessories. (black)",,919,535.42,,,,615104170551,4044155045475,DE,85181000,"0,1",0.00,160,"0,1",100,6.30,0.00,3.94,10,779.56,1.72,194,178,149,7.64,7.01,5.87,https://images.salsify.com/image/upload/s--6ZlZQ99D--/cb276bfe4d7f353f008c5f85da16d63d4febffdd.jpg,https://images.salsify.com/image/upload/s--PuHi0vm7--/76a62023551b334fe0eacd574c7e47535b1e5f7f.jpg,https://images.salsify.com/image/upload/s--B22tKzIp--/bce0d792f7cc7342b11c0d49a0179589d50469cf.jpg,https://images.salsify.com/image/upload/s--Q8KRPzF7--/f73d7e073436eb7556b226f7a910bd441490c991.jpg,,,,,Condenser,Omnidirectional,,,,,,"(1) MKE 1 Lavalier microphone, (1) MZC 1-1 Small frequency response cap, (1) MZC 1-2 Large frequency response cap, (3) Make-up protection caps, (1) Instruction manual"
Sennheiser,MKE 1 (BLACK OPEN END),502046,"Ultra-miniature omni-directional lavalier with 3.3 mm capsule, reduced sensitivity 5 mV/Pa, ultra-thin cable (1.1 mm), pigtails. No accessories (black)",,919,535.42,,,,615104128040,4044155017731,DE,85181000,"0,1",0.00,,,,,,,10,720.56,1.59,194,178,149,7.64,7.01,5.87,https://images.salsify.com/image/upload/s--LkPlQQxX--/2698b08d9b951368750ed9f2b328a7a916048ce6.jpg,,,,,,,,Condenser,Omnidirectional,,,,,,"(1) MKE 1 Lavalier microphone, (1) MZC 1-1 Small frequency response cap, (1) MZC 1-2 Large frequency response cap, (3) Make-up protection caps, (1) Instruction manual"
Sennheiser,MKE 1 (BROWN 3-PIN),502834,"SennheiserÕs smallest professional clip-on mic. Ideal for musicals  live shows  and broadcasting applications. Full  natural sound. High speech intelligibility. Very sweat-resistant due to protective membrane.. Brown  with LEMO connector for SK 2000  SK 5212 and SK 9000, accessories not included",,919,535.42,,,,615104169982,4044155044980,DE,85181000,"0,1",0.00,,,,,,,10,630.56,1.39,194,178,149,7.64,7.01,5.87,https://images.salsify.com/image/upload/s--Q8KRPzF7--/f73d7e073436eb7556b226f7a910bd441490c991.jpg,,,,,,,,Condenser,Omnidirectional,,,,,,"(1) MKE 1 Lavalier microphone, (1) MZC 1-1 Small frequency response cap, (1) MZC 1-2 Large frequency response cap, (3) Make-up protection caps, (1) Instruction manual"
Sennheiser,MKE 1 (WHITE 3-PIN),502833,"SennheiserÕs smallest professional clip-on mic. Ideal for musicals  live shows  and broadcasting applications. Full  natural sound. High speech intelligibility. Very sweat-resistant due to protective membrane.. White  with LEMO connector for SK 2000  SK 5212 and SK 6000 & 9000, accessories not included",,919,535.42,,,,615104169975,4044155044973,DE,85181000,"0,1",0.00,,,,,,,10,754.56,1.66,194,178,149,7.64,7.01,5.87,https://images.salsify.com/image/upload/s--B22tKzIp--/bce0d792f7cc7342b11c0d49a0179589d50469cf.jpg,,,,,,,,Condenser,Omnidirectional,,,,,,"(1) MKE 1 Lavalier microphone, (1) MZC 1-1 Small frequency response cap, (1) MZC 1-2 Large frequency response cap, (3) Make-up protection caps, (1) Instruction manual"
Sennheiser,MKE 2 (BEIGE 3-PIN),004739,"Clip-on microphone, omnidirectional, 3-pin SE connector for SK 50/250/2000/5212/6000/9000, beige, accessories not included",,809,471.33,,,,615104047396,4006087047392,DE,85181000,17,0.04,180,"0,07",160,7.09,0.00,6.30,50,3754.56,8.28,334,268,294,13.15,10.55,11.57,https://images.salsify.com/image/upload/s--VTZsGLzt--/331a040107a02a83ab3465dc9832e21847c35b36.jpg,,,,,,,,Electret Condenser,Omnidirectional,https://www.sennheiser.com/globalassets/digizuite/41573-en-SP_1151_v2.0_ew_500_G4-MKE_2_Product_Specification_EN.pdf,https://www.sennheiser.com/globalassets/digizuite/41573-en-SP_1151_v2.0_ew_500_G4-MKE_2_Product_Specification_EN.pdf,https://www.sennheiser.com/globalassets/digizuite/41573-en-SP_1151_v2.0_ew_500_G4-MKE_2_Product_Specification_EN.pdf,https://www.sennheiser.com/globalassets/digizuite/41573-en-SP_1151_v2.0_ew_500_G4-MKE_2_Product_Specification_EN.pdf,https://www.sennheiser.com/globalassets/digizuite/41573-en-SP_1151_v2.0_ew_500_G4-MKE_2_Product_Specification_EN.pdf,"(1) MKE 2 Lavalier microphone, (1) Short frequency cap, (1) Long frequency cap, (1) MZQ 02 Microphone clip, (1) MZW 2 Windscreen, (3) Make-up protection caps"
Sennheiser,MKE 2 (BEIGE EW),009832,"Clip-on microphone, omnidirectional, 3.5mm EW jack, for SK 100/300/500, beige, includes MZQ222 clip and MZW2 windscreen",,809,471.33,,,,615104098329,4006087098325,DE,85181000,17,0.04,100,"0,07",160,3.94,0.00,6.30,50,1954.56,4.31,334,268,294,13.15,10.55,11.57,https://images.salsify.com/image/upload/s--VTZsGLzt--/331a040107a02a83ab3465dc9832e21847c35b36.jpg,,,,,,,,Electret Condenser,Omnidirectional,https://www.sennheiser.com/globalassets/digizuite/41573-en-SP_1151_v2.0_ew_500_G4-MKE_2_Product_Specification_EN.pdf,https://www.sennheiser.com/globalassets/digizuite/41573-en-SP_1151_v2.0_ew_500_G4-MKE_2_Product_Specification_EN.pdf,https://www.sennheiser.com/globalassets/digizuite/41573-en-SP_1151_v2.0_ew_500_G4-MKE_2_Product_Specification_EN.pdf,https://www.sennheiser.com/globalassets/digizuite/41573-en-SP_1151_v2.0_ew_500_G4-MKE_2_Product_Specification_EN.pdf,https://www.sennheiser.com/globalassets/digizuite/41573-en-SP_1151_v2.0_ew_500_G4-MKE_2_Product_Specification_EN.pdf,"(1) MKE 2 Lavalier microphone, (1) Short frequency cap, (1) Long frequency cap, (1) MZQ 02 Microphone clip, (1) MZW 2 Windscreen, (3) Make-up protection caps"
Sennheiser,MKE 2 (BEIGE OPEN END),004738,"Clip-on microphone, omnidirectional, cable 3m with open end, beige, accessories not included",,809,471.33,,,,615104047389,4006087047385,DE,85181000,17,0.04,180,"0,07",160,7.09,0.00,6.30,50,4254.56,9.38,334,268,294,13.15,10.55,11.57,https://images.salsify.com/image/upload/s--VTZsGLzt--/331a040107a02a83ab3465dc9832e21847c35b36.jpg,,,,,,,,Electret Condenser,Omnidirectional,https://www.sennheiser.com/globalassets/digizuite/41573-en-SP_1151_v2.0_ew_500_G4-MKE_2_Product_Specification_EN.pdf,https://www.sennheiser.com/globalassets/digizuite/41573-en-SP_1151_v2.0_ew_500_G4-MKE_2_Product_Specification_EN.pdf,https://www.sennheiser.com/globalassets/digizuite/41573-en-SP_1151_v2.0_ew_500_G4-MKE_2_Product_Specification_EN.pdf,https://www.sennheiser.com/globalassets/digizuite/41573-en-SP_1151_v2.0_ew_500_G4-MKE_2_Product_Specification_EN.pdf,https://www.sennheiser.com/globalassets/digizuite/41573-en-SP_1151_v2.0_ew_500_G4-MKE_2_Product_Specification_EN.pdf,"(1) MKE 2 Lavalier microphone, (1) Short frequency cap, (1) Long frequency cap, (1) MZQ 02 Microphone clip, (1) MZW 2 Windscreen, (3) Make-up protection caps"
Sennheiser,MKE 2 (BLACK 3-PIN),004736,"High-quality  sub-miniature omni-directional clip-on lavalier microphone. For all areas of live work. Fulfills highest demands on sound quality and ruggedness. Sweat protected by special ultralight Umbrella Diaphragmª.. Black with LEMO connector for SK 2000  SK 5212, SK 6000 & SK 9000",,809,471.33,,,,615104047365,4006087047361,DE,85181000,17,0.04,180,"0,07",160,7.09,0.00,6.30,50,3754.56,8.28,334,268,294,13.15,10.55,11.57,https://images.salsify.com/image/upload/s--ASVwR-9v--/14a9b79c9fc74238cd3d6318e8173fd7ad5a17e5.jpg,,,,,,,,Electret Condenser,Omnidirectional,https://www.sennheiser.com/globalassets/digizuite/41573-en-SP_1151_v2.0_ew_500_G4-MKE_2_Product_Specification_EN.pdf,https://www.sennheiser.com/globalassets/digizuite/41573-en-SP_1151_v2.0_ew_500_G4-MKE_2_Product_Specification_EN.pdf,https://www.sennheiser.com/globalassets/digizuite/41573-en-SP_1151_v2.0_ew_500_G4-MKE_2_Product_Specification_EN.pdf,https://www.sennheiser.com/globalassets/digizuite/41573-en-SP_1151_v2.0_ew_500_G4-MKE_2_Product_Specification_EN.pdf,https://www.sennheiser.com/globalassets/digizuite/41573-en-SP_1151_v2.0_ew_500_G4-MKE_2_Product_Specification_EN.pdf,"(1) MKE 2 Lavalier microphone, (1) Short frequency cap, (1) Long frequency cap, (1) MZQ 02 Microphone clip, (1) MZW 2 Windscreen, (3) Make-up protection caps"
Sennheiser,MKE 2 (BLACK EW),009831,"Clip-on microphone, omnidirectional, 3.5mm EW jack, for SK 100/300/500, anthracite, includes MZQ222 clip and MZW2 windscreen",,809,471.33,,,,615104098312,4006087098318,DE,85181000,17,0.04,100,5,160,3.94,0.20,6.30,50,1854.56,4.09,334,268,294,13.15,10.55,11.57,https://images.salsify.com/image/upload/s--ASVwR-9v--/14a9b79c9fc74238cd3d6318e8173fd7ad5a17e5.jpg,,,,,,,,Electret Condenser,Omnidirectional,https://www.sennheiser.com/globalassets/digizuite/41573-en-SP_1151_v2.0_ew_500_G4-MKE_2_Product_Specification_EN.pdf,https://www.sennheiser.com/globalassets/digizuite/41573-en-SP_1151_v2.0_ew_500_G4-MKE_2_Product_Specification_EN.pdf,https://www.sennheiser.com/globalassets/digizuite/41573-en-SP_1151_v2.0_ew_500_G4-MKE_2_Product_Specification_EN.pdf,https://www.sennheiser.com/globalassets/digizuite/41573-en-SP_1151_v2.0_ew_500_G4-MKE_2_Product_Specification_EN.pdf,https://www.sennheiser.com/globalassets/digizuite/41573-en-SP_1151_v2.0_ew_500_G4-MKE_2_Product_Specification_EN.pdf,"(1) MKE 2 Lavalier microphone, (1) Short frequency cap, (1) Long frequency cap, (1) MZQ 02 Microphone clip, (1) MZW 2 Windscreen, (3) Make-up protection caps"
Sennheiser,MKE 2 (BLACK OPEN END),004735,"Clip-on microphone, omnidirectional, cable 3m with open end, anthracite, accessories not included",,809,471.33,,,,615104047358,4006087047354,DE,85181000,17,0.04,180,"0,07",160,7.09,0.00,6.30,50,4254.56,9.38,334,268,294,13.15,10.55,11.57,https://images.salsify.com/image/upload/s--ASVwR-9v--/14a9b79c9fc74238cd3d6318e8173fd7ad5a17e5.jpg,,,,,,,,Electret Condenser,Omnidirectional,https://www.sennheiser.com/globalassets/digizuite/41573-en-SP_1151_v2.0_ew_500_G4-MKE_2_Product_Specification_EN.pdf,https://www.sennheiser.com/globalassets/digizuite/41573-en-SP_1151_v2.0_ew_500_G4-MKE_2_Product_Specification_EN.pdf,https://www.sennheiser.com/globalassets/digizuite/41573-en-SP_1151_v2.0_ew_500_G4-MKE_2_Product_Specification_EN.pdf,https://www.sennheiser.com/globalassets/digizuite/41573-en-SP_1151_v2.0_ew_500_G4-MKE_2_Product_Specification_EN.pdf,https://www.sennheiser.com/globalassets/digizuite/41573-en-SP_1151_v2.0_ew_500_G4-MKE_2_Product_Specification_EN.pdf,"(1) MKE 2 Lavalier microphone, (1) Short frequency cap, (1) Long frequency cap, (1) MZQ 02 Microphone clip, (1) MZW 2 Windscreen, (3) Make-up protection caps"
Sennheiser,MKE 2 (BLACK XLR),004224,High-quality  sub-miniature omni-directional clip-on lavalier microphone. For all areas of live work. Fulfills highest demands on sound quality and ruggedness. Sweat protected by special ultralight Umbrella Diaphragmª. Black  with adaptor to XLR 3M for direct connection to phantom powered input.,,809,471.33,,,,615104042247,4006087042243,DE,85181000,17,0.04,,,,,,,50,6054.56,13.35,334,268,294,13.15,10.55,11.57,https://images.salsify.com/image/upload/s--ASVwR-9v--/14a9b79c9fc74238cd3d6318e8173fd7ad5a17e5.jpg,,,,,,,,Electret Condenser,Omnidirectional,https://www.sennheiser.com/globalassets/digizuite/41573-en-SP_1151_v2.0_ew_500_G4-MKE_2_Product_Specification_EN.pdf,https://www.sennheiser.com/globalassets/digizuite/41573-en-SP_1151_v2.0_ew_500_G4-MKE_2_Product_Specification_EN.pdf,https://www.sennheiser.com/globalassets/digizuite/41573-en-SP_1151_v2.0_ew_500_G4-MKE_2_Product_Specification_EN.pdf,https://www.sennheiser.com/globalassets/digizuite/41573-en-SP_1151_v2.0_ew_500_G4-MKE_2_Product_Specification_EN.pdf,https://www.sennheiser.com/globalassets/digizuite/41573-en-SP_1151_v2.0_ew_500_G4-MKE_2_Product_Specification_EN.pdf,"(1) MKE 2 Lavalier microphone, (1) Short frequency cap, (1) Long frequency cap, (1) MZQ 02 Microphone clip, (1) MZW 2 Windscreen, (3) Make-up protection caps"
Sennheiser,MKE 200,508897,"Compact, super-cardioid on-camera microphone with built-in wind protection and shock absorption for enhanced in-camera audio. Includes carrying pouch, fur windshield, and 3.5mm TRS and TRRS coiled cables for compatibility with DSLR and mirrorless cameras or mobile devices.",,199,115.94,,,,615104346895,4044155251746,CN,85181000,48,0.11,240,70,115,9.45,2.76,4.53,20,6145.0,13.55,485,260,360,19.09,10.24,14.17,https://images.salsify.com/image/upload/s--vKMSpL3W--/d65b3457482f51303464b1e4abc09b6c6cd2d6c0.jpg,https://images.salsify.com/image/upload/s--6WIjFUHz--/334ae4d7607a8905850ed0fb4a194184fdc04991.jpg,https://images.salsify.com/image/upload/s--FvVa7PIz--/b86c02a5c856059296aa7bc358f4b668ece2d6d5.jpg,https://images.salsify.com/image/upload/s--yVC7ocFG--/67a4bd061b20210cd708a2f7865a40c36772111b.jpg,https://images.salsify.com/image/upload/s--tUFRkxbf--/34e312eb7d4ef78def936340307d1529dec4295b.jpg,https://images.salsify.com/image/upload/s--_f9zSqZX--/70a95459c390f2b6cd74777d0d0bc7a2971adb30.jpg,https://images.salsify.com/image/upload/s--nfiQ1gid--/15ee9c604f616fedfc49d60cff21ff0ada80bf85.jpg,https://images.salsify.com/image/upload/s--_LScJfUa--/e81815bc5411c71297d47af05be0fc8cf833d5f8.jpg,Electret Condenser,Supercardioid,https://www.sennheiser.com/globalassets/digizuite/41759-en-SP_1286_v1.0_MKE_200_Product_Specification_EN.pdf,https://www.sennheiser.com/globalassets/digizuite/41759-en-SP_1286_v1.0_MKE_200_Product_Specification_EN.pdf,https://www.sennheiser.com/globalassets/digizuite/41759-en-SP_1286_v1.0_MKE_200_Product_Specification_EN.pdf,https://www.sennheiser.com/globalassets/digizuite/41759-en-SP_1286_v1.0_MKE_200_Product_Specification_EN.pdf,https://www.sennheiser.com/globalassets/digizuite/41759-en-SP_1286_v1.0_MKE_200_Product_Specification_EN.pdf,"(1) MKE 200 On-camera microphone, (1) CL 35 TRS, locking TRS-TRS Coiled cable, (1) CL 35 TRRS, locking TRS - TRRS coiled cable, (1) MZH 200 Furry Windscreen, (1) Drawstring pouch, (1) Quick guide, (1) Saftey Guide"
Sennheiser,MKE 200 CABLE TRS-TRRS,508908,"3.5mm (1/8"") TRS to 3.5mm (1/8"") TRRS coiled cable with locking connector for use with mobile devices.",,39.95,23.28,,,,615104347304,4044155251944,CN,85444290,20,0.04,225,"10,4",135,8.86,0.41,5.31,50,1322.0,2.91,394,193,244,15.51,7.60,9.61,https://images.salsify.com/image/upload/s--9zF2dOxE--/1c3fa00dfb151b17280be5580e653831bfb4d91e.png,,,,,,,,,,,,,,,(1) CL 35 TRRS Cable
Sennheiser,MKE 200 FUR WINDSHIELD,508910,Furry windshield designed for MKE 200 to protect against wind noise for outdoor applications.,,39.95,23.28,,,,615104347328,4044155251968,CN,85189000,"11,5",0.03,225,20,135,8.86,0.79,5.31,50,897.0,1.98,394,193,244,15.51,7.60,9.61,https://images.salsify.com/image/upload/s--9dBAFG3x--/7878db07e1d21b14c41114d6c777a5423a9ceea6.png,,,,,,,,,,,,,,,(1) MZH 200 Windscreen
Sennheiser,MKE 200 MOBILE KIT,509256,"Compact on-camera shotgun microphone kit (supercardioid, condenser). Includes (1) MKE 200 on-camera microphone, (1) Manfrotto PIXI Mini Tripod, (1) Smartphone clamp with cold-shoe mount, (1) Locking 3.5 mm TRS - TRS coiled cable, (1) Locking 3.5 mm TRS - TRRS coiled cable, (1) Furry windshield for MKE 200 and (1) Pouch",,199,115.94,,,,615104359390,4044155259001,CN,85181000,48,0.11,240,70,225,9.45,2.76,8.86,10,7675.0,16.92,485,260,360,19.09,10.24,14.17,https://images.salsify.com/image/upload/s--F6fqyiDg--/1e1d15bd2262c769fefb3315437115fd81081503.jpg,https://images.salsify.com/image/upload/s--i_pLtVJ9--/a3170859a05fa746321cad371f5852c2a10fe435.jpg,https://images.salsify.com/image/upload/s--7p-uHvmz--/06871be8821c3358b1f4bdb8fe0eb26c958e7001.jpg,https://images.salsify.com/image/upload/s--WFZ2OWTZ--/b9d3704c5611a44972d3deca73770d9e31390384.jpg,https://images.salsify.com/image/upload/s--s7w0i8fW--/245451a586fc794afecc1c63176f48106172de68.jpg,,,,Electret Condenser,Supercardioid,https://www.sennheiser.com/globalassets/digizuite/41759-en-SP_1286_v1.0_MKE_200_Product_Specification_EN.pdf,https://www.sennheiser.com/globalassets/digizuite/41759-en-SP_1286_v1.0_MKE_200_Product_Specification_EN.pdf,https://www.sennheiser.com/globalassets/digizuite/41759-en-SP_1286_v1.0_MKE_200_Product_Specification_EN.pdf,https://www.sennheiser.com/globalassets/digizuite/41759-en-SP_1286_v1.0_MKE_200_Product_Specification_EN.pdf,https://www.sennheiser.com/globalassets/digizuite/41759-en-SP_1286_v1.0_MKE_200_Product_Specification_EN.pdf,"(1) MKE 200 On-camera microphone, (1) Manfrotto PIXI mini tripod, (1) Sennheiser Smartphone Clamp, (1) Locking 3.5 mm TRS to TRS coiled cable, (1) Locking 3.5 mm TRS to TRRS coiled cable, (1) MZH 200 Windscreen, (1) Storage pouch"
Sennheiser,MKE 40 (BLACK 3-PIN),003579,Cardioid clip-on microphone. Excellent speech intelligibility. High feedback-rejection. Outstanding bass reproduction. Black  with LEMO connector for SK 2000  SK 5212 and SK 9000,,809,471.33,,,,615104035799,4006087035795,DE,85181000,280,0.62,199,163,43,7.83,6.42,1.69,20,6127.56,13.51,584,288,259,22.99,11.34,10.20,https://images.salsify.com/image/upload/s--GBxDfd1G--/976c4e35c8f7ffe6f5281d707d19d6f0f0435122.jpg,,,,,,,,Condenser,Cardioid,https://www.sennheiser.com/globalassets/digizuite/41615-en-SP_1171_v2.0_MKE_40_Product_Specification_EN.pdf,https://www.sennheiser.com/globalassets/digizuite/41615-en-SP_1171_v2.0_MKE_40_Product_Specification_EN.pdf,https://www.sennheiser.com/globalassets/digizuite/41615-en-SP_1171_v2.0_MKE_40_Product_Specification_EN.pdf,https://www.sennheiser.com/globalassets/digizuite/41615-en-SP_1171_v2.0_MKE_40_Product_Specification_EN.pdf,https://www.sennheiser.com/globalassets/digizuite/41615-en-SP_1171_v2.0_MKE_40_Product_Specification_EN.pdf,"(1) MKE 40-ew Lavalier microphone, (1) Clip (black), (1) MZW 40 Windscreen (black), (1) MZW 40 Windscreen (grey), (1) MZM 2 / MZM 10 Magnet holder set"
Sennheiser,MKE 40 (BLACK EW),500527,Cardioid clip-on microphone. Excellent speech intelligibility. High feedback-rejection. Outstanding bass reproduction. Black  with lockable 3.5mm connector for Evolution transmitters,,809,471.33,,,,615104107755,4044155005349,DE,85181000,290,0.64,199,163,43,7.83,6.42,1.69,20,6327.56,13.95,584,288,259,22.99,11.34,10.20,https://images.salsify.com/image/upload/s--LkPlQQxX--/2698b08d9b951368750ed9f2b328a7a916048ce6.jpg,https://images.salsify.com/image/upload/s--tZ0a1v_x--/4522dec9d52e2ba03d17ba0815a5011e988e193c.jpg,,,,,,,Condenser,Cardioid,https://www.sennheiser.com/globalassets/digizuite/41615-en-SP_1171_v2.0_MKE_40_Product_Specification_EN.pdf,https://www.sennheiser.com/globalassets/digizuite/41615-en-SP_1171_v2.0_MKE_40_Product_Specification_EN.pdf,https://www.sennheiser.com/globalassets/digizuite/41615-en-SP_1171_v2.0_MKE_40_Product_Specification_EN.pdf,https://www.sennheiser.com/globalassets/digizuite/41615-en-SP_1171_v2.0_MKE_40_Product_Specification_EN.pdf,https://www.sennheiser.com/globalassets/digizuite/41615-en-SP_1171_v2.0_MKE_40_Product_Specification_EN.pdf,"(1) MKE 40-ew Lavalier microphone, (1) Clip (black), (1) MZW 40 Windscreen (black), (1) MZW 40 Windscreen (grey), (1) MZM 2 / MZM 10 Magnet holder set"
Sennheiser,MKE 400-II,508898,"Highly directional on-camera shotgun microphone (supercardioid, condenser) with built-in wind protection and shock absorption for enhanced in-camera audio. Includes (1) (1) MKE 400 on-camera microphone, (1) Locking 3.5 mm TRS - TRS coiled cable, (1) Locking 3.5 mm TRS - TRRS coiled cable, (1) Furry windshield for MKE 400, (1) Pouch and (2) AAA batteries",,409,238.29,,,,615104346888,4044155251739,RO,85181000,"93,5",0.21,240,70,115,9.45,2.76,4.53,20,7546.56,16.64,485,260,360,19.09,10.24,14.17,https://images.salsify.com/image/upload/s--XhqdXZi5--/ddfcf9fbc735619fdcbc60479e3a90ba43f12438.jpg,,,,,,,,Electret Condenser,Supercardioid,https://www.sennheiser.com/globalassets/digizuite/41760-en-SP_1287_v1.0_MKE_400_Product_Specification_EN.pdf,https://www.sennheiser.com/globalassets/digizuite/41760-en-SP_1287_v1.0_MKE_400_Product_Specification_EN.pdf,https://www.sennheiser.com/globalassets/digizuite/41760-en-SP_1287_v1.0_MKE_400_Product_Specification_EN.pdf,https://www.sennheiser.com/globalassets/digizuite/41760-en-SP_1287_v1.0_MKE_400_Product_Specification_EN.pdf,https://www.sennheiser.com/globalassets/digizuite/41760-en-SP_1287_v1.0_MKE_400_Product_Specification_EN.pdf,"(1) MKE 400 On-camera microphone, (1) CL 35 TRS, locking TRS-TRS Coiled cable, (1) CL 35 TRRS, locking TRS - TRRS coiled cable, (1) MZH 400 Furry Windscreen, (1) Drawstring pouch, (1) Quick guide, (1) Saftey Guide"
Sennheiser,MKE 400-II MOBILE KIT,509257,"Highly directional on-camera shotgun microphone kit (supercardioid, condenser). Includes (1) MKE 400 on-camera microphone, (1) Manfrotto PIXI Mini Tripod, (1) Smartphone clamp with cold-shoe mount, (1) Locking 3.5 mm TRS - TRS coiled cable, (1) Locking 3.5 mm TRS - TRRS coiled cable, (1) Furry windshield for MKE 400, (1) Pouch and (2) AAA batteries",,469,273.25,,,,615104359413,4044155259018,RO,85181000,"93,5",0.21,240,70,225,9.45,2.76,8.86,4,3291.56,7.26,305,260,240,12.01,10.24,9.45,https://images.salsify.com/image/upload/s--5SZJIXar--/61e80c4fc49ae793c6709dc4b4195cae96b51e34.jpg,https://images.salsify.com/image/upload/s--27irPXuH--/e8b4e7a76bfa33e2d6afe985b758ee664c1beb50.jpg,https://images.salsify.com/image/upload/s--olhMDgH3--/0707e754f860764856195cea1bd4fa035fea4c8d.jpg,https://images.salsify.com/image/upload/s--cqM_4p4j--/4055953b87b96c8a00e53c9d63c05557a489008f.jpg,https://images.salsify.com/image/upload/s--W3BceOOZ--/1d27ea1ad712494757e94dcefc38a032da629c26.jpg,,,,Electret Condenser,Supercardioid,https://www.sennheiser.com/globalassets/digizuite/41760-en-SP_1287_v1.0_MKE_400_Product_Specification_EN.pdf,https://www.sennheiser.com/globalassets/digizuite/41760-en-SP_1287_v1.0_MKE_400_Product_Specification_EN.pdf,https://www.sennheiser.com/globalassets/digizuite/41760-en-SP_1287_v1.0_MKE_400_Product_Specification_EN.pdf,https://www.sennheiser.com/globalassets/digizuite/41760-en-SP_1287_v1.0_MKE_400_Product_Specification_EN.pdf,https://www.sennheiser.com/globalassets/digizuite/41760-en-SP_1287_v1.0_MKE_400_Product_Specification_EN.pdf,"(1) MKE 400 On-camera microphone, (1) Manfrotto PIXI mini tripod, (1) Sennheiser Smartphone Clamp, (1) Locking 3.5 mm TRS to TRS coiled cable, (1) Locking 3.5 mm TRS to TRRS coiled cable, (1) MZH 400 Windscreen, (1) Storage pouch"
Sennheiser,MKE 440,506258,"Stereo shotgun microphone (supercardioid, condenser) for cameras with hot shoe mount, built-in elastic suspension, 3-level sensitivity adjustment and low-cut filter. Includes (2) AAA Alkaline battery and (1) cable with 1/8"" (3.5 mm) jack",,709,413.07,,,,615104258204,4044155095159,RO,85181000,165,0.36,262,78,143,10.31,3.07,5.63,12,4925.56,10.86,504,288,319,19.84,11.34,12.56,https://images.salsify.com/image/upload/s--pnAcDP5i--/ec18e4e858e375242d63ac2e8057e5612fac4d2a.jpg,https://images.salsify.com/image/upload/s--1ia7NE_p--/d0e18bf07addaa57852e7f34e1441b8e21d2f9bf.jpg,https://images.salsify.com/image/upload/s--ZfcovCFF--/7dd4eb213d3fb0a64badb403bc48376ed0f7abeb.jpg,https://images.salsify.com/image/upload/s--Xt2TOaj7--/f982da45d73a9e6f344845d1e9a1ea25411584b0.jpg,https://images.salsify.com/image/upload/s--h3w0ACJw--/5ca5ddcacd7b902364ee19d8ce6da9f0da486385.jpg,https://images.salsify.com/image/upload/s--eDmJIwGo--/6998f1ee7641e9452e793cd2bc5cbdfee7beb3d1.jpg,https://images.salsify.com/image/upload/s--8XVxFGJ0--/c7c526d683775ad2b429c05e8b8a46ce5361b2a9.jpg,https://images.salsify.com/image/upload/s--7HCu9tHS--/539de1521cd34654aac406462a898b484a446f98.jpg,Condenser,Stereo,https://www.sennheiser.com/globalassets/digizuite/41786-en-MKE_440_Product_Specification_v1.0_EN.pdf,https://www.sennheiser.com/globalassets/digizuite/41786-en-MKE_440_Product_Specification_v1.0_EN.pdf,https://www.sennheiser.com/globalassets/digizuite/41786-en-MKE_440_Product_Specification_v1.0_EN.pdf,https://www.sennheiser.com/globalassets/digizuite/41786-en-MKE_440_Product_Specification_v1.0_EN.pdf,https://www.sennheiser.com/globalassets/digizuite/41786-en-MKE_440_Product_Specification_v1.0_EN.pdf,(1) MKE 440 Shotgun microphone
Sennheiser,MKE 600,505453,"Shotgun microphone for on-camera use (AA battery or phantom power) with switchable low-cut filter and on/off switch. Includes (1) MZS 600 camera shockmount, (1) MZW 600 windscreen and (1) KA 600 XLR female to 3.5 mm TRS male cable",,629,366.46,,,,615104223493,4044155074871,DE,85181000,128,0.28,330,82,"132,5",12.99,3.23,5.22,8,4325.56,9.54,354,388,294,13.94,15.28,11.57,https://images.salsify.com/image/upload/s--RQlny9tb--/c86a2474328dfe0079a805e4b2a74f9a9747efbf.jpg,https://images.salsify.com/image/upload/s--a8g2oN-H--/35ea0e910568cc2405cc5947cedfe98332044b1d.jpg,https://images.salsify.com/image/upload/s--r_Wl6F3r--/a09f82bbf01fdd4473e9fa798eaeafc2567b3cf9.jpg,https://images.salsify.com/image/upload/s--kg5iG62g--/c00d0235891b895c3caf5a58ea91ac3d7dfb300e.jpg,,,,,Condenser,Supercardioid,https://www.sennheiser.com/globalassets/digizuite/41788-en-SP_1302_v1.0_MKE_600_Product_Specification_EN.pdf,https://www.sennheiser.com/globalassets/digizuite/41788-en-SP_1302_v1.0_MKE_600_Product_Specification_EN.pdf,https://www.sennheiser.com/globalassets/digizuite/41788-en-SP_1302_v1.0_MKE_600_Product_Specification_EN.pdf,https://www.sennheiser.com/globalassets/digizuite/41788-en-SP_1302_v1.0_MKE_600_Product_Specification_EN.pdf,https://www.sennheiser.com/globalassets/digizuite/41788-en-SP_1302_v1.0_MKE_600_Product_Specification_EN.pdf,"(1) MKE 600 Shotgun microphone, (1) MZS 600 Shock mount, (1) MZW 600 Windscreen, (1) KA 600 XLR to 3.5mm TRS Cable, (1) Pouch, (1) Quick guide, (1) Saftey Guide"
Sennheiser,MKE ESSENTIAL (BEIGE 3-PIN),508252,"Lavalier microphone (omnidirectional, pre-polarized condenser) with 1.6m cable for 2000, 5000, 6000 and 9000 Series, beige. Includes (1) MKE Essential omni-beige with 3-Pin connector, (1) MZQ 02 microphone clamp and (1) SL MZW 1 foam windscreen",,509,296.55,,,,615104314658,4044155237429,DE,85181000,16,0.04,225,"0,2",135,8.86,0.01,5.31,50,6654.56,14.67,334,268,294,13.15,10.55,11.57,https://images.salsify.com/image/upload/s--5IJvOqnv--/e8f572f1362f4dd95a90e2e5e46b091501fc25da.jpg,https://images.salsify.com/image/upload/s--VgZYT4wl--/6cc5d636fb38b57eef04d871fb6dc32f0ef998fb.jpg,,,,,,,Electret Condenser,Omnidirectional,https://www.sennheiser.com/globalassets/digizuite/41619-en-SP_1181_v1.1_MKE_Essential_Omni_Specification_EN.pdf,https://www.sennheiser.com/globalassets/digizuite/41619-en-SP_1181_v1.1_MKE_Essential_Omni_Specification_EN.pdf,https://www.sennheiser.com/globalassets/digizuite/41619-en-SP_1181_v1.1_MKE_Essential_Omni_Specification_EN.pdf,https://www.sennheiser.com/globalassets/digizuite/41619-en-SP_1181_v1.1_MKE_Essential_Omni_Specification_EN.pdf,https://www.sennheiser.com/globalassets/digizuite/41619-en-SP_1181_v1.1_MKE_Essential_Omni_Specification_EN.pdf,"(1) MKE ESSENTIAL OMNI Lavalier microphone, (1) MZW 1 Windscreen, (1) MZQ 02 Microphone clip, (1) Quick guide, (1) Saftey Guide"
Sennheiser,MKE ESSENTIAL (BEIGE EW),508250,"Lavalier microphone (omnidirectional, pre-polarized condenser) with 1.6m cable for XS Wireless and evolution wireless, beige. Includes (1) MKE Essential omni-beige with 3.5mm jack, (1) MZQ 02 microphone clamp and (1) SL MZW 1 foam windscreen",,509,296.55,,,,615104314634,4044155237405,DE,85181000,16,0.04,225,"0,2",135,8.86,0.01,5.31,50,6654.56,14.67,334,268,294,13.15,10.55,11.57,https://images.salsify.com/image/upload/s--tx5CSBpU--/905f50358e459193c078ac5ff871db0c9346fb23.jpg,https://images.salsify.com/image/upload/s--VgZYT4wl--/6cc5d636fb38b57eef04d871fb6dc32f0ef998fb.jpg,,,,,,,Electret Condenser,Omnidirectional,https://www.sennheiser.com/globalassets/digizuite/41619-en-SP_1181_v1.1_MKE_Essential_Omni_Specification_EN.pdf,https://www.sennheiser.com/globalassets/digizuite/41619-en-SP_1181_v1.1_MKE_Essential_Omni_Specification_EN.pdf,https://www.sennheiser.com/globalassets/digizuite/41619-en-SP_1181_v1.1_MKE_Essential_Omni_Specification_EN.pdf,https://www.sennheiser.com/globalassets/digizuite/41619-en-SP_1181_v1.1_MKE_Essential_Omni_Specification_EN.pdf,https://www.sennheiser.com/globalassets/digizuite/41619-en-SP_1181_v1.1_MKE_Essential_Omni_Specification_EN.pdf,"(1) MKE ESSENTIAL OMNI Lavalier microphone, (1) MZW 1 Windscreen, (1) MZQ 02 Microphone clip, (1) Quick guide, (1) Saftey Guide"
Sennheiser,MKE ESSENTIAL (BLACK 3-PIN),508251,"Lavalier microphone (omnidirectional, pre-polarized condenser) with 1.6m cable for 2000, 5000, 6000 and 9000 Series, black. Includes (1) MKE Essential omni-black with 3-Pin connector, (1) MZQ 02 microphone clamp and (1) SL MZW 1 foam windscreen",,509,296.55,,,,615104314641,4044155237412,DE,85181000,16,0.04,225,"0,2",135,8.86,0.01,5.31,50,6654.56,14.67,334,268,294,13.15,10.55,11.57,https://images.salsify.com/image/upload/s--DoSVflTD--/1fcb87ecfb39af0a74cf1b6f69db2226bc75c592.jpg,https://images.salsify.com/image/upload/s--k2Afth70--/0cab76506a8d48ac211af09c319b099a0e280262.jpg,,,,,,,Electret Condenser,Omnidirectional,https://www.sennheiser.com/globalassets/digizuite/41619-en-SP_1181_v1.1_MKE_Essential_Omni_Specification_EN.pdf,https://www.sennheiser.com/globalassets/digizuite/41619-en-SP_1181_v1.1_MKE_Essential_Omni_Specification_EN.pdf,https://www.sennheiser.com/globalassets/digizuite/41619-en-SP_1181_v1.1_MKE_Essential_Omni_Specification_EN.pdf,https://www.sennheiser.com/globalassets/digizuite/41619-en-SP_1181_v1.1_MKE_Essential_Omni_Specification_EN.pdf,https://www.sennheiser.com/globalassets/digizuite/41619-en-SP_1181_v1.1_MKE_Essential_Omni_Specification_EN.pdf,"(1) MKE ESSENTIAL OMNI Lavalier microphone, (1) MZW 1 Windscreen, (1) MZQ 02 Microphone clip, (1) Quick guide, (1) Saftey Guide"
Sennheiser,MKE ESSENTIAL (BLACK EW),508249,"Lavalier microphone (omnidirectional, pre-polarized condenser) with 1.6m cable for XS Wireless and evolution wireless, black. Includes (1) MKE Essential omni-black with 3.5mm jack, (1) MZQ 02 microphone clamp and (1) SL MZW 1 foam windscreen",,509,296.55,,,,615104314627,4044155237399,DE,85181000,16,0.04,225,"0,2",135,8.86,0.01,5.31,50,6654.56,14.67,334,268,294,13.15,10.55,11.57,https://images.salsify.com/image/upload/s--XcsFFdTP--/09baee149e2b933eb4911964600bf0fb40c7b7be.jpg,https://images.salsify.com/image/upload/s--k2Afth70--/0cab76506a8d48ac211af09c319b099a0e280262.jpg,,,,,,,Electret Condenser,Omnidirectional,https://www.sennheiser.com/globalassets/digizuite/41619-en-SP_1181_v1.1_MKE_Essential_Omni_Specification_EN.pdf,https://www.sennheiser.com/globalassets/digizuite/41619-en-SP_1181_v1.1_MKE_Essential_Omni_Specification_EN.pdf,https://www.sennheiser.com/globalassets/digizuite/41619-en-SP_1181_v1.1_MKE_Essential_Omni_Specification_EN.pdf,https://www.sennheiser.com/globalassets/digizuite/41619-en-SP_1181_v1.1_MKE_Essential_Omni_Specification_EN.pdf,https://www.sennheiser.com/globalassets/digizuite/41619-en-SP_1181_v1.1_MKE_Essential_Omni_Specification_EN.pdf,"(1) MKE ESSENTIAL OMNI Lavalier microphone, (1) MZW 1 Windscreen, (1) MZQ 02 Microphone clip, (1) Quick guide, (1) Saftey Guide"
Sennheiser,MKE MINI,700179,"MKE with 3,5 mm jack and 9 cm length. Includes (1) lanyard, (2) clips and (1) MZW2 windscreen, black",,469,273.24,,,,615104382381,4044155273496,DE,85181000,65,0.14,85,110,40,3.35,4.33,1.57,30,2429.56,5.36,539,288,224,21.22,11.34,8.82,https://images.salsify.com/image/upload/s--l5_xmX1u--/acd958ea0dbd425269ff00960542d373c8d34f0c.png,https://images.salsify.com/image/upload/s--vM8F7TCn--/d6f28832506fbf0d3bf00b3304200f5b08da61d3.jpg,https://images.salsify.com/image/upload/s--apzBr1Di--/77660c1d70663ad46c538a6a10f126c62974c808.jpg,https://images.salsify.com/image/upload/s--XeJbrbRz--/3700a22dbc04bb61d4432a321372ca91f9c0a1ee.jpg,,,,,,,https://www.sennheiser.com/globalassets/digizuite/40465-en-2022_08_MKE_mini_Product_Specification_v.1.0_EN.pdf,https://www.sennheiser.com/globalassets/digizuite/40465-en-2022_08_MKE_mini_Product_Specification_v.1.0_EN.pdf,https://www.sennheiser.com/globalassets/digizuite/40465-en-2022_08_MKE_mini_Product_Specification_v.1.0_EN.pdf,https://www.sennheiser.com/globalassets/digizuite/40465-en-2022_08_MKE_mini_Product_Specification_v.1.0_EN.pdf,https://www.sennheiser.com/globalassets/digizuite/40465-en-2022_08_MKE_mini_Product_Specification_v.1.0_EN.pdf,"(1) MKE mini Lavalier microphone, (1) MZW2 windscreen, (2) Clips, (1) Lanyard"
Sennheiser,MKH 416-P48U3,001511,"RF microphone (supercardioid/directional, condenser) with 48 V phantom power and 3-pin XLR-M. Includes (1) MZW 415 windscreen, (1) MZQ 100 quick-release clip and (1) case",,2039,1187.94,,,,615104015111,4006087015117,DE,85181000,175,0.39,135,350,66,5.31,13.78,2.60,10,8177.56,18.03,354,388,294,13.94,15.28,11.57,https://images.salsify.com/image/upload/s--NQx5w_gI--/cec89acceb4104c5b0805f5cd4e141856512a0fd.png,https://images.salsify.com/image/upload/s--zjfAjUk2--/637d0f05331a6eb144a295c14ecba28c154a3f17.jpg,,,,,,,Condenser,Lobar,https://www.sennheiser.com/globalassets/digizuite/41790-en-SP_1303_v1.0_MKH_416_Product_Specification_EN.pdf,https://www.sennheiser.com/globalassets/digizuite/41790-en-SP_1303_v1.0_MKH_416_Product_Specification_EN.pdf,https://www.sennheiser.com/globalassets/digizuite/41790-en-SP_1303_v1.0_MKH_416_Product_Specification_EN.pdf,https://www.sennheiser.com/globalassets/digizuite/41790-en-SP_1303_v1.0_MKH_416_Product_Specification_EN.pdf,https://www.sennheiser.com/globalassets/digizuite/41790-en-SP_1303_v1.0_MKH_416_Product_Specification_EN.pdf,"(1) MKH 416-P48U3 Shotgun microphone, (1) MZW 415 Windscreen, (1) MZQ 100 Microphone clip, (1) Pouch, (1) Instruction manual"
Sennheiser,MKH 50-P48,003109,"RF microphone (supercardioid condenser) with -10 dB pad and switchable bass attenuation (-4 dB @ 50 Hz), 48 V phantom power and 3-pin XLR-M. Includes (1) MZQ 40 quick-release clip, (1) MZS 40 shockmount, and (1) MZW 41 windscreen",,3059,1782.2,,,,615104031098,4006087031094,DE,85181000,100,0.22,135,350,66,5.31,13.78,2.60,10,6417.56,14.15,354,388,294,13.94,15.28,11.57,https://images.salsify.com/image/upload/s--bw3WIdOe--/a1fb510b9d96222f49daeaca14d0c5b1fed9dbaf.png,,,,,,,,Condenser,Supercardioid,,,,,,"(1) MKH 50-P48 Spot microphone, (1) MZS 40 Shock mount, (1) MZW 41 windshield, (1) MZQ 40 Microphone clip, (1) Case"
Sennheiser,MKH 800 TWIN NX,502083,"RF microphone (2x cardioid, condenser) with dual outputs available from capsule for adjustment of pick-up pattern and 5-pin XLR. Includes (1) MZQ 80 quick-release clip, (1) MZS 80 shockmount, (1) AC 20 adapter cable (1 x XLR-5 socket to 2 x XLR-3 connector) and (1) aluminum case",,7139,4159.25,,,,615104131378,4044155020304,DE,85181000,172,0.38,352,80,158,13.86,3.15,6.22,10,16407.56,36.17,354,388,294,13.94,15.28,11.57,https://images.salsify.com/image/upload/s--nby8U6fM--/d18e4bd6999d53220b0ce102a438d6cece165fbe.jpg,,,,,,,,Condenser,Cardioid,https://www.sennheiser.com/globalassets/digizuite/41798-en-SP_1310_v1.0_MKH_800_TWIN_Product_Specification_EN.pdf,https://www.sennheiser.com/globalassets/digizuite/41798-en-SP_1310_v1.0_MKH_800_TWIN_Product_Specification_EN.pdf,https://www.sennheiser.com/globalassets/digizuite/41798-en-SP_1310_v1.0_MKH_800_TWIN_Product_Specification_EN.pdf,https://www.sennheiser.com/globalassets/digizuite/41798-en-SP_1310_v1.0_MKH_800_TWIN_Product_Specification_EN.pdf,https://www.sennheiser.com/globalassets/digizuite/41798-en-SP_1310_v1.0_MKH_800_TWIN_Product_Specification_EN.pdf,"(1) MKH 800 TWIN Studio microphone, (1) MZQ 80 Microphone clip, (1) MZS80 Shock mount, (1) AC 20 Adaptor cable (1 x XLR-5 socket to 2 x XLR-3 connector), (1) Case, (1) Instruction manual"
Sennheiser,MKH 8018,700252,"Stereo shotgun mic. Includes (1) MKH 8018 Microphone, (1) MZW 8018 Foam Windshield, (1) MZQ 100 Mic Clamp and (1) MZR 8000 Camera Adapter",,4079,2376.46,,,,615104384934,4044155276138,DE,85181000,403,0.89,320,73,170,12.60,2.87,6.69,8,3741.56,8.25,354,388,294,13.94,15.28,11.57,https://images.salsify.com/image/upload/s--CNi0Sj8U--/259e400eb5c5ef7a0da9e92412b1edda72dcc913.jpg,https://images.salsify.com/image/upload/s--cqJW1QtF--/8b7f21c265fc79741cbaf3297ae3e48c8a6b4229.jpg,https://images.salsify.com/image/upload/s--R-lCi7qv--/8470b8877c7d7357cc23358c8f9a6919d30eaf59.jpg,https://images.salsify.com/image/upload/s--Svq-nw0f--/ea15be21f1e571b15de201ad236809cf9d837b88.jpg,https://images.salsify.com/image/upload/s--eaMJTN83--/a44b5f0d5a07b1439834ec7d45e859a5a12143a3.jpg,https://images.salsify.com/image/upload/s--3w5DpmEJ--/b37bbfe35c441ff15c08c0bb2d546406f02d34f8.jpg,,,Condenser,Multipattern,,,,,,"(1) MKH 8018 Shotgun microphone, (1) MZQ 100 Microphone clip, (1) MZW 8018 Windscreen, (1) Threaded transport tube, (1) MZR 8000 Camera adapter, (1) Quick guide, (1) Safety guide"
Sennheiser,MKH 8020,506287,"HF microphone set. Includes (1) MKHC 8020 (spherical) microphone head (omnidirectional, condenser), (1) MZX 8000 XLR module, (1) MZW 8000 windscreen, (1) MZQ 8000 microphone clip and (1) transport case",,3059,1782.2,,,,615104262966,4044155098303,DE,85181000,25,0.06,41,82,19,1.61,3.23,0.75,10,9107.56,20.08,354,388,294,13.94,15.28,11.57,https://images.salsify.com/image/upload/s--_qgLPJBg--/c3af84b03cc3f5e512272f2f100085b53d0c77c0.jpg,https://images.salsify.com/image/upload/s--NgvfmS5w--/2397ef99de5259853865901faf8ea5458fccc2c0.jpg,https://images.salsify.com/image/upload/s--euDJvYnw--/4a2d485cd32ba986d086dba58a0924e5230da40a.jpg,https://images.salsify.com/image/upload/s--CIkh93ze--/916c10fa2b88f804f1b63885da2c3aa72814ebd6.jpg,https://images.salsify.com/image/upload/s--qv41wWdJ--/ec3b401dfc0ee0bf35f64e13134a20beb41965c0.jpg,,,,Condenser,Omnidirectional,,,,,,"(1) MKH 8020 Microphone head, (1) MZX 8000 XLR module, (1) MZQ 8000 Microphone clip, (1) MZW 8000 Windscreen, (1) Case, (1) Instruction manual"
Sennheiser,MKH 8020 STEREOSET,506288,"HF microphone set. Includes (2) MKHC 8020 (spherical) microphone head (omidirectional, condenser), (2) MZX 8000 XLR module, (2) MZW 8000 windscreen, (2) MZQ 8000 microphone clip and (1) transport case",,6119,3564.98,,,,615104262973,4044155098310,DE,85181000,25,0.06,41,82,19,1.61,3.23,0.75,10,12207.56,26.91,354,388,294,13.94,15.28,11.57,https://images.salsify.com/image/upload/s--VBZkCutT--/67f753dcb5a051cfdb3c906b21a65e8c86ed7b05.jpg,https://images.salsify.com/image/upload/s--mAc-_LwQ--/b58131d7d18d2366d8faa3bd1af0f9bea364e0b3.svg,https://images.salsify.com/image/upload/s--NgvfmS5w--/2397ef99de5259853865901faf8ea5458fccc2c0.jpg,https://images.salsify.com/image/upload/s--euDJvYnw--/4a2d485cd32ba986d086dba58a0924e5230da40a.jpg,https://images.salsify.com/image/upload/s--CIkh93ze--/916c10fa2b88f804f1b63885da2c3aa72814ebd6.jpg,https://images.salsify.com/image/upload/s--qv41wWdJ--/ec3b401dfc0ee0bf35f64e13134a20beb41965c0.jpg,,,Condenser,Omnidirectional,,,,,,"(2) MKH 8020 Microphone head, (2) MZX 8000 XLR module, (2) MZQ 8000 Microphone clip, (2) MZW 8000 Windscreen, (1) Case, (1) Instruction manual"
Sennheiser,MKH 8030,700251,"RF Condenser Microphon set. Includes (1) 1x MKH 8030 Microphone, (1) MZW 8030 Foam Windshield, (1) MZQ 8000 Mic clamp (1) MZX 8000 XLR Module and (2) Rycote Back-to-Back clip",,3059,1782.2,,,,615104384927,4044155276121,DE,85181000,38,0.08,59,68,19,2.32,2.68,0.75,10,6827.56,15.05,354,388,294,13.94,15.28,11.57,https://images.salsify.com/image/upload/s--j3B0G7qp--/529554b980a588d577631ff462fa00c2fef84f1c.jpg,,,,,,,,Condenser,Figure 8,https://www.sennheiser.com/globalassets/digizuite/46922-en-MKH_8030_Product_Specification_v1.1_EN.pdf,https://www.sennheiser.com/globalassets/digizuite/46922-en-MKH_8030_Product_Specification_v1.1_EN.pdf,https://www.sennheiser.com/globalassets/digizuite/46922-en-MKH_8030_Product_Specification_v1.1_EN.pdf,https://www.sennheiser.com/globalassets/digizuite/46922-en-MKH_8030_Product_Specification_v1.1_EN.pdf,https://www.sennheiser.com/globalassets/digizuite/46922-en-MKH_8030_Product_Specification_v1.1_EN.pdf,"(1) MKH 8030 Figure-8 microphone, (1) MZW 8030 Windscreen, (1) MZQ 8000 Microphone clip, (1) MZX 8000 XLR Module, (2) Rycote Back-to-Back clips, (1) Quick guide, (1) Safety guide"
Sennheiser,MKH 8040,506289,"HF microphone set.  Includes (1) MKHC 8040 microphone head (cardioid, condenser), (1) MZX 8000 XLR module, (1) MZW 8000 windscreen, (1) MZQ 8000 microphone clip and (1) transport case",,3059,1782.2,,,,615104262980,4044155098327,DE,85181000,25,0.06,41,82,19,1.61,3.23,0.75,10,9097.56,20.06,354,388,294,13.94,15.28,11.57,https://images.salsify.com/image/upload/s--Bp_CAzQI--/38dea1cfd30427cad119ab6f0762c2fed3a7babb.jpg,https://images.salsify.com/image/upload/s--iCQPdyze--/517f4d776cfbf1752f9c87361671359239f35b7c.jpg,https://images.salsify.com/image/upload/s--rYxR6T3P--/3d73e7bfb2653d7d2bbfa82643f4ea9938b07da0.jpg,https://images.salsify.com/image/upload/s--6cDJ0xbw--/e8dc7d3eb038c8a24d0ef5035d1e23b1a55f5aba.jpg,https://images.salsify.com/image/upload/s--_jQlyuiZ--/10347193d5dbbba5469889937d2db7bc9feebd4e.jpg,,,,Condenser,Cardioid,,,,,,"(1) MKH 8040 Microphone head, (1) MZX 8000 XLR module, (1) MZQ 8000 Microphone clip, (1) MZW 8000 Windscreen, (1) Case, (1) Instruction manual"
Sennheiser,MKH 8040 STEREOSET,506290,"HF microphone set.  Includes (2) MKHC 8040 microphone head (cardioid, condenser), (2) MZX 8000 XLR module, (2) MZW 8000 windscreen, (2) MZQ 8000 microphone clip and (1)  transport case",,6119,3564.98,,,,615104263024,4044155098334,DE,85181000,25,0.06,41,82,19,1.61,3.23,0.75,10,12167.56,26.82,354,388,294,13.94,15.28,11.57,https://images.salsify.com/image/upload/s--v2a2LnuY--/6b4b3acffbae24116363730248dd5faff92a7312.jpg,https://images.salsify.com/image/upload/s--bvXqxTMH--/0e7837df84371df91ce6fe1554ac4a43043b5c47.jpg,https://images.salsify.com/image/upload/s--iCQPdyze--/517f4d776cfbf1752f9c87361671359239f35b7c.jpg,https://images.salsify.com/image/upload/s--rYxR6T3P--/3d73e7bfb2653d7d2bbfa82643f4ea9938b07da0.jpg,https://images.salsify.com/image/upload/s--6cDJ0xbw--/e8dc7d3eb038c8a24d0ef5035d1e23b1a55f5aba.jpg,https://images.salsify.com/image/upload/s--_jQlyuiZ--/10347193d5dbbba5469889937d2db7bc9feebd4e.jpg,,,Condenser,Cardioid,,,,,,"(2) MKH 8040 Microphone head, (2) MZX 8000 XLR module, (2) MZQ 8000 Microphone clip, (2) MZW 8000 Windscreen, (1) Case, (1) Instruction manual"
Sennheiser,MKH 8050,506291,"HF microphone set. Includes (1) MKHC 8050 microphone head (supercardioid, condenser),(1) MZX 8000 XLR module, (1) MZW 8000 windscreen, (1) MZQ 8000 microphone clip and (1)  transport case",,3059,1782.2,,,,615104263031,4044155098341,DE,85181000,25,0.06,41,82,19,1.61,3.23,0.75,10,9097.56,20.06,354,388,294,13.94,15.28,11.57,https://images.salsify.com/image/upload/s--iqu3mE-X--/5c37958e9c474ed999d3240a80b82f51d0346081.jpg,https://images.salsify.com/image/upload/s--qW2jvWTj--/4911446acce2522a40fbc1df0b7aeaf3ad658a64.jpg,https://images.salsify.com/image/upload/s--_njxDWqn--/8a51a09f02e111aedeb1ecebb177f32e786ee43b.jpg,https://images.salsify.com/image/upload/s--BbNNP43J--/be67d03dde8528bda0a2c13af2d5456afb489d45.jpg,https://images.salsify.com/image/upload/s--BXKLAM-W--/13cf44cf4f725357e9288e4ad923d036e6c61fc7.jpg,,,,Condenser,Supercardioid,,,,,,"(1) MKH 8050 Microphone head, (1) MZX 8000 XLR module, (1) MZQ 8000 Microphone clip, (1) MZW 8000 Windscreen, (1) Case, (1) Instruction manual"
Sennheiser,MKH 8060,506292,"HF microphone set. Includes (1) MKH 8060 microphone body (supercardioid/lobe, condenser), (1) MZX 8000 XLR module, (1) MZW 8060 windscreen, (1) MZQ 8060 microphone clip, and (1) threaded transport tube",,3459,2015.25,,,,615104263048,4044155098358,DE,85181000,80,0.18,245,82,170,9.65,3.23,6.69,5,3077.56,6.78,354,388,294,13.94,15.28,11.57,https://images.salsify.com/image/upload/s--M3BJ-3Np--/d20ab9abc8c641f5bb446d74c6b91cce36ac65d8.jpg,https://images.salsify.com/image/upload/s--ThnKw6YB--/e02cea801d59b870b2ba9c0f6554393cf7057f07.jpg,https://images.salsify.com/image/upload/s--gkhZTAWd--/2072f4b622f4a6cb9b4a34d69f71ca4d90c511c0.jpg,https://images.salsify.com/image/upload/s--IpqUQU8a--/cfb36b54b08d27f412d8dd2219deb2f611b0e4e9.jpg,,,,,Condenser,Lobar,https://www.sennheiser.com/globalassets/digizuite/41838-en-SP_1345_v1.0_MKH_8060_Product_Specification_EN.pdf,https://www.sennheiser.com/globalassets/digizuite/41838-en-SP_1345_v1.0_MKH_8060_Product_Specification_EN.pdf,https://www.sennheiser.com/globalassets/digizuite/41838-en-SP_1345_v1.0_MKH_8060_Product_Specification_EN.pdf,https://www.sennheiser.com/globalassets/digizuite/41838-en-SP_1345_v1.0_MKH_8060_Product_Specification_EN.pdf,https://www.sennheiser.com/globalassets/digizuite/41838-en-SP_1345_v1.0_MKH_8060_Product_Specification_EN.pdf,"(1) MKH 8060 Shotgun microphone, (1) MZQ 8060 Microphone clip, (1) MZW 8060 Windscreen, (1) Case, (1) Instruction manual"
Sennheiser,MKH 8070,506293,"HF microphone set with 48 V phantom power. Includes (1) MKH 8070 microphone body  (lobe condenser), (1) MZX 8000 XLR module, (1) MZW 8070 windscreen (1) MZQ 8070 microphone clip, and (1) threaded transport tube",,3669,2137.59,,,,615104263055,4044155098365,DE,85181000,300,0.66,432,82,19,17.01,3.23,0.75,4,4274.56,9.42,574,238,394,22.60,9.37,15.51,https://images.salsify.com/image/upload/s--QHut3fpv--/af47ea088eaeb8211928ef53f6159b5333d3ff8d.png,https://images.salsify.com/image/upload/s--gLTrumwS--/f58186738ac4a35b5fa6baab0b2dba0af1be4c3b.jpg,https://images.salsify.com/image/upload/s--kRi5e4Ye--/d6cc9e7635e25a49f8368164fe7c44600596f5ec.jpg,https://images.salsify.com/image/upload/s--bMzagVYH--/aa85f08a5e3140ee210f9d3f9cca27c70b03f85e.jpg,https://images.salsify.com/image/upload/s--NVOpZUoQ--/5773f3bc86b63d9180daf7cbd8257b506b14e092.jpg,,,,Condenser,Lobar,https://www.sennheiser.com/globalassets/digizuite/41840-en-SP_1346_v1.0_MKH_8070_Product_Specification_EN.pdf,https://www.sennheiser.com/globalassets/digizuite/41840-en-SP_1346_v1.0_MKH_8070_Product_Specification_EN.pdf,https://www.sennheiser.com/globalassets/digizuite/41840-en-SP_1346_v1.0_MKH_8070_Product_Specification_EN.pdf,https://www.sennheiser.com/globalassets/digizuite/41840-en-SP_1346_v1.0_MKH_8070_Product_Specification_EN.pdf,https://www.sennheiser.com/globalassets/digizuite/41840-en-SP_1346_v1.0_MKH_8070_Product_Specification_EN.pdf,"(1) MKH 8070 Shotgun microphone, (1) MZX 8000 XLR module, (1) MZQ 8000 Microphone clip, (1) MZW 8000 Windscreen, (1) Case, (1) Instruction manual"
Sennheiser,MKH 8090,506294,"HF microphone set. Includes  (1) MKH 8090 microphone head (wide cardioid,condenser), (1) MZX 8000 XLR module, (1) MZW 8000 windscreen, (1) MZQ 8000 microphone clip and (1) transport case",,3059,1782.2,,,,615104263062,4044155098372,DE,85181000,25,0.06,41,82,19,1.61,3.23,0.75,10,9617.56,21.2,354,388,294,13.94,15.28,11.57,https://images.salsify.com/image/upload/s--5l_r2315--/a7b6c071beb74c7a67b6fcc5bb4f11b262b8cd15.jpg,https://images.salsify.com/image/upload/s--As79LK3D--/f3f80224ffeca7e0b6a1736c9e87ef78ef4fda06.jpg,https://images.salsify.com/image/upload/s--WaT0Y0gB--/0ecdc510575d7b1cec23ca23b0bb4abe61f72176.jpg,https://images.salsify.com/image/upload/s--ul7kactu--/740d4f2ba34c8e315abd7a36ae7f1cc9c4166fe7.jpg,https://images.salsify.com/image/upload/s--6INBKi3X--/a7cb8474742734d49f56a66c0f1b3472bd032088.jpg,,,,Condenser,Wide Cardioid,,,,,,"(1) MKH 8090 Microphone head, (1) MZX 8000 XLR module, (1) MZQ 8000 Microphone clip, (1) MZW 8000 Windscreen"
Sennheiser,MKS 4,504299,Oscillating mount made of metal with open ring for MK 4 (digital) and MK 9,,199,115.94,,,,615104186088,4044155054859,DE,85181000,490,1.08,173,103,153,6.81,4.06,6.02,8,4401.56,9.7,369,348,229,14.53,13.70,9.02,https://images.salsify.com/image/upload/s--yOLPGwf---/c33106463a13473fd923bbc94bdea4814c53b36a.png,,,,,,,,,,,,,,,(1) MKS 4 Shock mount
Sennheiser,MKW 4,504611,"Screen for MK 4 (digital) and MK 8, foam, black",,59,34.37,,,,615104186125,4044155054897,CN,39269097,60,0.13,90,90,90,3.54,3.54,3.54,120,9001.56,19.84,614,438,494,24.17,17.24,19.45,https://images.salsify.com/image/upload/s--wXAU_6m0--/c799e5e31f4203cada784b8cb9cc0210f5e03133.jpg,,,,,,,,,,,,,,,(1) MKW 4 Windscreen
Sennheiser,MM 435,508829,"Microphone module for MD 435  (cardioid, dynamic)",,809,471.33,,,,615104340541,4044155249590,RO,85181000,119,0.26,"71,5",,,2.81,,,12,2498.56,5.51,279,238,154,10.98,9.37,6.06,https://images.salsify.com/image/upload/s---uyblnqr--/b3e422ac5c726d53edd57a8c17dfa50c890daea7.jpg,https://images.salsify.com/image/upload/s--UHbpP39D--/47e6651603306f8f1d012e2cfb8efacd1e956eee.jpg,,,,,,,Dynamic,Cardioid,https://www.sennheiser.com/globalassets/digizuite/41751-en-SP_1272_v1.2_MM_435_Product_Specification_EN.pdf,https://www.sennheiser.com/globalassets/digizuite/41751-en-SP_1272_v1.2_MM_435_Product_Specification_EN.pdf,https://www.sennheiser.com/globalassets/digizuite/41751-en-SP_1272_v1.2_MM_435_Product_Specification_EN.pdf,https://www.sennheiser.com/globalassets/digizuite/41751-en-SP_1272_v1.2_MM_435_Product_Specification_EN.pdf,https://www.sennheiser.com/globalassets/digizuite/41751-en-SP_1272_v1.2_MM_435_Product_Specification_EN.pdf,"(1) MM 435 Microphone capsule, (5) Pop Protection Filter, (1) Pouch"
Sennheiser,MM 445,508830,"Microhpone module for MD 445  (super cardioid, dynamic)",,809,471.33,,,,615104340596,4044155249606,DE,85181000,114,0.25,"67,5",,,2.66,,,12,2414.56,5.32,279,238,154,10.98,9.37,6.06,https://images.salsify.com/image/upload/s--O1z1rA-c--/02a306717ffac7f8035cf652b26fdbf3263e5920.jpg,https://images.salsify.com/image/upload/s--LE9EcYrU--/c41b4e49fb315ddd1cd2c4bbde5a5b77342e88a8.jpg,,,,,,,Dynamic,Supercardioid,https://www.sennheiser.com/globalassets/digizuite/41755-en-SP_1273_v1.2_MM_445_Product_Specification_EN.pdf,https://www.sennheiser.com/globalassets/digizuite/41755-en-SP_1273_v1.2_MM_445_Product_Specification_EN.pdf,https://www.sennheiser.com/globalassets/digizuite/41755-en-SP_1273_v1.2_MM_445_Product_Specification_EN.pdf,https://www.sennheiser.com/globalassets/digizuite/41755-en-SP_1273_v1.2_MM_445_Product_Specification_EN.pdf,https://www.sennheiser.com/globalassets/digizuite/41755-en-SP_1273_v1.2_MM_445_Product_Specification_EN.pdf,"(1) MM 445 Microphone capsule, (5) Pop Protection Filter, (1) Pouch"
Sennheiser,MMD 42-1,506772,"Omnidirectional dynamic microphone capsule compatible with AVX, D1, SpeechLine DW, evolution wireless and 2000, 6000 and 9000 Series microphones",,409,238.29,,,,615104266247,4044155204292,DE,85181000,461,1.02,"72,3",,,2.85,,,36,5861.56,12.92,404,228,304,15.91,8.98,11.97,https://images.salsify.com/image/upload/s--4uF5c3Z9--/4c989bb6ba462b6e0e76756dabfb1e373c5e786b.jpg,,,,,,,,Dynamic,Omnidirectional,,,,,,(1) MMD 42-1 Microphone capsule
Sennheiser,MMD 835-1 BK,502575,"Microphone module, dynamic, cardioid, for SKM 100/300/500 G3 and G4, SKM 2000/6000/9000, SKM D1/AVX, SL Handheld DW, black",,199,115.94,,,,615104147959,4044155032611,DE,85181000,112,0.25,"72,3",,,2.85,,,36,6185.56,13.64,404,228,304,15.91,8.98,11.97,https://images.salsify.com/image/upload/s--qbY7Ofsg--/5793edaf529d3aa2ec0d9290b0f224801d899a98.jpg,,,,,,,,Dynamic,Supercardioid,https://www.sennheiser.com/globalassets/digizuite/41545-en-SP_1135_v2.0_ew_100_G4-835-845-865-S_Product_Specification_EN.pdf,https://www.sennheiser.com/globalassets/digizuite/41545-en-SP_1135_v2.0_ew_100_G4-835-845-865-S_Product_Specification_EN.pdf,https://www.sennheiser.com/globalassets/digizuite/41545-en-SP_1135_v2.0_ew_100_G4-835-845-865-S_Product_Specification_EN.pdf,https://www.sennheiser.com/globalassets/digizuite/41545-en-SP_1135_v2.0_ew_100_G4-835-845-865-S_Product_Specification_EN.pdf,https://www.sennheiser.com/globalassets/digizuite/41545-en-SP_1135_v2.0_ew_100_G4-835-845-865-S_Product_Specification_EN.pdf,(1) MMD 835-1 BK Microphone capsule
Sennheiser,MMD 845-1 BK,502576,"Microphone module, dynamic, supercardioid, for SKM 100/300/500 G3 and G4, SKM 2000/6000/9000, SKM D1/AVX, SL Handheld DW, black",,229,133.42,,,,615104147966,4044155032628,DE,85181000,119,0.26,"77,3",,,3.04,,,36,6401.56,14.11,404,228,304,15.91,8.98,11.97,https://images.salsify.com/image/upload/s--H5r8mYBD--/b190effc761c001f12cd397f5068ac4bcef1f5a8.jpg,,,,,,,,Dynamic,Supercardioid,https://www.sennheiser.com/globalassets/digizuite/41545-en-SP_1135_v2.0_ew_100_G4-835-845-865-S_Product_Specification_EN.pdf,https://www.sennheiser.com/globalassets/digizuite/41545-en-SP_1135_v2.0_ew_100_G4-835-845-865-S_Product_Specification_EN.pdf,https://www.sennheiser.com/globalassets/digizuite/41545-en-SP_1135_v2.0_ew_100_G4-835-845-865-S_Product_Specification_EN.pdf,https://www.sennheiser.com/globalassets/digizuite/41545-en-SP_1135_v2.0_ew_100_G4-835-845-865-S_Product_Specification_EN.pdf,https://www.sennheiser.com/globalassets/digizuite/41545-en-SP_1135_v2.0_ew_100_G4-835-845-865-S_Product_Specification_EN.pdf,(1) MMD 845-1 BK Microphone capsule
Sennheiser,MMD 935-1 BK,502577,"Microphone module, dynamic, cardioid, for SKM 100/300/500 G3 and G4, SKM 2000/6000/9000, SKM D1/AVX, SL Handheld DW, black",,409,238.29,,,,615104148000,4044155032635,DE,85181000,119,0.26,"72,3",,,2.85,,,36,6257.56,13.8,404,228,304,15.91,8.98,11.97,https://images.salsify.com/image/upload/s--3WXoeyFx--/9d656fa25334229f05246b45498c357da336d310.jpg,,,,,,,,Dynamic,Cardioid,https://www.sennheiser.com/globalassets/digizuite/41547-en-SP_1138_v2.0_ew_100_G4-935-945-S_Product_Specification_EN.pdf,https://www.sennheiser.com/globalassets/digizuite/41547-en-SP_1138_v2.0_ew_100_G4-935-945-S_Product_Specification_EN.pdf,https://www.sennheiser.com/globalassets/digizuite/41547-en-SP_1138_v2.0_ew_100_G4-935-945-S_Product_Specification_EN.pdf,https://www.sennheiser.com/globalassets/digizuite/41547-en-SP_1138_v2.0_ew_100_G4-935-945-S_Product_Specification_EN.pdf,https://www.sennheiser.com/globalassets/digizuite/41547-en-SP_1138_v2.0_ew_100_G4-935-945-S_Product_Specification_EN.pdf,(1) MMD 935-1 BK Microphone capsule
Sennheiser,MMD 945-1 BK,502579,"Microphone module, dynamic, supercardioid, for SKM 100/300/500 G3 and G4, SKM 2000/6000/9000, SKM D1/AVX, SL Handheld DW, black",,409,238.29,,,,615104148109,4044155032659,DE,85181000,119,0.26,"77,3",,,3.04,,,36,6473.56,14.27,404,228,304,15.91,8.98,11.97,https://images.salsify.com/image/upload/s--URqoeCVI--/95cab2b0a1183cc5705c993da4a9ac4f5617eced.jpg,,,,,,,,Dynamic,Supercardioid,https://www.sennheiser.com/globalassets/digizuite/41547-en-SP_1138_v2.0_ew_100_G4-935-945-S_Product_Specification_EN.pdf,https://www.sennheiser.com/globalassets/digizuite/41547-en-SP_1138_v2.0_ew_100_G4-935-945-S_Product_Specification_EN.pdf,https://www.sennheiser.com/globalassets/digizuite/41547-en-SP_1138_v2.0_ew_100_G4-935-945-S_Product_Specification_EN.pdf,https://www.sennheiser.com/globalassets/digizuite/41547-en-SP_1138_v2.0_ew_100_G4-935-945-S_Product_Specification_EN.pdf,https://www.sennheiser.com/globalassets/digizuite/41547-en-SP_1138_v2.0_ew_100_G4-935-945-S_Product_Specification_EN.pdf,(1) MMD 945-1 BK Microphone capsule
Sennheiser,MME 865-1 BK,502581,"Microphone module, condenser, supercardioid, for SKM 100/300/500 G3 and G4, SKM 2000/6000/9000, SKM D1/AVX, SL Handheld DW, black",,509,296.55,,,,615104148178,4044155032673,DE,85181000,92,0.20,"72,3",,,2.85,,,36,5429.56,11.97,404,228,304,15.91,8.98,11.97,https://images.salsify.com/image/upload/s--dA1IIcNM--/3456d61afc2d0db925e534f4aa2f889ed2e03e13.png,,,,,,,,Condenser,Supercardioid,https://www.sennheiser.com/globalassets/digizuite/41545-en-SP_1135_v2.0_ew_100_G4-835-845-865-S_Product_Specification_EN.pdf,https://www.sennheiser.com/globalassets/digizuite/41545-en-SP_1135_v2.0_ew_100_G4-835-845-865-S_Product_Specification_EN.pdf,https://www.sennheiser.com/globalassets/digizuite/41545-en-SP_1135_v2.0_ew_100_G4-835-845-865-S_Product_Specification_EN.pdf,https://www.sennheiser.com/globalassets/digizuite/41545-en-SP_1135_v2.0_ew_100_G4-835-845-865-S_Product_Specification_EN.pdf,https://www.sennheiser.com/globalassets/digizuite/41545-en-SP_1135_v2.0_ew_100_G4-835-845-865-S_Product_Specification_EN.pdf,(1) MME 865-1 BK Microphone capsule
Sennheiser,MMK 965-1 BK,502582,"Microphone module, condenser, cardioid/supercardioid, for SKM 100/300/500 G3 and G4, SKM 2000/6000/9000, SKM D1/AVX, SL Handheld DW, black",,1219,710.2,,,,615104148185,4044155032680,RO,85181000,162,0.36,"77,3",,,3.04,,,10,2535.56,5.59,334,168,234,13.15,6.61,9.21,https://images.salsify.com/image/upload/s--TPkqlOAO--/71c0b6fdc01d12de839065c27ee3336ba766ec03.jpg,,,,,,,,Condenser,Multipattern,https://www.sennheiser.com/globalassets/digizuite/41577-en-SP_1153_v2.0_ew_500_G4-935-945-965_Product_Specification_EN.pdf,https://www.sennheiser.com/globalassets/digizuite/41577-en-SP_1153_v2.0_ew_500_G4-935-945-965_Product_Specification_EN.pdf,https://www.sennheiser.com/globalassets/digizuite/41577-en-SP_1153_v2.0_ew_500_G4-935-945-965_Product_Specification_EN.pdf,https://www.sennheiser.com/globalassets/digizuite/41577-en-SP_1153_v2.0_ew_500_G4-935-945-965_Product_Specification_EN.pdf,https://www.sennheiser.com/globalassets/digizuite/41577-en-SP_1153_v2.0_ew_500_G4-935-945-965_Product_Specification_EN.pdf,(1) MMK 965-1 BK Microphone capsule
Sennheiser,MOBILE KIT,509265,Mobile kit for mobile recording. Includes (1) Manfrotto PIXI Mini Tripod and (1) Smartphone clamp with cold-shoe mount,,99,57.68,,,,615104360198,4044155259483,CN,96200099,109,0.24,240,70,115,9.45,2.76,4.53,20,9305.0,20.51,485,260,360,19.09,10.24,14.17,https://images.salsify.com/image/upload/s--TJwWo1TQ--/b838e56968b8a1272f707ddb16f2fa875302f157.jpg,https://images.salsify.com/image/upload/s--yWIfWN8D--/85a32ef44fcec273c2c2a5ebd0f43236542efbcc.jpg,https://images.salsify.com/image/upload/s--D7LTvTi3--/dfbde43cdcbe432e5502edab38b198e5f023550a.jpg,https://images.salsify.com/image/upload/s--Kmh-gT8q--/8c9be157262b0395776361cbaa5f1d3ec5e57391.jpg,,,,,,,,,,,,"(1) Manfrotto PIXI mini tripod, (1) Sennheiser Smartphone Clamp"
Sennheiser,MZ 1,504060,"MKE 1 ACCESSORY KIT INCLUDES: 
2 x MZQ 1 MINI CLIP. BLACK  WHITE 
2 x MZQ 10 MINI CLAMP. BLACK  WHITE 
2 x MZM 1 MAGNETIC MOUNT. BLACK  WHITE 
1 x MZV 1 COVER-UP. TRANSPARENT 
2 x MZW 01 WINDSHIELD BASKET. BLACK  BEIGE 
4 x MZW 02 FOAM WINDSHIELD. BLACK  WHITE  BEIGE  BROWN 
2 x ZH 1 PIN MOUNT. BLACK  WHITE",,239,139.25,,,,615104173965,4044155047318,CN,85181000,"120,3",0.26,151,39,108,5.94,1.54,4.25,20,2729.56,6.02,394,193,244,15.51,7.60,9.61,https://images.salsify.com/image/upload/s--8zHPu7vN--/9e51c534c58004a1664906b5e92b819e54877e2e.jpg,,,,,,,,,,,,,,,"(1) MZK 1, (4) MZW 02, (2) MZW 01, (2) ZH 1, (2) MZQ 1, (2) MZQ 10, (2) MZM 1, (1) MZV 1"
Sennheiser,MZ 100,004226,"ACCESSORY KIT FOR ME102 and 104. INCLUDES:
2 x MZQ 102  CLIP FOR RIGHT ANGLED PLUGS  1 ANTHRACITE  1 GREY
2 x MZQ 2  CLIP  1 ANTHRACITE  1 NICKEL
2 x ZH 100  PIN 1 ANTHRACITE  1  BEIGE",,79,46.03,,,,615104042261,4006087042267,DE,85181000,330,0.73,199,163,43,7.83,6.42,1.69,20,7079.56,15.61,539,288,224,21.22,11.34,8.82,https://images.salsify.com/image/upload/s--LkPlQQxX--/2698b08d9b951368750ed9f2b328a7a916048ce6.jpg,,,,,,,,,,,,,,,"(2) MZQ 102, (2) MZQ 02, (2) ZH 100"
Sennheiser,MZ 2,004225,"Accessory Kit for MKE 2  Includes 2 of each:
MZW 2
MZQ 2
ZH 100",,99,57.68,,,,615104042254,4006087042250,DE,85181000,320,0.70,199,163,43,7.83,6.42,1.69,20,6879.56,15.17,539,288,224,21.22,11.34,8.82,https://images.salsify.com/image/upload/s--LkPlQQxX--/2698b08d9b951368750ed9f2b328a7a916048ce6.jpg,,,,,,,,,,,,,,,"(2) MZW 02, (2) MZQ 02, (2) ZH 102"
Sennheiser,"MZ 2-3GOLD, 10 CAPS",004743,"Make-up protection caps for MKE 2 / MKE Platinum, 10 1VE caps",,24.95,14.54,,,,615104047433,4006087047439,DE,85189000,5,0.01,,,,,,,50,329.0,0.73,205,58,170,8.07,2.28,6.69,https://images.salsify.com/image/upload/s--LkPlQQxX--/2698b08d9b951368750ed9f2b328a7a916048ce6.jpg,,,,,,,,,,,,,,,(1) MZ 2-3 Gold Protection caps
Sennheiser,MZA 900 P,500226,"P48 phantom power adapter for pre-polarized condensers terminated for evolution wireless (3.5mm mini plug). Dual color smart LEDs, pre-attenuation switch (0/-12 dB) and switchable roll-off filter",,369,214.98,,,,615104101654,4044155001419,RO,85184000,60,0.13,103,,,4.06,,,40,12961.56,28.57,502,288,259,19.76,11.34,10.20,https://images.salsify.com/image/upload/s--WepvjzvK--/bfc681765d43a9fd799c82681c85aee6683d7c2a.jpg,https://images.salsify.com/image/upload/s--z7qWM9CO--/888de997f5f3ecfd539625590529fd3a1eb4e2cb.jpg,,,,,,,,,,,,,,(1) MZA 900 P Phantom power adapter
Sennheiser,MZA 900 P-4,500872,"P48 phantom power adapter for pre-polarized condensers terminated for 2000 / 3000 / 5000 Series(with locking 3-pin special connector). Dual color smart LEDs, pre-attenuation switch (0/-12 dB) and switchable roll-off filter",,369,214.98,,,,615104122215,4044155014631,RO,85184000,60,0.13,103,,,4.06,,,40,6321.56,13.94,502,288,259,19.76,11.34,10.20,https://images.salsify.com/image/upload/s--CcmxfR83--/f3c7df039d0a2d38bcfcad27ead9b57974b82044.jpg,https://images.salsify.com/image/upload/s--z7qWM9CO--/888de997f5f3ecfd539625590529fd3a1eb4e2cb.jpg,,,,,,,,,,,,,,(1) MZA 900 P-4 Phantom power adapter
Sennheiser,MZC 30,005088,"Ultrathin connection cable for ME 34/35/36, 9m long, 3-pin XLR-M, 12-48 V phantom power, black",,309,180.03,,,,615104050884,4006087050880,DE,85444290,119,0.26,,45,100,,1.77,3.94,20,2961.56,6.53,504,288,319,19.84,11.34,12.56,https://images.salsify.com/image/upload/s--XgAouICk--/cf63362cc464dad6f8f9e88d6c3840f2b208c082.jpg,,,,,,,,,,https://www.sennheiser.com/globalassets/digizuite/41805-en-SP_1315_v1.0_MZC_30-MZH_30_Product_specification_EN.pdf,https://www.sennheiser.com/globalassets/digizuite/41805-en-SP_1315_v1.0_MZC_30-MZH_30_Product_specification_EN.pdf,https://www.sennheiser.com/globalassets/digizuite/41805-en-SP_1315_v1.0_MZC_30-MZH_30_Product_specification_EN.pdf,https://www.sennheiser.com/globalassets/digizuite/41805-en-SP_1315_v1.0_MZC_30-MZH_30_Product_specification_EN.pdf,https://www.sennheiser.com/globalassets/digizuite/41805-en-SP_1315_v1.0_MZC_30-MZH_30_Product_specification_EN.pdf,(1) MZC 30 Cable
Sennheiser,MZC 30 W,005089,"Ultrathin connection cable for ME 34/35/36, 9m long, 3-pin XLR-M, 12-48 V phantom power, white",,309,180.03,,,,615104050891,4006087050897,DE,85444290,119,0.26,,45,100,,1.77,3.94,20,2961.56,6.53,504,288,319,19.84,11.34,12.56,https://images.salsify.com/image/upload/s--J593hG-l--/075f91b0ab42ab0c235b5f7dca18b925e3221bd6.jpg,,,,,,,,,,https://www.sennheiser.com/globalassets/digizuite/41805-en-SP_1315_v1.0_MZC_30-MZH_30_Product_specification_EN.pdf,https://www.sennheiser.com/globalassets/digizuite/41805-en-SP_1315_v1.0_MZC_30-MZH_30_Product_specification_EN.pdf,https://www.sennheiser.com/globalassets/digizuite/41805-en-SP_1315_v1.0_MZC_30-MZH_30_Product_specification_EN.pdf,https://www.sennheiser.com/globalassets/digizuite/41805-en-SP_1315_v1.0_MZC_30-MZH_30_Product_specification_EN.pdf,https://www.sennheiser.com/globalassets/digizuite/41805-en-SP_1315_v1.0_MZC_30-MZH_30_Product_specification_EN.pdf,(1) MZC 30 W Cable
Sennheiser,MZE 8060,700308,60 cm extension tube for MKH 8030,,809,471.33,,,,615104390065,4044155279269,DE,85181000,335,0.74,41,41,662,1.61,1.61,26.06,30,11263.12,24.83,844,258,354,33.23,10.16,13.94,https://images.salsify.com/image/upload/s--jRblCQYd--/e2251baba6f36f233c5f667cc6c16e1c5c462cfb.jpg,https://images.salsify.com/image/upload/s--R4F_ldHI--/43faf482f5e24b0b43af69c0970bb9444d74e9c4.jpg,https://images.salsify.com/image/upload/s--gJLeXmaK--/eec30d28c9f8eee9456537dbac63b36595a80725.jpg,,,,,,,,,,,,,(1) MZE 8060 Extension tube
Sennheiser,MZE 8120,700309,120 cm extension tube for MKH 8030,,919,535.42,,,,615104390072,4044155279276,DE,85181000,617,1.36,40,40,1243,1.57,1.57,48.94,0,0.0,0.0,0,0,0,0.00,0.00,0.00,https://images.salsify.com/image/upload/s--KtxnbS-t--/89044d891f60a4fdcf83ecf7a3275e108c7ec271.jpg,https://images.salsify.com/image/upload/s--R4F_ldHI--/43faf482f5e24b0b43af69c0970bb9444d74e9c4.jpg,https://images.salsify.com/image/upload/s--gJLeXmaK--/eec30d28c9f8eee9456537dbac63b36595a80725.jpg,https://images.salsify.com/image/upload/s--0O_SJPPP--/bfbaf3aca058811d314d0d7f42c337ff67a5caa4.jpg,,,,,,,,,,,,(1) MZE 8120 Extension tube
Sennheiser,MZEF 8060,502318,"Rod for MKH 8000, length: 60cm, 3/8"" tripod thread, Nextel black",,199,115.94,,,,615104136052,4044155024036,DE,85181000,600,1.32,40,660,40,1.57,25.98,1.57,0,0.0,0.0,0,0,0,0.00,0.00,0.00,https://images.salsify.com/image/upload/s--naYJdDYx--/1ee941c35a435ec8e45fb2e9b6f51ff3dccc63da.png,,,,,,,,,,,,,,,(1) MZEF 8060 Extension bar
Sennheiser,MZEF 8120,502319,"Rod for MKH 8000, length: 120 cm, 3/8"" tripod thread, Nextel black",,299,174.2,,,,615104136076,4044155024043,DE,85181000,1190,2.62,40,1243,40,1.57,48.94,1.57,0,0.0,0.0,0,0,0,0.00,0.00,0.00,https://images.salsify.com/image/upload/s--pKoRNXvV--/4aa7fe93a63b4bfe260ba77c0563b4fd5dbcf7a5.png,,,,,,,,,,,,,,,(1) MZEF 8120 Extension bar
Sennheiser,MZF 8000 II,700249,"Filter module for MKH 8000, system plug -> system socket, roll-off and -10 dB switchable, Nextel black",,809,471.33,,,,615104383944,4044155275339,DE,85437090,90,0.20,151,109,34,5.94,4.29,1.34,20,2261.56,4.99,404,228,304,15.91,8.98,11.97,https://images.salsify.com/image/upload/s--0lUIeMbh--/72dbf67c2d11842f9b5de854b3e4518cbd370f43.png,,,,,,,,,,https://www.sennheiser.com/globalassets/digizuite/44700-en-MZF8000II_Product_Specification_v1.0_EN.pdf,https://www.sennheiser.com/globalassets/digizuite/44700-en-MZF8000II_Product_Specification_v1.0_EN.pdf,https://www.sennheiser.com/globalassets/digizuite/44700-en-MZF8000II_Product_Specification_v1.0_EN.pdf,https://www.sennheiser.com/globalassets/digizuite/44700-en-MZF8000II_Product_Specification_v1.0_EN.pdf,https://www.sennheiser.com/globalassets/digizuite/44700-en-MZF8000II_Product_Specification_v1.0_EN.pdf,"(1) MZF 8000 II Filter module, (1) Instruction manual"
Sennheiser,MZFS 60,500650,"IS Series pass through wired floor stand, female XLR top, male XLR bottom, require gooseneck MZH series, (60cm), lower 3 pin XLR-M, black",,419,244.11,,,,615104112537,4044155008234,DE,85181000,2280,5.02,,,,,,,0,0.0,0.0,0,0,0,0.00,0.00,0.00,https://images.salsify.com/image/upload/s--0Fac9DnW--/a56dc4fabb873c42fd8a396a0418cd152140573b.png,,,,,,,,,,,,,,,(1) MZFS 60 Floor stand
Sennheiser,MZFS 80,500651,"IS Series pass through wired floor stand, female XLR top, male XLR bottom, require gooseneck MZH series, (80cm), lower 3 pin XLR-M, black",,459,267.42,,,,615104112544,4044155008241,DE,85181000,2490,5.48,,,,,,,0,0.0,0.0,0,0,0,0.00,0.00,0.00,https://images.salsify.com/image/upload/s--WTpWqB4B--/89cdd6f12b62b8ca6093432ba42d99e463c77e22.png,,,,,,,,,,,,,,,(1) MZFS 80 Floor stand
Sennheiser,MZFS 8000,502322,"Floor stand, heavy design, with damping ring for MKH 8000, round, 3/8"" tripod thread, Nextel black",,569,331.5,,,,615104136106,4044155024074,DE,85181000,5850,12.89,335,105,335,13.19,4.13,13.19,,,,,,,,,,https://images.salsify.com/image/upload/s--Zj4i7vqK--/6816be10c5d46c6373a4b7b296ced25b4990462a.png,,,,,,,,,,,,,,,(1) MZFS 8000 Floor stand
Sennheiser,MZG 8000,502323,"Swivel joint for MKHC 80xx (in conjunction with MZX 8000), system plug-> system socket, Nextel black",,509,296.55,,,,615104136113,4044155024081,DE,85181000,59,0.13,75,33,60,2.95,1.30,2.36,0,0.0,0.0,0,0,0,0.00,0.00,0.00,https://images.salsify.com/image/upload/s--MGud45MA--/556b6c17c37d5ab1bbff647d2ff51109a99273ac.png,,,,,,,,,,,,,,,(1) MZG 8000 Swivel joint
Sennheiser,MZGE 8000,700310,Tube connector to connect a vertical bar MZEF 8xxx with an extension tube MZE 8xxx.,,509,296.55,,,,615104390089,4044155279283,DE,85181000,146,0.32,93,41,42,3.66,1.61,1.65,20,3785.56,8.35,232,107,172,9.13,4.21,6.77,https://images.salsify.com/image/upload/s--nc_4Elvt--/5848d516b1bd0eac94f200f67ea28cdcd10dd6a9.jpg,https://images.salsify.com/image/upload/s--yXHWlUIW--/e1e94a66bc767bed7e0a95c8d0e6593a20e26819.jpg,,,,,,,,,,,,,,(1) MZGE 8000 Bar connector
Sennheiser,MZH 20-1,003610,Long hair wind muff for use with MZW20-1 blimp windscreen,,509,296.55,,,,615104036109,4006087036105,DE,85189000,290,0.64,200,84,180,7.87,3.31,7.09,10,3746.56,8.26,399,493,399,15.71,19.41,15.71,https://images.salsify.com/image/upload/s--ykITirSq--/987435fd95372c275dc4f0f3c0a594e9e8727c08.png,,,,,,,,,,,,,,,(1) MZH 20-1 Windscreen
Sennheiser,MZH 30 B,005090,"IS Series ceiling mount for attaching and aligning ME 34, ME 35 and ME 36 microphone capsules.  Black.",,19,11.07,,,,615104050907,4006087050903,PH,85189000,21,0.05,40,180,40,1.57,7.09,1.57,40,1301.56,2.87,404,228,304,15.91,8.98,11.97,https://images.salsify.com/image/upload/s--I8Uq1N55--/c71d229206c9e5d6469e3b40a2274f98010c6985.png,,,,,,,,,,https://www.sennheiser.com/globalassets/digizuite/41805-en-SP_1315_v1.0_MZC_30-MZH_30_Product_specification_EN.pdf,https://www.sennheiser.com/globalassets/digizuite/41805-en-SP_1315_v1.0_MZC_30-MZH_30_Product_specification_EN.pdf,https://www.sennheiser.com/globalassets/digizuite/41805-en-SP_1315_v1.0_MZC_30-MZH_30_Product_specification_EN.pdf,https://www.sennheiser.com/globalassets/digizuite/41805-en-SP_1315_v1.0_MZC_30-MZH_30_Product_specification_EN.pdf,https://www.sennheiser.com/globalassets/digizuite/41805-en-SP_1315_v1.0_MZC_30-MZH_30_Product_specification_EN.pdf,(1) MZH 30 B Ceiling mount
Sennheiser,MZH 30 W,005092,"IS Series ceiling mount for attaching and aligning ME 34, ME 35 and ME 36 microphone capsules.  White.",,19,11.07,,,,615104050921,4006087050927,PH,85189000,21,0.05,40,180,40,1.57,7.09,1.57,40,1301.56,2.87,404,228,304,15.91,8.98,11.97,https://images.salsify.com/image/upload/s--0ZCnZmP---/bc6a1cec04e2731472a31ce681e7efd88063caa5.png,,,,,,,,,,https://www.sennheiser.com/globalassets/digizuite/41805-en-SP_1315_v1.0_MZC_30-MZH_30_Product_specification_EN.pdf,https://www.sennheiser.com/globalassets/digizuite/41805-en-SP_1315_v1.0_MZC_30-MZH_30_Product_specification_EN.pdf,https://www.sennheiser.com/globalassets/digizuite/41805-en-SP_1315_v1.0_MZC_30-MZH_30_Product_specification_EN.pdf,https://www.sennheiser.com/globalassets/digizuite/41805-en-SP_1315_v1.0_MZC_30-MZH_30_Product_specification_EN.pdf,https://www.sennheiser.com/globalassets/digizuite/41805-en-SP_1315_v1.0_MZC_30-MZH_30_Product_specification_EN.pdf,(1) MZH 30 W Ceiling mount
Sennheiser,MZH 3015,005074,"Short Gooseneck Mount for ME34  ME35 and ME36 Microphone Capsules. 5.9"". 15cm. Black. 3 pin XLR termination",,279,162.55,,,,615104050747,4006087050743,DE,73269098,73,0.16,40,180,40,1.57,7.09,1.57,65,7174.56,15.82,539,288,224,21.22,11.34,8.82,https://images.salsify.com/image/upload/s--mnFLfEks--/894401906c49fea87cbcd5f9cc10790dd131a607.png,,,,,,,,,,https://www.sennheiser.com/globalassets/digizuite/41833-en-SP_1330_v1.0_MZH_3015_3040_Product_Specification_EN.pdf,https://www.sennheiser.com/globalassets/digizuite/41833-en-SP_1330_v1.0_MZH_3015_3040_Product_Specification_EN.pdf,https://www.sennheiser.com/globalassets/digizuite/41833-en-SP_1330_v1.0_MZH_3015_3040_Product_Specification_EN.pdf,https://www.sennheiser.com/globalassets/digizuite/41833-en-SP_1330_v1.0_MZH_3015_3040_Product_Specification_EN.pdf,https://www.sennheiser.com/globalassets/digizuite/41833-en-SP_1330_v1.0_MZH_3015_3040_Product_Specification_EN.pdf,(1) MZH 3015 Gooseneck
Sennheiser,MZH 3015 W,504608,Short Gooseneck Mount for ME34  ME35 and ME36 Microphone Capsules. 15cm. White. 3 pin XLR termination,,289,168.37,,,,615104186095,4044155054866,DE,73269098,73,0.16,40,180,40,1.57,7.09,1.57,65,7174.56,15.82,539,288,224,21.22,11.34,8.82,https://images.salsify.com/image/upload/s--rKtUz88c--/556aaa37f2ecd15e0c961bdb06c9e5c901a2afb3.png,,,,,,,,,,https://www.sennheiser.com/globalassets/digizuite/41833-en-SP_1330_v1.0_MZH_3015_3040_Product_Specification_EN.pdf,https://www.sennheiser.com/globalassets/digizuite/41833-en-SP_1330_v1.0_MZH_3015_3040_Product_Specification_EN.pdf,https://www.sennheiser.com/globalassets/digizuite/41833-en-SP_1330_v1.0_MZH_3015_3040_Product_Specification_EN.pdf,https://www.sennheiser.com/globalassets/digizuite/41833-en-SP_1330_v1.0_MZH_3015_3040_Product_Specification_EN.pdf,https://www.sennheiser.com/globalassets/digizuite/41833-en-SP_1330_v1.0_MZH_3015_3040_Product_Specification_EN.pdf,(1) MZH 3015 W Gooseneck
Sennheiser,MZH 3040,005076,Gooseneck Mount for ME34  ME35 and ME36 Microphone Capsules. 40cm. Black. 3 pin XLR termination,,309,180.03,,,,615104050761,4006087050767,RO,73269098,120,0.26,40,440,30,1.57,17.32,1.18,24,4391.56,9.68,539,288,224,21.22,11.34,8.82,https://images.salsify.com/image/upload/s--4hyY6J87--/a1642001e8da826150dd62d6c91f3acd45308432.png,,,,,,,,,,https://www.sennheiser.com/globalassets/digizuite/41833-en-SP_1330_v1.0_MZH_3015_3040_Product_Specification_EN.pdf,https://www.sennheiser.com/globalassets/digizuite/41833-en-SP_1330_v1.0_MZH_3015_3040_Product_Specification_EN.pdf,https://www.sennheiser.com/globalassets/digizuite/41833-en-SP_1330_v1.0_MZH_3015_3040_Product_Specification_EN.pdf,https://www.sennheiser.com/globalassets/digizuite/41833-en-SP_1330_v1.0_MZH_3015_3040_Product_Specification_EN.pdf,https://www.sennheiser.com/globalassets/digizuite/41833-en-SP_1330_v1.0_MZH_3015_3040_Product_Specification_EN.pdf,(1) MZH 3040 Gooseneck
Sennheiser,MZH 3040 L,009436,"Gooseneck Mount for ME34  ME35 and ME36 Microphone Capsules. 40cm. Integrated Red Light ring Black. 
5 pin XLR termination",,389,226.63,,,,615104094369,4006087094365,DE,73269098,120,0.26,40,440,30,1.57,17.32,1.18,30,5399.56,11.9,539,288,210,21.22,11.34,8.27,https://images.salsify.com/image/upload/s--3MlaPuq7--/676d5e612d74fdbf67e9d8b75ef60c060ab1cd99.jpg,,,,,,,,,,https://www.sennheiser.com/globalassets/digizuite/41833-en-SP_1330_v1.0_MZH_3015_3040_Product_Specification_EN.pdf,https://www.sennheiser.com/globalassets/digizuite/41833-en-SP_1330_v1.0_MZH_3015_3040_Product_Specification_EN.pdf,https://www.sennheiser.com/globalassets/digizuite/41833-en-SP_1330_v1.0_MZH_3015_3040_Product_Specification_EN.pdf,https://www.sennheiser.com/globalassets/digizuite/41833-en-SP_1330_v1.0_MZH_3015_3040_Product_Specification_EN.pdf,https://www.sennheiser.com/globalassets/digizuite/41833-en-SP_1330_v1.0_MZH_3015_3040_Product_Specification_EN.pdf,(1) MZH 3040 Gooseneck
Sennheiser,MZH 3042,009384,Double Section Gooseneck Mount for ME34  ME35 and ME36 Microphone Capsules. 40cm. Black. 3 pin XLR termination,,359,209.15,,,,615104093843,4006087093849,RO,85181000,110,0.24,40,440,30,1.57,17.32,1.18,24,4319.56,9.52,539,288,224,21.22,11.34,8.82,https://images.salsify.com/image/upload/s--je9l_boA--/29729ead782676dddaa2b4a11deca32b6f119924.png,https://images.salsify.com/image/upload/s--Oj0SUQmn--/8472b3e95c3f9dc60868c4b298a31b1e63c08a9c.png,https://images.salsify.com/image/upload/s--QwJn8i20--/787e4156b645b04573c2ce7e03ec24033f2aa513.png,,,,,,,,https://www.sennheiser.com/globalassets/digizuite/41835-en-SP_1332_v1.0_MZH_3042_3062_3072_Product_Specification_EN.pdf,https://www.sennheiser.com/globalassets/digizuite/41835-en-SP_1332_v1.0_MZH_3042_3062_3072_Product_Specification_EN.pdf,https://www.sennheiser.com/globalassets/digizuite/41835-en-SP_1332_v1.0_MZH_3042_3062_3072_Product_Specification_EN.pdf,https://www.sennheiser.com/globalassets/digizuite/41835-en-SP_1332_v1.0_MZH_3042_3062_3072_Product_Specification_EN.pdf,https://www.sennheiser.com/globalassets/digizuite/41835-en-SP_1332_v1.0_MZH_3042_3062_3072_Product_Specification_EN.pdf,(1) MZH 3042 Gooseneck
Sennheiser,MZH 3062,500652,Double Section Gooseneck Mount for ME34  ME35 and ME36 Microphone Capsules. 60cm. Black. 3 pin XLR termination,,629,366.46,,,,615104112551,4044155008258,DE,73269098,160,0.35,40,660,40,1.57,25.98,1.57,30,8231.56,18.15,844,258,354,33.23,10.16,13.94,https://images.salsify.com/image/upload/s--M73SGGgr--/f9bbfcb69d1494dc9bb0edd2136797e1104db27d.png,,,,,,,,,,https://www.sennheiser.com/globalassets/digizuite/41835-en-SP_1332_v1.0_MZH_3042_3062_3072_Product_Specification_EN.pdf,https://www.sennheiser.com/globalassets/digizuite/41835-en-SP_1332_v1.0_MZH_3042_3062_3072_Product_Specification_EN.pdf,https://www.sennheiser.com/globalassets/digizuite/41835-en-SP_1332_v1.0_MZH_3042_3062_3072_Product_Specification_EN.pdf,https://www.sennheiser.com/globalassets/digizuite/41835-en-SP_1332_v1.0_MZH_3042_3062_3072_Product_Specification_EN.pdf,https://www.sennheiser.com/globalassets/digizuite/41835-en-SP_1332_v1.0_MZH_3042_3062_3072_Product_Specification_EN.pdf,(1) MZH 3062 Gooseneck
Sennheiser,MZH 3072,500653,Double Section Gooseneck Mount for ME34  ME35 and ME36 Microphone Capsules. 70cm. Black. 3 pin XLR termination,,629,366.46,,,,615104112568,4044155008265,RO,73269098,173,0.38,40,760,40,1.57,29.92,1.57,30,8831.56,19.47,844,258,354,33.23,10.16,13.94,https://images.salsify.com/image/upload/s--FxXYYKfW--/18b30eb92223703e76030039b7eef7c9807e88e4.png,,,,,,,,,,https://www.sennheiser.com/globalassets/digizuite/41835-en-SP_1332_v1.0_MZH_3042_3062_3072_Product_Specification_EN.pdf,https://www.sennheiser.com/globalassets/digizuite/41835-en-SP_1332_v1.0_MZH_3042_3062_3072_Product_Specification_EN.pdf,https://www.sennheiser.com/globalassets/digizuite/41835-en-SP_1332_v1.0_MZH_3042_3062_3072_Product_Specification_EN.pdf,https://www.sennheiser.com/globalassets/digizuite/41835-en-SP_1332_v1.0_MZH_3042_3062_3072_Product_Specification_EN.pdf,https://www.sennheiser.com/globalassets/digizuite/41835-en-SP_1332_v1.0_MZH_3042_3062_3072_Product_Specification_EN.pdf,(1) MZH 3072 Gooseneck
Sennheiser,MZH 400,508911,Furry windshield designed for MKE 400 to protect against wind noise for outdoor applications.,,39.95,23.28,,,,615104347335,4044155251975,CN,85189000,12,0.03,378,10,135,14.88,0.39,5.31,20,720.0,1.59,404,228,304,15.91,8.98,11.97,https://images.salsify.com/image/upload/s--8Lrp2-UX--/da1be8472a61ed8146bd3662f0583e684438c582.png,,,,,,,,,,,,,,,(1) MZH 400 Windscreen
Sennheiser,MZH 440,506259,Foam windshield for MKE 440 (velourised),,99,57.68,,,,615104258211,4044155095166,GB,85189000,57,0.13,200,36,128,7.87,1.42,5.04,12,929.0,2.05,390,213,150,15.35,8.39,5.91,https://images.salsify.com/image/upload/s--sj2ukLjN--/355bbef9f7c5fa16c734de6830493930a4c2f985.jpg,,,,,,,,,,,,,,,(1) MZH 440 Windscreen
Sennheiser,MZH 60-1,003224,Long hair wind muff for use with MZW60-1 blimp windscreen,,509,296.55,,,,615104032248,4006087032244,DE,85189000,240,0.53,200,84,180,7.87,3.31,7.09,30,9001.56,19.84,614,438,494,24.17,17.24,19.45,https://images.salsify.com/image/upload/s--7Ghl0Z0y--/ab7610b11f312cf0b1f0f9b2fa5474b3f1fc1f8e.png,,,,,,,,,,,,,,,(1) MZH 60-1 Windscreen
Sennheiser,MZH 600,505454,Hairy windscreen for MKE600,,139,80.98,,,,615104223509,4044155074888,DK,85189000,,,180,71,"72,5",7.09,2.80,2.85,15,,,90,90,90,3.54,3.54,3.54,https://images.salsify.com/image/upload/s--pNCAUZRV--/c56cc704f1047746292542b9838e3fda9c61359c.jpg,,,,,,,,,,,,,,,(1) MZH 600 Windscreen
Sennheiser,MZH 604,005299,"L-shaped drum clamp, fits e604 and e904",,79,46.03,,,,615104052994,4006087052990,DE,85181000,41,0.09,80,112,30,3.15,4.41,1.18,20,1195.56,2.64,334,168,234,13.15,6.61,9.21,https://images.salsify.com/image/upload/s--nZ-SgaMx--/7d1ef94afef1fd39f4a34f93f5495244010e5952.jpg,,,,,,,,,,,,,,,(1) MZH 604 Microphone clip
Sennheiser,MZH 70-1,003225,Long hair wind muff for use with MZW70-1,,509,296.55,,,,615104032255,4006087032251,DE,85189000,290,0.64,200,84,180,7.87,3.31,7.09,30,10501.56,23.15,614,438,494,24.17,17.24,19.45,https://images.salsify.com/image/upload/s--yJbloJ8j--/8f349bfd50280d6cb7397cfa927f80becc419e08.png,,,,,,,,,,,,,,,(1) MZH 70-1 Windscreen
Sennheiser,MZH 80-1,504737,Long hair wind muff for use with MZW80-1 blimp windscreen,,509,296.55,,,,615104200005,4044155061499,DE,85189000,20,0.04,200,84,180,7.87,3.31,7.09,30,,,614,438,494,24.17,17.24,19.45,https://images.salsify.com/image/upload/s--hTuESogj--/69f0e2994243445012fe7e42a631af37b6ac8a5a.jpg,,,,,,,,,,,,,,,(1) MZH 80-1 Windscreen
Sennheiser,MZH 8000,502435,"Ceiling mount for MKHC 80xx (in conjunction with MZL 80xx), with cable guide, Nextel black",,259,150.9,,,,615104141797,4044155028409,DE,85181000,50,0.11,93,42,41,3.66,1.65,1.61,20,1460.0,3.22,404,228,304,15.91,8.98,11.97,https://images.salsify.com/image/upload/s--G3IFTZxm--/c9bc6c6b95102372d64cf93b57d38572cd7b9723.png,,,,,,,,,,,,,,,(1) MZH 8000 Ceiling mount
Sennheiser,MZH 8042,700253,Gooseneck for MKH 8030,,509,296.55,,,,615104384941,4044155276145,DE,85181000,207,0.46,50,467,46,1.97,18.39,1.81,20,4941.56,10.89,502,288,259,19.76,11.34,10.20,https://images.salsify.com/image/upload/s--Sulxwh2j--/86b743a9b4fd3a3c82a1db3826a65e9a0ec440c1.jpg,,,,,,,,,,,,,,,(1) MZH 8042 Gooseneck
Sennheiser,MZH 908 B,500540,"Instrument clip for e 908, black",,79,46.03,,,,615104108141,4044155005646,PH,85181000,47,0.10,102,,"76,2",4.02,,3.00,10,600.56,1.32,194,178,149,7.64,7.01,5.87,https://images.salsify.com/image/upload/s--JFa1PUC2--/2673783b3134cce6e19eccdea250229bd9a33f34.jpg,,,,,,,,,,,,,,,(1) MZH 908 B Microphone clip
Sennheiser,MZH 908 D,500541,Quick release dual mic drum clamp for e908D and e608,,79,46.03,,,,615104108158,4044155005653,TW,85181000,47,0.10,102,5,"76,2",4.02,0.20,3.00,10,600.56,1.32,194,178,149,7.64,7.01,5.87,https://images.salsify.com/image/upload/s--qBWi3b0A--/80711693877ef8fb93621f7bd49103d68b5a6556.jpg,,,,,,,,,,,,,,,(1) MZH 908 D Microphone clip
Sennheiser,MZH DRUMS,700588,Drum clamp for MD 421 KOMPAKT,,39.95,23.28,,,,615104400665,4044155285819,CN,85181000,159,0.35,225,26,135,8.86,1.02,5.31,30,1694.0,3.73,334,168,234,13.15,6.61,9.21,https://images.salsify.com/image/upload/s--Xq8bIUZk--/dc22c6e6da2641d4824944b99471fd6dfa3baa39.jpg,https://images.salsify.com/image/upload/s--RtRerkIA--/ac20b72b90ac2720d6c60d4d7ba29347ec50e17b.jpg,,,,,,,,,,,,,,(1) MZH DRUMS Microphone clip
Sennheiser,MZL 8003,502326,"Extension cord for MKH 8000, length: 3m, system plug -> system socket, black",,299,174.2,,,,615104136144,4044155024111,DE,85444290,86,0.19,85,110,40,3.35,4.33,1.57,30,3059.56,6.75,539,288,224,21.22,11.34,8.82,https://images.salsify.com/image/upload/s--abMxpbiZ--/d295fed8dbf2ab19ac059f35208cbb79ff019dcf.png,,,,,,,,,,,,,,,(1) MZL 8003 Cable
Sennheiser,MZL 8010,502327,"Extension cord for MKH 8000, length: 10 m, system plug -> system socket, black",,409,238.29,,,,615104136151,4044155024128,DE,85444290,169,0.37,85,110,40,3.35,4.33,1.57,30,5549.56,12.23,539,288,224,21.22,11.34,8.82,https://images.salsify.com/image/upload/s--rodrw-UX--/5c88546409b5d9237f8f63960012177b427ca215.jpg,,,,,,,,,,,,,,,(1) MZL 8010 Cable
Sennheiser,MZM 10,001866,"Magnetic mounting kit, microphone recording with magnetic disk",,99,57.68,,,,615104018662,4006087018668,DE,85181000,18,0.04,,,,,,,20,490.56,1.08,194,178,149,7.64,7.01,5.87,https://images.salsify.com/image/upload/s--yK1JPpPZ--/284e09ba186b4776b853b59f895bc69c76912f70.jpg,,,,,,,,,,,,,,,(1) MZM 2/10 Mounting kit
Sennheiser,MZP 40,003132,"Close-talking protection with gooseneck stand,  ¯ 13cm, black",,159,92.63,,,,615104031326,4006087031322,DE,85189000,250,0.55,460,,410,18.11,,16.14,30,8480.0,18.69,570,380,380,22.44,14.96,14.96,https://images.salsify.com/image/upload/s--2XSweMSv--/71a20314f6fd1b214802c60ec07e46e7ac95d1e5.jpg,,,,,,,,,,,,,,,(1) MZP 40 Pop filter with gooseneck
Sennheiser,MZQ 100,002155,"Flexible quick release stand adapter for 19-23 mm (approx. 3/4""-7/8"") diameter microphones such as MKH416",,59,34.37,,,,615104021556,4006087021552,DE,85181000,73,0.16,75,33,60,2.95,1.30,2.36,50,3905.56,8.61,334,168,234,13.15,6.61,9.21,https://images.salsify.com/image/upload/s--YsdGq7tT--/617ce3b044c2539ed028a5bb8789f7571e93af71.png,,,,,,,,,,,,,,,(1) MZQ 100 Microphone clip
Sennheiser,MZQ 441,002615,"Microphone clip for MD 441, 3/8""/ 5/8"" / 1/2"" tripod thread, black",,99,57.68,,,,615104026155,4006087026151,DE,85181000,49,0.11,64,84,40,2.52,3.31,1.57,35,4661.56,10.28,404,228,304,15.91,8.98,11.97,https://images.salsify.com/image/upload/s--RbR_wtRQ--/62d0bd9412fffe08f77d5fa06965178e5c62693a.jpg,,,,,,,,,,,,,,,(1) MZQ 441 Microphone clip
Sennheiser,MZQ 600,505571,"Microphone clip for MKE 600, 3/8""/ 5/8"" / 1/2"" tripod thread, black",,39.95,23.28,,,,615104228764,4044155078411,CN,85181000,59,0.13,100,"0,1",180,3.94,0.00,7.09,100,6481.56,14.29,504,288,319,19.84,11.34,12.56,https://images.salsify.com/image/upload/s--rP5CzVqN--/78380b4c09e596fc2214478372ad922297512eab.jpg,,,,,,,,,,,,,,,(1) MZQ 600 Microphone clip
Sennheiser,MZQ 800,004711,"Microphone clip for MD 42, MD 46 and evolution 800/900 Vocal, 3/8""/ 5/8"" / 1/2"" tripod thread, black",,39.95,23.28,,,,615104047112,4006087047118,TW,85181000,51,0.11,72,32,50,2.83,1.26,1.97,0,0.0,0.0,0,0,0,0.00,0.00,0.00,https://images.salsify.com/image/upload/s--u2gGadm8--/6e3a8b1dc2acde4ad26da0860af9c204f3b3d96f.jpg,,,,,,,,,,,,,,,(1) MZQ 800 Microphone clip
Sennheiser,MZQ 8000,502328,"Microphone clip for MKHC 80xx, 3/8"" tripod thread, Nextel black",,119,69.33,,,,615104136168,4044155024135,DE,85181000,60,0.13,75,33,60,2.95,1.30,2.36,20,1306.56,2.88,246,106,186,9.69,4.17,7.32,https://images.salsify.com/image/upload/s--uKMy-J5s--/f471ad4da7e40dc8611185752eaa96aa0f9f673e.png,,,,,,,,,,,,,,,(1) MZQ 8000 Microphone clip
Sennheiser,MZQ 8001,502329,"Mini clip for MKHC 80xx (in conjunction with MZL 80xx), 3/8"" tripod thread, Nextel black",,139,80.98,,,,615104136175,4044155024142,DE,85181000,23,0.05,75,33,60,2.95,1.30,2.36,0,0.0,0.0,0,0,0,0.00,0.00,0.00,https://images.salsify.com/image/upload/s--_RMTFBZq--/66ccb36ad4b3f5e9aae3c09126949b718c439324.jpg,,,,,,,,,,,,,,,(1) MZQ 8001 Microphone clip
Sennheiser,MZQ02,543653,"Dual post tie clip for MKE 1, MKE Platinum, MKE2, MKE102 and MKE104 (black)",,27.18,15.84,,,,615104221123,4044155073584,DE,85181000,4,0.01,120,"0,5",70,4.72,0.02,2.76,500,3961.56,8.73,404,228,304,15.91,8.98,11.97,https://images.salsify.com/image/upload/s--tQOOlzVg--/2a226ae750c9d36e53fc407e250da6900a2a0043.jpg,,,,,,,,,,,,,,,(1) MZQ02 Microphone clip
Sennheiser,MZQ222-NI,577719,"Dual post tie clip beige for MKE platinum, MKE2, MKE102 and MKE104 nickel",,22.38,13.04,,,,615104312661,4044155235432,DE,85181000,,,,,,,,,100,1298.56,2.86,394,193,244,15.51,7.60,9.61,https://images.salsify.com/image/upload/s--tdqyQsQx--/5888d4eeaa6feb36c74ddeea5e4fa7661b41e33a.jpg,,,,,,,,,,,,,,,
Sennheiser,MZR 8000,700311,Camera Adapter for MKH 8018,,19.95,11.62,,,,615104390102,4044155279290,CN,39269097,14,0.03,225,"0,2",135,8.86,0.01,5.31,30,675.56,1.49,334,168,234,13.15,6.61,9.21,https://images.salsify.com/image/upload/s--im7B8kz6--/b6747a04c73f15e7763998cdf1598646d12e379a.jpg,,,,,,,,,,,,,,,(1) MZR 8000 Camera adapter
Sennheiser,MZS 20-1,003609,"Combination shockmount pistol grip and stand adapter for MKH 20 -MKH 70 and MKH 416 in conjunction with the MZW 20-1, MZW 60-1 or MZW 70-1 basket wind-shields",,809,471.33,,,,615104036093,4006087036099,DE,85181000,460,1.01,318,87,162,12.52,3.43,6.38,9,5014.56,11.06,604,378,304,23.78,14.88,11.97,https://images.salsify.com/image/upload/s--mbLUFdZt--/e3cc122debd7e961e5a5fac477f5091328f12308.jpg,,,,,,,,,,,,,,,(1) MZS 20-1 Shock mount set
Sennheiser,MZS 31,005087,"IS Series suspension shock mount, for use with any MZH series goosenecks, requires 50mm diameter hole (4.0 oz)",,69,40.2,,,,615104050877,4006087050873,PH,85181000,107,0.24,,,,,,,75,8606.56,18.97,504,288,319,19.84,11.34,12.56,https://images.salsify.com/image/upload/s--DvVDIL-4--/5893f037cdd3b1a60fd21fd358c4067dba483273.png,,,,,,,,,,,,,,,(1) MZS 31 Shock mount set
Sennheiser,MZS 40,003017,"Suspension mount for MKH 20, MKH 40, and MKH 50, 3/8""/ 5/8"" / 1/2"" tripod thread, black. Includes extra 0-rings for larger mics",,509,296.55,,,,615104030176,4006087030172,DE,85181000,205,0.45,90,90,90,3.54,3.54,3.54,30,6731.56,14.84,504,288,319,19.84,11.34,12.56,https://images.salsify.com/image/upload/s--lijIGo-n--/212cadab97226c50da77cd70ac737b2e78669c76.jpg,,,,,,,,,,,,,,,(1) MZS 40 Shock mount set
Sennheiser,MZS 600,505570,"Microphone clip for MKE 600, with vibration dampers and hot shoe adapter, black",,39.95,23.28,,,,615104228757,4044155078404,CN,85181000,39,0.09,75,33,60,2.95,1.30,2.36,20,886.56,1.95,246,106,186,9.69,4.17,7.32,https://images.salsify.com/image/upload/s--221fo9fj--/f1b86c828bd2ae5f4703d82f36822d7b2de16d92.jpg,,,,,,,,,,,,,,,(1) MZS 600 Microphone clip
Sennheiser,MZS 80,003685,"Suspension mount for MKH 30, MKH 800, and MKH 800 Twin, 3/8""/ 5/8"" / 1/2"" tripod thread, black",,509,296.55,,,,615104036857,4006087036853,DE,85181000,100,0.22,80,75,80,3.15,2.95,3.15,120,13801.56,30.43,614,438,494,24.17,17.24,19.45,https://images.salsify.com/image/upload/s--PvvtF80e--/36a557c07a1c345c3aadc8b31e6cac985b683d9a.jpg,,,,,,,,,,,,,,,(1) MZS 80 Shock mount
Sennheiser,MZT 100-0,001883,"Heavy duty round table stand with skid-resistant rubber base, fits any 3/8 in threaded microphone clamp (3.15 lbs)",,299,174.2,,,,615104018839,4006087018835,DE,85181000,1290,2.84,176,28,62,6.93,1.10,2.44,18,26406.56,58.22,399,493,399,15.71,19.41,15.71,https://images.salsify.com/image/upload/s--bz1Iss9h--/e9e0881a00ac695db32a1030283aaa6ff5802e28.png,,,,,,,,,,,,,,,(1) MZT 100-0 Table stand
Sennheiser,MZT 30,005085,"IS Series XLR female flange mount for fixed installation, requires 24.21 mm diameter hole",,39,22.72,,,,615104050853,4006087050859,PH,85366990,50,0.11,93,42,41,3.66,1.65,1.61,50,2755.56,6.07,334,168,234,13.15,6.61,9.21,https://images.salsify.com/image/upload/s--a-nNmuWS--/9316ffd5e2186ee728790096a8c6498416d0ea8a.png,,,,,,,,,,,,,,,(1) MZT 30 Flush mounting socket
Sennheiser,MZT 30 L,009446,"IS Series 5-pin XLR female flange mount for fixed installation, requires 24.21 mm diameter hole",,59,34.37,,,,615104094468,4006087094464,TW,85181000,50,0.11,93,42,41,3.66,1.65,1.61,20,1106.56,2.44,246,106,186,9.69,4.17,7.32,https://images.salsify.com/image/upload/s--wiBNHAxf--/28ac0cb9b7bedff6c4b5c42cd7cbd6c503127432.jpg,,,,,,,,,,,,,,,(1) MZT 30 L Flush mounting socket
Sennheiser,MZT 417-1,001945,"Table-top stand, Tripod (folding), 3/8"" tripod thread, black, includes clip 19mm",,79,46.03,,,,615104019454,4006087019450,DE,85181000,80,0.18,40,148,40,1.57,5.83,1.57,30,2655.56,5.85,334,168,234,13.15,6.61,9.21,https://images.salsify.com/image/upload/s--LkPlQQxX--/2698b08d9b951368750ed9f2b328a7a916048ce6.jpg,,,,,,,,,,,,,,,(1) MZT 417-1 Table stand
Sennheiser,MZT 8000,502331,"Metal table stand for MKHC 80xx, with cable 1.5m, Nextel black",,809,471.33,,,,615104136199,4044155024166,DE,85181000,490,1.08,147,90,122,5.79,3.54,4.80,12,6273.56,13.83,350,260,282,13.78,10.24,11.10,https://images.salsify.com/image/upload/s--E2b5hkVj--/257e99802531ddaafa7bfe773bf5c9854a936742.png,,,,,,,,,,,,,,,(1) MZT 8000 Table stand
Sennheiser,MZW 1,004839,"Foam windscreen for evolution wireless handheld transmitters, MD46 and evolution wired",,39.95,23.28,,,,615104048393,4006087048399,DE,39269097,30,0.07,,,,,,,0,0.0,0.0,0,0,0,0.00,0.00,0.00,https://images.salsify.com/image/upload/s--1STocVAz--/2e5ecf965968dd5b96dd82d678a21893c60cbb01.png,,,,,,,,,,,,,,,
Sennheiser,MZW 20-1,003606,"Blimp windscreen  for use with MKH20, MKH40, MKH50, ME62/K6 and ME64/K6.  Requires MZS20-1 pistol grip.",,669,389.77,,,,615104036062,4006087036068,DE,39269097,310,0.68,110,398,110,4.33,15.67,4.33,20,8001.56,17.64,614,438,494,24.17,17.24,19.45,https://images.salsify.com/image/upload/s--edFudHBR--/d838f94f184a324f2597884362062041591c24a8.png,,,,,,,,,,,,,,,(1) MZW 20-1 Windscreen
Sennheiser,MZW 34 PRO,005067,"Velour foam windscreen for ME 34 and 35, velour, black, no markings",,89,51.85,,,,615104050679,4006087050675,DE,39269097,10,0.02,93,42,41,3.66,1.65,1.61,50,755.56,1.67,334,168,234,13.15,6.61,9.21,https://images.salsify.com/image/upload/s--LkPlQQxX--/2698b08d9b951368750ed9f2b328a7a916048ce6.jpg,,,,,,,,,,,,,,,(1) MZW 34 PRO Windscreen
Sennheiser,MZW 36 PRO,005069,"Velour foam windscreen for ME 36, velour, black, no markings",,89,51.85,,,,615104050693,4006087050699,DE,39269097,17,0.04,40,122,40,1.57,4.80,1.57,40,1141.56,2.52,404,228,304,15.91,8.98,11.97,https://images.salsify.com/image/upload/s--LkPlQQxX--/2698b08d9b951368750ed9f2b328a7a916048ce6.jpg,,,,,,,,,,,,,,,(1) MZW 36 PRO Windscreen
Sennheiser,MZW 4032-A,002978,"Windscreen for MD 42, MD 46, MD 425, MD 431, and evolution 800/900 vocal, anthracite, includes label rings (5) in different colours",,99,57.68,,,,615104029781,4006087029787,DE,39269097,13,0.03,102,,,4.02,,,110,6201.56,13.67,614,438,494,24.17,17.24,19.45,https://images.salsify.com/image/upload/s--WzICzKen--/a02148d71a1e6af941153976d7aeda1617b27eb6.jpg,https://images.salsify.com/image/upload/s--yiQ3E5wM--/5675e0008af3207f4a39753702bb315c944ee917.jpg,,,,,,,,,,,,,,(1) MZW 4032-A Windscreen
Sennheiser,MZW 4032-C,002980,Foam windshield designed for use with the MD 42  MD 46  MD 425  the MD 431 II and all e 800 and e 900 Series vocal microphones. Delivery includes a set of identification rings in five different colours.,,99,57.68,,,,615104029804,4006087029800,DE,39269097,13,0.03,102,,,4.02,,,10,861.56,1.9,404,228,304,15.91,8.98,11.97,https://images.salsify.com/image/upload/s--VCwAqNp8--/491d8f3618b03597e97136d4db920e495e0e12a8.jpg,,,,,,,,,,,,,,,(1) MZW 4032-C Windscreen
Sennheiser,MZW 415-ANT,000895,"Gray foam windscreen for MKH416, MKH418S",,119,69.33,,,,615104008953,4006087008959,DE,39269097,35,0.08,65,210,65,2.56,8.27,2.56,100,5301.56,11.69,614,438,494,24.17,17.24,19.45,https://images.salsify.com/image/upload/s--LkPlQQxX--/2698b08d9b951368750ed9f2b328a7a916048ce6.jpg,,,,,,,,,,,,,,,(1) MZW 415-ANT Windscreen
Sennheiser,MZW 421-A,000536,"Foam windscreen, fits MD421 II anthracite",,79,46.03,,,,615104005365,4006087005361,DE,39269097,19,0.04,,,,,,,120,7201.56,15.88,614,438,494,24.17,17.24,19.45,https://images.salsify.com/image/upload/s--gAAal80E--/109f2916e0fde29afbb8a53a2b14e3bbad118446.png,,,,,,,,,,,,,,,(1) MZW 421-A Windscreen
Sennheiser,MZW 44 BE,700057,Windshield accessory for Headmic 4 in the color beige,,19,11.07,,,,615104378735,4044155271164,DE,39269097,"6,2",0.01,225,"0,2",135,8.86,0.01,5.31,30,316.56,0.7,194,178,149,7.64,7.01,5.87,https://images.salsify.com/image/upload/s--LkPlQQxX--/2698b08d9b951368750ed9f2b328a7a916048ce6.jpg,,,,,,,,,,,,,,,(1) MZW 44 BE Windscreen
Sennheiser,MZW 44 BK,700060,Windshield accessory for Headmic 4 in the color black,,19,11.07,,,,615104378742,4044155271171,DE,39269097,"6,2",0.01,225,"0,2",135,8.86,0.01,5.31,30,136.56,0.3,194,178,149,7.64,7.01,5.87,https://images.salsify.com/image/upload/s--LkPlQQxX--/2698b08d9b951368750ed9f2b328a7a916048ce6.jpg,,,,,,,,,,,,,,,(1) MZW 44 BK Windscreen
Sennheiser,MZW 441-A,000976,"Foam windscreen, fits MD441-U anthracite",,79,46.03,,,,615104009769,4006087009765,DE,39269097,13,0.03,103,,,4.06,,,50,2946.56,6.5,399,493,399,15.71,19.41,15.71,https://images.salsify.com/image/upload/s--LkPlQQxX--/2698b08d9b951368750ed9f2b328a7a916048ce6.jpg,,,,,,,,,,,,,,,(1) MZW 441-A Windscreen
Sennheiser,MZW 5000-ANT,003824,"FOAM WINDSHIELD  BLACK  WITH COLOUR CODED ID RINGS FOR SKM 5200 HAND HELD TRANSMITTERS, ANTHRACITE",,79,46.03,,,,615104038240,4006087038246,DE,39269097,20,0.04,80,75,80,3.15,2.95,3.15,120,4201.56,9.26,614,438,494,24.17,17.24,19.45,https://images.salsify.com/image/upload/s--Fx3HItwM--/3da21ad2d7d4990aaf13f9ea9090bc888fa14419.png,,,,,,,,,,,,,,,(1) MZW 5000-ANT Windscreen
Sennheiser,MZW 60-1,003607,"Blimp windscreen for MKH416, MKH8060, MKH418S, ME66/K6.  Requires MZS20-1 pistol grip.",,709,413.07,,,,615104036079,4006087036075,DE,39269097,330,0.73,110,450,110,4.33,17.72,4.33,15,6751.56,14.88,614,438,494,24.17,17.24,19.45,https://images.salsify.com/image/upload/s--t78DyYYB--/25359b42b7866df668c51fec3a4f25ec284cfcb5.png,,,,,,,,,,,,,,,(1) MZW 60-1 Windscreen
Sennheiser,MZW 600,505569,"Windscreen for MKE 600, anthracite",,39.95,23.28,,,,615104228733,4044155078398,CN,39269097,,,141,64,73,5.55,2.52,2.87,12,,,350,260,282,13.78,10.24,11.10,https://images.salsify.com/image/upload/s--XF1Yygis--/f4560761ea259e24352f4e3f5231ff8a9d7bb013.jpg,https://images.salsify.com/image/upload/s--Tqaco3wI--/9e34cd23400a56ce9f7899fb97e501b57282861c.jpg,,,,,,,,,,,,,,(1) MZW 600 Windscreen
Sennheiser,MZW 61,003194,"Velour foam windscreen for MKH 60, includes labeling kit (8 colors), anthracite",,239,139.25,,,,615104031944,4006087031940,DE,39269097,50,0.11,65,210,65,2.56,8.27,2.56,50,3346.56,7.38,399,493,399,15.71,19.41,15.71,https://images.salsify.com/image/upload/s--111hw1HD--/fd036e0372761c54d9118206e886875823be2693.jpg,,,,,,,,,,,,,,,(1) MZW 61 Windscreen
Sennheiser,MZW 70-1,003608,"Blimp windscreen for MKH70, ME67/K6. Requires MZS20-1 pistol grip.",,769,448.03,,,,615104036086,4006087036082,DE,39269097,410,0.90,110,580,110,4.33,22.83,4.33,12,6721.56,14.82,614,438,494,24.17,17.24,19.45,https://images.salsify.com/image/upload/s--4V8Wbbog--/823a78c6ceccc6b86c4f0253f88c815889c3f853.png,,,,,,,,,,,,,,,(1) MZW 70-1 Windscreen
Sennheiser,MZW 71,003195,"Velour foam windscreen for MKH 70, includes labeling kit (8 colors), anthracite",,339,197.5,,,,615104031951,4006087031957,DE,39269097,90,0.20,75,320,75,2.95,12.60,2.95,30,4501.56,9.92,614,438,494,24.17,17.24,19.45,https://images.salsify.com/image/upload/s--u5NvHT1Z--/101975ee13d315e0b59329fa8f5d58ebbaefb5ca.jpg,,,,,,,,,,,,,,,(1) MZW 71 Windscreen
Sennheiser,MZW 80-1,504738,Blimp windscreen for MKH8070 or MKH816. Requires MZS20-1 pistol grip.,,809,471.33,,,,615104200012,4044155061505,DE,39269097,20,0.04,110,705,110,4.33,27.76,4.33,6,,,830,230,340,32.68,9.06,13.39,https://images.salsify.com/image/upload/s--3t38edN1--/dffab91713d774cee795d5632fd11b33b3a0dff0.jpg,,,,,,,,,,,,,,,(1) MZW 80-1 Windscreen
Sennheiser,MZW 80-ANT,003780,"Foam windscreen for MKH 80, MKH 800, and MKH 800 Twin, anthracite",,99,57.68,,,,615104037809,4006087037805,DE,39269097,20,0.04,80,75,80,3.15,2.95,3.15,10,661.56,1.46,404,228,304,15.91,8.98,11.97,https://images.salsify.com/image/upload/s--LkPlQQxX--/2698b08d9b951368750ed9f2b328a7a916048ce6.jpg,,,,,,,,,,,,,,,(1) MZW 80-ANT Windscreen
Sennheiser,MZW 8000,502333,"Windscreen for MKHC 8020/8040/8050, dual layer, anthracite",,39.95,23.28,,,,615104136212,4044155024180,DE,39269097,22,0.05,80,75,80,3.15,2.95,3.15,20,2241.56,4.94,614,438,494,24.17,17.24,19.45,https://images.salsify.com/image/upload/s--HKu51dGi--/e86078f3b1ddcdf3f906d6d10db12f6868c47f5c.jpg,,,,,,,,,,,,,,,(1) MZW 8000 Windscreen
Sennheiser,MZW 8018,700255,Foam Windshield for MKH 8018,,59,34.370999999999995,,,,615104384965,4044155276169,DE,39269097,38,0.08,66,66,212,2.60,2.60,8.35,50,2746.56,6.06,399,493,399,15.71,19.41,15.71,https://images.salsify.com/image/upload/s--5oLu3gTA--/76eb6efdf4deecf4c15b509916ba2b9be3643f37.jpg,,,,,,,,,,,,,,,(1) MZW 8018 Windscreen
Sennheiser,MZW 8030,700254,Foam Windsheild for MKH 8030,,49.95,29.1,,,,615104384958,4044155276152,DE,39269097,25,0.06,81,76,81,3.19,2.99,3.19,50,1780.0,3.92,504,288,319,19.84,11.34,12.56,https://images.salsify.com/image/upload/s--BOzj6DBa--/f2ba35c00c014eb669d3b9890591ccfe966322c4.jpg,https://images.salsify.com/image/upload/s--AGLxNSaJ--/83d11d59f970cbd6eb88a86e018a537af62ec8cd.jpg,,,,,,,,,,,,,,(1) MZW 8030 Windscreen
Sennheiser,MZW02BROWN,524889,FOAM WINDSHIELD BROWN,,7.66,4.46,,,,615104211339,4044155067927,CN,85189000,1,0.00,,,,,,,1,1.0,0.0,0,0,,0.00,0.00,,https://images.salsify.com/image/upload/s--LkPlQQxX--/2698b08d9b951368750ed9f2b328a7a916048ce6.jpg,,,,,,,,,,,,,,,(1) MZW02BROWN Windscreen
Sennheiser,MZW2BEIGE,047186,Windscreen beige,,15.98,9.31,,,,615104471863,4006087471869,DE,85189000,1,0.00,,,,,,,1,1.0,0.0,0,0,,0.00,0.00,,https://images.salsify.com/image/upload/s--LkPlQQxX--/2698b08d9b951368750ed9f2b328a7a916048ce6.jpg,,,,,,,,,,,,,,,(1) MZW2BEIGE Windscreen
Sennheiser,MZW2BLACK,543658,Windscreen for MKE 2-II. Black,,31.18,18.17,,,,615104221185,4044155073638,DE,39269097,2,0.00,120,,70,4.72,,2.76,24,154.56,0.34,246,106,186,9.69,4.17,7.32,https://images.salsify.com/image/upload/s--NCYyM7oo--/33117e14f4c6daea2d27dc81c4097e2c3063c26f.jpg,,,,,,,,,,,,,,,
Sennheiser,MZW3-ew,543654,Foam windscreen for ME3 headworn microphone,,20.78,12.11,,,,615104221130,4044155073591,DE,39269097,3,0.01,150,"0,5",100,5.91,0.02,3.94,500,2351.56,5.18,499,398,394,19.65,15.67,15.51,https://images.salsify.com/image/upload/s--YOVHK891--/12d8a78fa8e3a482d7c78ad8f9605b1ca74bfd51.jpg,,,,,,,,,,,,,,,(1) MZW3-ew Windscreen
Sennheiser,MZX 8000,502098,"XLR module for MKH 8000, 3-pole XLR-M, NEXTEL black",,509,296.55,,,,615104131514,4044155020434,DE,85189000,92,0.20,150,33,108,5.91,1.30,4.25,0,0.0,0.0,0,0,0,0.00,0.00,0.00,https://images.salsify.com/image/upload/s--Bgh9jcqj--/a4f80caaf58eba9f13402ed8093c9e68e7d353b6.jpg,,,,,,,,,,,,,,,(1) MZX 8000 XLR Module
Sennheiser,NECKBAND FOR HSP ESSENTIAL,508479,Replacement Neckband for HSP Essential OmniBoom mic,,269,156.72,,,,615104317512,4044155240283,CN,85181000,120,0.26,225,"0,2",135,8.86,0.01,5.31,10,1330.56,2.93,194,178,149,7.64,7.01,5.87,https://images.salsify.com/image/upload/s--0rpqeVjS--/38a0f1b4a5277430459283043d55f05f40cba3cb.jpg,,,,,,,,,,,,,,,(1) Neckband for HSP Essential
Sennheiser,NP 02-100,505967,Robust  lightweight neckband stereo headphones 32 ½ with excellent speech intelligibility. 100cm cable with straight 3.5mm connector. Master carton of 20 pieces,,1039,605.33,,,,615104248595,4044155088977,CN,85189000,"2759,2",6.08,343,315,299,13.50,12.40,11.77,1,4452.4,9.82,343,315,299,13.50,12.40,11.77,https://images.salsify.com/image/upload/s--qryT2VJG--/b41542816b60d19858793ccfef38fce4c79bbaa9.jpg,,,,,,,,,,,,,,,(1) NP 02-100 Neckband headphones
Sennheiser,NP 02-140,505968,Robust  lightweight neckband stereo headphones 32 ½ with excellent speech intelligibility. 140cm cable with right angle 3.5mm connector. Master carton of 20 pieces,,1039,605.33,,,,615104248601,4044155088984,CN,85189000,"2759,2",6.08,343,315,299,13.50,12.40,11.77,1,4452.4,9.82,343,315,299,13.50,12.40,11.77,https://images.salsify.com/image/upload/s--kLJ5lF4B--/f8c7ae55042bf31f906188347ee95b61d30091ef.jpg,,,,,,,,,,,,,,,(1) NP 02-140 Neckband headphones
Sennheiser,NT 1-1 CW EU,503158,Power supply for single L 2015 charger and ASA 1 antenna splitter,,169,98.46,,,,615104149595,4044155033694,VN,85044082,230,0.51,164,73,80,6.46,2.87,3.15,40,12932.2,28.51,419,327,337,16.50,12.87,13.27,https://images.salsify.com/image/upload/s--ugzI1ut9--/391d8a47f6dddcc43a28d9c9e81e3500d6124cdb.png,,,,,,,,,,,,,,,(1) NT 1-1 CW Power supply
Sennheiser,NT 12-35 CS,508995,Power supply for EW-D ASA active anntena splitter,,99,57.68,,,,615104355149,4044155256680,VN,85044082,1044,2.30,205,58,170,8.07,2.28,6.69,4,4521.0,9.97,335,265,228,13.19,10.43,8.98,https://images.salsify.com/image/upload/s--lz-vDdhQ--/86106441f173c701619ef3d8bc5dca01f9f9228a.jpg,,,,,,,,,,,,,,,(1) NT 12-35 CS Power supply
Sennheiser,NT 12-5 CW+,508899,Power supply for EW-D EM & XSW IEM Receivers,,39.95,23.28,,,,615104348417,4044155252408,VN,85044082,19300,42.51,37800,4000,13500,1488.19,157.48,531.50,15,3218.56,7.1,394,193,244,15.51,7.60,9.61,https://images.salsify.com/image/upload/s--pzffG9BA--/527fc4e82b5bf6dc1c96a567792e8211b91d8c25.jpg,,,,,,,,,,,,,,,(1) NT 12-5 CW+ Power supply
Sennheiser,NT 2-3-EU,503157,"Adapter 230 VAC, for EM 100/300/500 and SR 300 G3 and G4",,39.95,23.28,,,,615104149564,4044155033687,CN,85044082,250,0.55,90,52,80,3.54,2.05,3.15,36,4795.26,10.57,390,200,290,15.35,7.87,11.42,https://images.salsify.com/image/upload/s--b9pAOwv6--/87d83fb95c9a8f4055df1b8452a5eb76dcde7718.png,,,,,,,,,,,,,,,(1) NT 2-3-EU Power supply
Sennheiser,NT 3-1-EU,503159,Power supply for up to three L 2015 chargers  four L 60 chargers and also for AC 3 transmitter combiner,,199,115.94,,,,615104149601,4044155033700,VN,85044082,400,0.88,164,73,80,6.46,2.87,3.15,,,,,,,,,,https://images.salsify.com/image/upload/s--wiyLoAxz--/3d253f0ead81943416f1b6144655e3cbfa73f894.png,,,,,,,,,,,,,,,(1) NT 3-1 Power supply
Sennheiser,NT 5-20 UCW,508996,Power supply for L 70 Charger,,39.95,23.28,,,,615104355156,4044155256697,CN,85044082,220,0.48,379,40,135,14.92,1.57,5.31,15,3761.56,8.29,404,228,304,15.91,8.98,11.97,https://images.salsify.com/image/upload/s--gWzAcR95--/2384a183c69a1eef0887b10da8167d56ea3fff9f.jpg,,,,,,,,,,,,,,,(1) NT 5-20 UCW Power supply
Sennheiser,PADDING SET FOR HD/HMD 300 PRO,508544,Replacement set of 2 pcs. ear cushions and 1 pc. headband pad for HD 300 PRO and HMD 300 PRO,,99,57.68,,,,615104321694,4044155243284,CN,85189000,50,0.11,300,"0,2",140,11.81,0.01,5.51,10,630.56,1.39,194,178,149,7.64,7.01,5.87,https://images.salsify.com/image/upload/s--Zq6oJBH6--/29fc680f5dcde5a5e64f2b027a5dfbf87142d7ec.jpg,,,,,,,,,,,,,,,(1) PADDING SET FOR HD/HMD 300 PRO
Sennheiser,POP 1,005232,"Leather case for SKP 100/500/2000/3000, with belt clip",,69,40.2,,,,615104052321,4006087052327,CN,42023100,48,0.11,80,5,160,3.15,0.20,6.30,50,2804.56,6.18,334,268,294,13.15,10.55,11.57,https://images.salsify.com/image/upload/s--rmrdhNGc--/cc2b9409cd4215dca5f38ef45a7b816de82478a9.png,,,,,,,,,,,,,,,(1) POP 1 Pouch
Sennheiser,PRO Headphone Bag,700545,Cloth bag for HD 480 PRO/ HD 490 PRO,,59,34.37,,,,615104400078,4044155285338,CN,42023900,65,0.14,246,43,123,9.69,1.69,4.84,20,2627.56,5.79,584,288,259,22.99,11.34,10.20,https://images.salsify.com/image/upload/s--qU2MLfd4--/04b4272eee58451c7082f31ef3ab80940bebc144.jpg,,,,,,,,,,One storage case for the HD 490 PRO.,One storage case for the HD 490 PRO.,One storage case for the HD 490 PRO.,One storage case for the HD 490 PRO.,One storage case for the HD 490 PRO.,
Sennheiser,PROFILE,700065,"Profile USB Microphone with table stand. Includes (1) Profile USB Microphone, (1) Profile Table Stand, and (1) 1.2 m USB-C Cable",,259,150.9,,,,615104378124,4044155270112,CN,85181000,350,0.77,111,202,111,4.37,7.95,4.37,12,9697.2,21.38,459,226,348,18.07,8.90,13.70,https://images.salsify.com/image/upload/s--kzUxPvkZ--/1af52432a09bfe311eca4165d48518197271049f.jpg,https://images.salsify.com/image/upload/s--cbNapbRP--/7f599af71cb3ecb52ed92bbecc868608d6dba311.jpg,https://images.salsify.com/image/upload/s--f5LcnAat--/354e9bfd7cd57105d13379ec7f11f11f2861d502.jpg,https://images.salsify.com/image/upload/s--S_BFR6DH--/e31a4706a80dffceed274001137bb613a254cccd.jpg,https://images.salsify.com/image/upload/s--OJpHOBHI--/7a1447f10f7ad8c82879baaa566931414fb95617.jpg,https://images.salsify.com/image/upload/s--yEYk9ZpE--/fa88551959f4ddb537979b1bf34c1d8ee50accd6.jpg,https://images.salsify.com/image/upload/s--Q1mmpQNC--/7abb01162fd307301c32abd7e1a8eeb4d5376f20.jpg,https://images.salsify.com/image/upload/s--_HvePw-v--/1b0d846bfee7a8cdba665a0c5f56b9425249d497.jpg,,,https://www.sennheiser.com/globalassets/digizuite/41197-en-Profile_USB_Microphone_Spec_Sheet_EN.pdf,https://www.sennheiser.com/globalassets/digizuite/41197-en-Profile_USB_Microphone_Spec_Sheet_EN.pdf,https://www.sennheiser.com/globalassets/digizuite/41197-en-Profile_USB_Microphone_Spec_Sheet_EN.pdf,https://www.sennheiser.com/globalassets/digizuite/41197-en-Profile_USB_Microphone_Spec_Sheet_EN.pdf,https://www.sennheiser.com/globalassets/digizuite/41197-en-Profile_USB_Microphone_Spec_Sheet_EN.pdf,"(1) Profile USB microphone, (1) Profile table stand, (1) USB-C cable (1.2 m), (1) Quick guide, (1) Safety guide"
Sennheiser,PROFILE STREAMING SET,700100,"Profile USB Microphone with table stand. Includes (1) Profile USB Microphone, (1) Boom Arm, and (1) 3 m USB-C Cable and (1) Pouch",,409,238.29,,,,615104379954,4044155271911,CN,85181000,350,0.77,515,54,189,20.28,2.13,7.44,4,7808.0,17.21,530,244,204,20.87,9.61,8.03,https://images.salsify.com/image/upload/s---fcSgBT5--/203ada90523c5eedc8142f2e0f460e79bf0694bd.jpg,https://images.salsify.com/image/upload/s--MC9VCJU3--/70a1cad2b11e67ac05e472b327f61675afb4b8c5.jpg,https://images.salsify.com/image/upload/s--99ejwXxj--/9350cd13f8f5d177ac4302abcee5c9d032f22eb9.jpg,https://images.salsify.com/image/upload/s--OJpHOBHI--/7a1447f10f7ad8c82879baaa566931414fb95617.jpg,https://images.salsify.com/image/upload/s--yEYk9ZpE--/fa88551959f4ddb537979b1bf34c1d8ee50accd6.jpg,https://images.salsify.com/image/upload/s--Q1mmpQNC--/7abb01162fd307301c32abd7e1a8eeb4d5376f20.jpg,https://images.salsify.com/image/upload/s--_HvePw-v--/1b0d846bfee7a8cdba665a0c5f56b9425249d497.jpg,,,,https://www.sennheiser.com/globalassets/digizuite/41193-en-Profile_Streaming_Set_Spec_Sheet_EN.pdf,https://www.sennheiser.com/globalassets/digizuite/41193-en-Profile_Streaming_Set_Spec_Sheet_EN.pdf,https://www.sennheiser.com/globalassets/digizuite/41193-en-Profile_Streaming_Set_Spec_Sheet_EN.pdf,https://www.sennheiser.com/globalassets/digizuite/41193-en-Profile_Streaming_Set_Spec_Sheet_EN.pdf,https://www.sennheiser.com/globalassets/digizuite/41193-en-Profile_Streaming_Set_Spec_Sheet_EN.pdf,"(1) Profile USB microphone, (1) Boom arm, (1) USB-C cable (3 m), (1) Microphone pouch, (1) Quick guide, (1) Safety guide"
Sennheiser,PROFILE TABLE STAND,700102,Durable table stand with 3/8Ó and 5/8Ó mounting options,,59,34.37,,,,615104379978,4044155271935,CN,85189000,77,0.17,104,24,103,4.09,0.94,4.06,90,7900.0,17.42,359,230,323,14.13,9.06,12.72,https://images.salsify.com/image/upload/s--8ArC_MNO--/fceaa3e8c64d5add4e8e75697f029a5aaf277664.jpg,https://images.salsify.com/image/upload/s--p92w3FqL--/6688225ff5825a1608a9b22a1bb5490fe31b7f5c.jpg,,,,,,,,,https://www.sennheiser.com/globalassets/digizuite/41197-en-Profile_USB_Microphone_Spec_Sheet_EN.pdf,https://www.sennheiser.com/globalassets/digizuite/41197-en-Profile_USB_Microphone_Spec_Sheet_EN.pdf,https://www.sennheiser.com/globalassets/digizuite/41197-en-Profile_USB_Microphone_Spec_Sheet_EN.pdf,https://www.sennheiser.com/globalassets/digizuite/41197-en-Profile_USB_Microphone_Spec_Sheet_EN.pdf,https://www.sennheiser.com/globalassets/digizuite/41197-en-Profile_USB_Microphone_Spec_Sheet_EN.pdf,(1) Profile Table Stand
Sennheiser,PROFILE WIRELESS 1-CHANNEL SET,700278,"1-channel all-in-one wireless microphone system featuring one clip-on mic transmitter, receiver and accessories",,409,238.29,,,,615104387478,4044155277845,CN,85181000,247,0.54,146,67,90,5.75,2.64,3.54,10,2893.0,6.38,340,180,205,13.39,7.09,8.07,https://images.salsify.com/image/upload/s--vl73yHtD--/bbb58de05e995b552fa3c43ed8ed6d87acb023b1.jpg,https://images.salsify.com/image/upload/s--Q1No2DGu--/4120abebe8e5700ef1d44f2c13f392f39498350a.png,https://images.salsify.com/image/upload/s--I__YG35W--/0e1606792e2d41e4677195e365d4a81482dd71f7.jpg,https://images.salsify.com/image/upload/s--FCAqwErf--/9bcf061c1f09394307d5fa6f54c6c5313d90246f.jpg,,,,,,,,,,,,"(1) Profile Wireless Transmitter, (1) Profile Wireless Receiver, (1) USB-C Adapter, (1) Lightning Adapter, (1) Coldshoe Adapter, (1) Profile Wireless Clip Magnet, (1) Profile Wireless TX Windscreen, (2) USB-C to USB-C cable, (1) 3.5mm TRS Coiled cable, (1) Pouch, (1) Quick guide, (1) Safety guide, (1) Compliance sheet"
Sennheiser,PROFILE WIRELESS 2-CHANNEL SET,700266,"2-channel all-in-one wireless system. Includes (2) PROFILE WIRELESS TRANSMITTER, (1) PROFILE WIRELESS RECEIVER, (1) PROFILE WIRELESS CHARGING BAR , (2) PROFILE WIRELESS TX WINDSCREEN, (2) PROFILE WIRELESS CLIP MAGNET, (1) PROFILE WIRELESS CB WINDSCREEN, (1) USB-C to USB-C cable, (1) 3.5mm TRS Coiled Cable, (1) USB-C Adapter, (1) Lightning Adapter, (1) Coldshoe Adapter and (1) Carrying Pouch",,609,354.81,,,,615104386860,4044155277494,CN,85181000,470,1.04,197,72,90,7.76,2.83,3.54,10,5243.0,11.56,383,222,205,15.08,8.74,8.07,https://images.salsify.com/image/upload/s--mGmfu9q2--/a5271eae98696524178fa91af9bfeba586f3212b.png,https://images.salsify.com/image/upload/s--QToj5NqJ--/1d6346eb9206cd35fb2dcdfcb931121a80805f8d.png,https://images.salsify.com/image/upload/s--mA9KPB3c--/e66df319368ff94560b658cdfde7292e61927a60.png,https://images.salsify.com/image/upload/s--IyPAc4ss--/9afa5f20e79bc697694175eb10e03873c20b57cc.png,https://images.salsify.com/image/upload/s--0KMlCt6Q--/bb71a719fb9c5f059a2916c2b107131c7eae196a.png,https://images.salsify.com/image/upload/s--OY7pxg6Z--/383be63799ab8d921af4cc113519e005c50599e9.png,https://images.salsify.com/image/upload/s--FFaonVRX--/80e9c297b222d5a4e307a98e7e735fe8b24acf9e.png,https://images.salsify.com/image/upload/s--ht8Kyfd---/0c6b8f1ec9cca17907aa4fbfa237b44e10f770cd.png,,,https://www.sennheiser.com/globalassets/digizuite/48688-en-Profile_Wireless_Product_Specification_v1.0_EN.pdf,https://www.sennheiser.com/globalassets/digizuite/48688-en-Profile_Wireless_Product_Specification_v1.0_EN.pdf,https://www.sennheiser.com/globalassets/digizuite/48688-en-Profile_Wireless_Product_Specification_v1.0_EN.pdf,https://www.sennheiser.com/globalassets/digizuite/48688-en-Profile_Wireless_Product_Specification_v1.0_EN.pdf,https://www.sennheiser.com/globalassets/digizuite/48688-en-Profile_Wireless_Product_Specification_v1.0_EN.pdf,"(2) Profile Wireless Transmitter, (1) Profile Wireless Receiver, (1) Profile Wireless Charging Bar, (2) Profile Wireless TX Windscreen, (2) Profile Wireless Clip Magnet, (1) Profile Wireless CB Windscreen, (1) USB-C to USB-C cable, (1) 3.5mm TRS Coiled cable, (1) USB-C Adapter, (1) Lightning Adapter, (1) Coldshoe Adapter, (1) Pouch, (1) Quick guide, (1) Safety guide, (1) Compliance sheet"
Sennheiser,PROFILE WIRELESS CB WINDSCREEN,700481,Replacement foam windscreen for charging bar for PROFILE WIRELESS,,19.95,11.62,,,,615104396630,4044155283426,CN,85189000,9,0.02,230,50,135,9.06,1.97,5.31,50,873.0,1.92,340,180,205,13.39,7.09,8.07,https://images.salsify.com/image/upload/s--sD32tZGU--/5a4a92d9e8ce1048b0ed95ddbd8a063199e22902.png,,,,,,,,,,,,,,,(1) Profile Wireless CB Windscreen
Sennheiser,PROFILE WIRELESS CHARGING BAR,700267,Replacement charging bar for PROFILE WIRELESS,,119,69.33,,,,615104386877,4044155277500,CN,85044060,340,0.75,197,72,90,7.76,2.83,3.54,40,14055.0,30.99,383,222,205,15.08,8.74,8.07,https://images.salsify.com/image/upload/s--83SRsZAf--/6b460a0573ce6773b251466a68beada7cf560d6d.png,https://images.salsify.com/image/upload/s--ZW_W4zE3--/3779f116f8268bc795b7b6f558893c5e624f4718.png,https://images.salsify.com/image/upload/s--Ah4QOj-W--/418f6506af06009f765fdd3cb55ee819e50e18cc.png,https://images.salsify.com/image/upload/s--OuwnduS5--/516ec203d5f5a6a1012f471a6806e6dd52b92bc3.png,,,,,,,,,,,,(1) Profile Wireless Charging Bar
Sennheiser,PROFILE WIRELESS CLIP MAGNET,700270,Replacement clip-on mic transmitter clip magnet for PROFILE WIRELESS,,9.95,5.8,,,,615104386907,4044155277531,CN,85051190,10,0.02,230,5,135,9.06,0.20,5.31,50,923.0,2.03,340,180,205,13.39,7.09,8.07,https://images.salsify.com/image/upload/s--vllB9ZgW--/f05aeadbfd08ae23d9cd46c42deb6e6f82409607.png,,,,,,,,,,,,,,,(1) Profile Wireless Clip Magnet
Sennheiser,PROFILE WIRELESS COLD SHOE,700274,Replacement cold shoe adapter for PROFILE WIRELESS,,19.95,11.62,,,,615104386945,4044155277579,CN,85177900,8,0.02,230,15,135,9.06,0.59,5.31,50,823.0,1.81,340,180,205,13.39,7.09,8.07,https://images.salsify.com/image/upload/s--jwo67KlX--/7675f637d329b254a36da22541e254281e5a9d0a.png,,,,,,,,,,,,,,,(1) Profile Wireless Cold Shoe
Sennheiser,PROFILE WIRELESS LIGHTNG ADPT,700273,Replacement output adapter with lightning connection for PROFILE WIRELESS,,39.95,23.28,,,,615104386938,4044155277562,CN,85366990,25,0.06,230,15,135,9.06,0.59,5.31,50,1673.0,3.69,340,180,205,13.39,7.09,8.07,https://images.salsify.com/image/upload/s--DZQGgYpQ--/a673f5f7bf3e73726bf5b4125f47c5a7bb22d783.png,,,,,,,,,,,,,,,(1) Profile Wireless Lightning Adpt
Sennheiser,PROFILE WIRELESS POUCH,700276,Replacement carrying pouch for PROFILE WIRELESS,,39.95,23.28,,,,615104386969,4044155277593,CN,42029298,120,0.26,197,72,90,7.76,2.83,3.54,10,1655.0,3.65,383,222,205,15.08,8.74,8.07,https://images.salsify.com/image/upload/s--LU6r8tTu--/471d56322591a2368ae8d1340a9817f00516482d.png,,,,,,,,,,,,,,,(1) PROFILE WIRELESS POUCH
Sennheiser,PROFILE WIRELESS RECEIVER,700269,Replacement wireless receiver for PROFILE WIRELESS,,199,115.94,,,,615104386891,4044155277524,CN,85176930,144,0.32,146,67,90,5.75,2.64,3.54,10,1863.0,4.11,340,180,205,13.39,7.09,8.07,https://images.salsify.com/image/upload/s--rpUcib_v--/4274a739a020f5ae213352aa45e26fdeb814d886.png,,,,,,,,,,,,,,,(1) PROFILE WIRELESS RECEIVER
Sennheiser,PROFILE WIRELESS SMALL POUCH,700279,Small pouch for 1-channel set,,29.95,17.45,,,,615104387508,4044155277876,CN,42029298,106,0.23,146,67,90,5.75,2.64,3.54,10,1483.0,3.27,340,180,205,13.39,7.09,8.07,https://images.salsify.com/image/upload/s--FCAqwErf--/9bcf061c1f09394307d5fa6f54c6c5313d90246f.jpg,,,,,,,,,,,,,,,(1) Profile Wireless Small Pouch
Sennheiser,PROFILE WIRELESS TRANSMITTER,700268,"Replacement clip-on microphone transmitter (omnidirectional, condenser)",,199,115.94,,,,615104386884,4044155277517,CN,85176990,154,0.34,146,67,90,5.75,2.64,3.54,10,1963.0,4.33,340,180,205,13.39,7.09,8.07,https://images.salsify.com/image/upload/s--jkA3wXm0--/f644a15c2d157693b3db3d0013b0dd680194de7c.png,,,,https://images.salsify.com/image/upload/s--9LGpZ2ds--/72a061faf6a45ce86701dea74c762823ffd79cfc.png,,,,Condenser,Omnidirectional,,,,,,(1) PROFILE WIRELESS TRANSMITTER
Sennheiser,PROFILE WIRELESS TX WINDSCREEN,700271,Replacement clip-on mic transmitter windscreen for PROFILE WIRELESS,,9.95,5.8,,,,615104386914,4044155277548,CN,85189000,9,0.02,230,20,135,9.06,0.79,5.31,50,773.0,1.7,340,180,205,13.39,7.09,8.07,https://images.salsify.com/image/upload/s--3PGeDjJN--/1fee3ad0d224d5ab1f78c87552db0e6d92eee97b.png,,,,,,,,,,,,,,,(1) Profile Wireless TX Windscreen
Sennheiser,PROFILE WIRELESS USB-C ADPT,700275,Replacement output adapter with USB-C connection for PROFILE WIRELESS,,39.95,23.28,,,,615104386952,4044155277586,CN,85366990,25,0.06,230,15,135,9.06,0.59,5.31,50,1673.0,3.69,340,180,205,13.39,7.09,8.07,https://images.salsify.com/image/upload/s--ROOdtNG5--/6b484d6ea874335bc086266aca3c4c82c944c219.png,,,,,,,,,,,,,,,(1) Profile Wireless USB-C Adpt
Sennheiser,RMS 1,503164,"Mute button for SK 300 G3 and G4, wired",,159,92.63,,,,615104149762,4044155033779,DE,85371098,77,0.17,92,48,87,3.62,1.89,3.43,46,4003.56,8.83,404,228,304,15.91,8.98,11.97,https://images.salsify.com/image/upload/s--ir6jRxke--/ee498246f5d331406941873d205332ab56c9817c.jpg,,,,,,,,,,,,,,,(1) RMS 1 Mute button
Sennheiser,"SILICONE EAR ADAPTER ""L"",5PAIR",507496,"(5) Pairs of silicone ear adapter in size large (blue identifier) for IE 100, IE 400 and IE 500",,29.95,17.45,,,,615104312371,4044155235142,CN,85189000,"11,4",0.03,"0,73",180,100,0.03,7.09,3.94,500,6035.8,13.31,520,110,180,20.47,4.33,7.09,https://images.salsify.com/image/upload/s--O5eAO7aV--/89e0021ed6d70b0a615001d53e442c0e75913816.jpg,,,,,,,,,,,,,,,(1) SILICONE EAR ADAPTER ÒLÓ
Sennheiser,"SILICONE EAR ADAPTER ""M"",5PAIR",507495,"(5) Pairs of silicone ear adapter in size medium (black identifier) for IE 100, IE 400 and IE 500",,29.95,17.45,,,,615104312364,4044155235135,CN,85189000,"11,4",0.03,"0,73",180,100,0.03,7.09,3.94,500,6035.8,13.31,520,110,180,20.47,4.33,7.09,https://images.salsify.com/image/upload/s--O5eAO7aV--/89e0021ed6d70b0a615001d53e442c0e75913816.jpg,,,,,,,,,,,,,,,(1) SILICONE EAR ADAPTER ÒMÓ
Sennheiser,"SILICONE EAR ADAPTER ""S"",5PAIR",507494,"(5) Pairs of silicone ear adapter in size medium (red identifier) for IE 100, IE 400 and IE 500",,29.95,17.45,,,,615104312357,4044155235128,CN,85189000,"11,4",0.03,"0,73",180,100,0.03,7.09,3.94,500,6035.8,13.31,520,110,180,20.47,4.33,7.09,https://images.salsify.com/image/upload/s--O5eAO7aV--/89e0021ed6d70b0a615001d53e442c0e75913816.jpg,,,,,,,,,,,,,,,(1) SILICONE EAR ADAPTER ÒSÓ
Sennheiser,SK AVX-3,505859,"Bodypack transmitter, digital, 1.9 GHz, EW jack socket, black, includes BA 30 and bag",,819,477.15,,,,615104243033,4044155086256,RO,85176990,87,0.19,350,73,81,13.78,2.87,3.19,4,1615.96,3.56,377,114,329,14.84,4.49,12.95,https://images.salsify.com/image/upload/s--ee81sJXz--/06757de7cfaa1f5d97701a9df526dac1d9bceb17.jpg,https://images.salsify.com/image/upload/s--Epi17A6i--/b960da4c5d5d4e103184c050dc403b881e677718.jpg,,,,,,,,,,,,,,"(1) SK AVX Bodypack transmitter, (1) BA 30 Rechargeable battery, (2) AA Batteries, (1) Quick guide, (1) Safety guide, (1) Manufacturer declaration sheet"
Sennheiser,SK-XSW-A,507322,"Bodypack transmitter for XSW 1 XSW 2 with mic / line inputs and mute switch, frequency range: A (548-572 MHz)",A (548 - 572 MHz),299,174.2,,,,615104281998,4044155215335,TW,85176990,627,1.38,255,275,84,10.04,10.83,3.31,8,6216.0,13.7,320,570,380,12.60,22.44,14.96,https://images.salsify.com/image/upload/s--js5qdnze--/cbdf858c53ace99931b057a059341304b5890cf7.jpg,,,,,,,,,,,,,,,(1) SK-XSW Bodypack transmitter
Sennheiser,SK-XSW-BC,507464,"Bodypack transmitter with mic / line inputs and mute switch, frequency range: BC (670-694 MHz)",BC (670-694 MHz),299,174.2,,,,615104303638,4044155226393,TW,85176990,627,1.38,275,84,255,10.83,3.31,10.04,8,6216.0,13.7,320,570,380,12.60,22.44,14.96,https://images.salsify.com/image/upload/s--js5qdnze--/cbdf858c53ace99931b057a059341304b5890cf7.jpg,,,,,,,,,,,,,,,(1) SK-XSW Bodypack transmitter
Sennheiser,SKM 825-XSW-A,507329,"Handheld transmitter equipped with e825 cardioid dynamic capsule & mute switch, frequency range: A (548-572 MHz)",A (548 - 572 MHz),409,238.29,,,,615104282063,4044155215403,TW,85181000,821,1.81,255,275,84,10.04,10.83,3.31,8,7768.0,17.13,320,570,380,12.60,22.44,14.96,https://images.salsify.com/image/upload/s--d95yFZR4--/ca93e8199856fea2d0bb32864e2d196bd5722b49.jpg,,,,,,,,Dynamic,Cardioid,,,,,,(1) SKM 825 Handheld transmitter
Sennheiser,SKM 825-XSW-BC,507465,"Handheld transmitter equipped with e825 cardioid dynamic capsule, integrated mute switch and mic clip, frequency range: BC (670-694 MHz)",BC (670-694 MHz),409,238.29,,,,615104303645,4044155226409,TW,85181000,821,1.81,275,84,255,10.83,3.31,10.04,8,7768.0,17.13,320,570,380,12.60,22.44,14.96,https://images.salsify.com/image/upload/s--d95yFZR4--/ca93e8199856fea2d0bb32864e2d196bd5722b49.jpg,,,,,,,,Dynamic,Cardioid,,,,,,(1) SKM 825 Handheld transmitter
Sennheiser,SKM 835-XSW-A,507336,"Handheld transmitter equipped with e835 cardioid dynamic capsule & mute switch, frequency range: A (548-572 MHz)",A (548 - 572 MHz),509,296.55,,,,615104282322,4044155215632,TW,85181000,821,1.81,255,275,84,10.04,10.83,3.31,8,7768.0,17.13,320,570,380,12.60,22.44,14.96,https://images.salsify.com/image/upload/s--d95yFZR4--/ca93e8199856fea2d0bb32864e2d196bd5722b49.jpg,,,,,,,,Dynamic,Cardioid,,,,,,(1) SKM 835 Handheld transmitter
Sennheiser,SKM 835-XSW-BC,507466,"Handheld transmitter equipped with e835 cardioid dynamic capsule, integrated mute switch and mic clip, frequency range: BC (670-694 MHz)",BC (670-694 MHz),509,296.55,,,,615104303652,4044155226416,TW,85181000,821,1.81,275,84,255,10.83,3.31,10.04,8,7768.0,17.13,320,570,380,12.60,22.44,14.96,https://images.salsify.com/image/upload/s--d95yFZR4--/ca93e8199856fea2d0bb32864e2d196bd5722b49.jpg,,,,,,,,Dynamic,Cardioid,,,,,,(1) SKM 835 Handheld transmitter
Sennheiser,SKM 865-XSW-A,507343,"Handheld transmitter equipped with e865 supercardioid pre-polarized condenser capsule & mute switch, frequency range: A (548-572 MHz)",A (548 - 572 MHz),609,354.81,,,,615104282254,4044155215564,TW,85181000,821,1.81,255,275,84,10.04,10.83,3.31,8,7768.0,17.13,320,570,380,12.60,22.44,14.96,https://images.salsify.com/image/upload/s--d95yFZR4--/ca93e8199856fea2d0bb32864e2d196bd5722b49.jpg,,,,,,,,Electret Condenser,Supercardioid,,,,,,(1) SKM 865 Handheld transmitter
Sennheiser,SKM 865-XSW-BC,507467,"Handheld transmitter equipped with e865 supercardioid pre-polarized condenser capsule, integrated mute switch and mic clip, frequency range: BC (670-694 MHz)",BC (670-694 MHz),609,354.81,,,,615104303669,4044155226423,TW,85181000,821,1.81,275,84,255,10.83,3.31,10.04,8,7768.0,17.13,320,570,380,12.60,22.44,14.96,https://images.salsify.com/image/upload/s--d95yFZR4--/ca93e8199856fea2d0bb32864e2d196bd5722b49.jpg,,,,,,,,Electret Condenser,Supercardioid,,,,,,(1) SKM 865 Handheld transmitter
Sennheiser,SKM AVX-3 W/O CAPSULE,507186,"Handheld transmitter without microphone capsule, includes BA 10, clip and bag",,819,477.15,,,,615104280489,4044155214468,RO,85189000,432,0.95,350,73,81,13.78,2.87,3.19,4,2121.56,4.68,377,114,329,14.84,4.49,12.95,https://images.salsify.com/image/upload/s--LkPlQQxX--/2698b08d9b951368750ed9f2b328a7a916048ce6.jpg,,,,,,,,,,,,,,,(1) SKM AVX Handheld transmitter (capsule sold separately)
Sennheiser,SKM AVX-835-3,506157,"Handheld transmitter with MMD 835-1 (dynamic, cardioid), digital, 1.9 GHz, includes BA 10 and microphone clip",,1019,593.68,,,,615104251823,4044155090956,RO,85181000,87,0.19,350,73,81,13.78,2.87,3.19,4,2585.56,5.7,377,114,329,14.84,4.49,12.95,https://images.salsify.com/image/upload/s--94pD_Kho--/3df772c7e318cb8a6f13417732cec5324e9946ce.jpg,https://images.salsify.com/image/upload/s--8TsZ1Bwa--/ff89b012dd2cc5ba5a8148382485acd5989a7c4b.jpg,,,,,,,Dynamic,Cardioid,,,,,,"(1) SKM AVX Handheld transmitter, (1) MMD 835 Microphone capsule, (1) BA 10 Rechargeable battery, (1) Microphone clip"
Sennheiser,SKM AVX-835S-3,505860,"Handheld transmitter with MMD 835-1 (dynamic, cardioid), mute button, digital, 1.9 GHz, includes BA 10",,1019,593.68,,,,615104243040,4044155086263,RO,85181000,87,0.19,350,73,81,13.78,2.87,3.19,4,2565.56,5.66,377,114,329,14.84,4.49,12.95,https://images.salsify.com/image/upload/s--0-dfsH6i--/c70b51fc12c3ac21ee2541110a23f438cd446cf4.jpg,https://images.salsify.com/image/upload/s--RP_xm9te--/f256dd9f7f259165fa98705f512834e8f580cbd2.jpg,,,,,,,Dynamic,Cardioid,,,,,,"(1) SKM AVX Handheld transmitter, (1) MMD 835 Microphone capsule, (1) BA 10 Rechargeable battery, (1) Microphone clip"
Sennheiser,SL BODYPACK - HM 1 KIT DW-3,509230,"SpeechLine Digital Wireless Bodypack kit. Includes (1) SL Bodypack DW and (1)  SL Headmic 1 (omnidirectional, condenser)",,1849,1077.25,,_,,615104358157,4044155258455,DE,85181000,88,0.19,536,106,206,21.10,4.17,8.11,0,0.0,0.0,0,0,0,0.00,0.00,0.00,https://images.salsify.com/image/upload/s--PEpRfa5o--/027e50d2b2afdd16fe7d4bcd21856be0ccf1aa39.jpg,https://images.salsify.com/image/upload/s--9A-YlG_7--/8197c0247476d9033591314ed47197e73ce74485.jpg,https://images.salsify.com/image/upload/s--jzYCL0Ja--/205681698cfc07c156a3482d009ed3c48bdb4464.jpg,https://images.salsify.com/image/upload/s--eKY9ZnFZ--/40c37cf68cecb33d820f12e0532500257c60aae4.jpg,,,,,Condenser,Omnidirectional,https://www.sennheiser.com/globalassets/digizuite/41329-en-SL_Bodypack_DW_Product_Specification_v2.1_EN.pdf,https://www.sennheiser.com/globalassets/digizuite/41329-en-SL_Bodypack_DW_Product_Specification_v2.1_EN.pdf,https://www.sennheiser.com/globalassets/digizuite/41329-en-SL_Bodypack_DW_Product_Specification_v2.1_EN.pdf,https://www.sennheiser.com/globalassets/digizuite/41329-en-SL_Bodypack_DW_Product_Specification_v2.1_EN.pdf,https://www.sennheiser.com/globalassets/digizuite/41329-en-SL_Bodypack_DW_Product_Specification_v2.1_EN.pdf,"(1) SL Bodypack DW Bodypack transmitter, (1) SL Headmicrophone 1 SB, (1) BA 30 Rechargable battery"
Sennheiser,SL BODYPACK - ME 2 KIT DW-3,509220,"SpeechLine Digital Wireless Bodypack kit. Includes (1) SL Bodypack DW and (1)  ME 2 lavalier microphone (omnidirectional, condenser)",,1099,640.29,,_,,615104357914,4044155258356,DE,85181000,88,0.19,367,117,177,14.45,4.61,6.97,0,0.0,0.0,0,0,0,0.00,0.00,0.00,https://images.salsify.com/image/upload/s--1hNmZQI4--/42353ae6aa7e0c2f6d47bf0369145e11dbf3f468.jpg,https://images.salsify.com/image/upload/s--9A-YlG_7--/8197c0247476d9033591314ed47197e73ce74485.jpg,https://images.salsify.com/image/upload/s--jzYCL0Ja--/205681698cfc07c156a3482d009ed3c48bdb4464.jpg,https://images.salsify.com/image/upload/s--Lt66TN1l--/ddbf55fa0714c0172de118e491e9e7a0475e690b.jpg,,,,,Electret Condenser,Omnidirectional,https://www.sennheiser.com/globalassets/digizuite/41329-en-SL_Bodypack_DW_Product_Specification_v2.1_EN.pdf,https://www.sennheiser.com/globalassets/digizuite/41329-en-SL_Bodypack_DW_Product_Specification_v2.1_EN.pdf,https://www.sennheiser.com/globalassets/digizuite/41329-en-SL_Bodypack_DW_Product_Specification_v2.1_EN.pdf,https://www.sennheiser.com/globalassets/digizuite/41329-en-SL_Bodypack_DW_Product_Specification_v2.1_EN.pdf,https://www.sennheiser.com/globalassets/digizuite/41329-en-SL_Bodypack_DW_Product_Specification_v2.1_EN.pdf,"(1) SL Bodypack DW Bodypack transmitter, (1) ME 2 Lavalier microphone, (1) BA 30 Rechargable battery"
Sennheiser,SL BODYPACK - MKE 2 KIT DW-3,509210,"SpeechLine Digital Wireless Bodypack kit. Includes (1) SL Bodypack DW and (1)  MKE 2 lavalier microphone (omnidirectional, condenser)",,1249,727.68,,_,,615104357709,4044155258257,DE,85181000,88,0.19,367,117,177,14.45,4.61,6.97,0,0.0,0.0,0,0,0,0.00,0.00,0.00,https://images.salsify.com/image/upload/s--IQakwniG--/73dfd550a6717f655e5ccb896b5b08e9be6103c0.jpg,https://images.salsify.com/image/upload/s--9A-YlG_7--/8197c0247476d9033591314ed47197e73ce74485.jpg,https://images.salsify.com/image/upload/s--jzYCL0Ja--/205681698cfc07c156a3482d009ed3c48bdb4464.jpg,https://images.salsify.com/image/upload/s--ASVwR-9v--/14a9b79c9fc74238cd3d6318e8173fd7ad5a17e5.jpg,,,,,Electret Condenser,Omnidirectional,,,,,,"(1) SL Bodypack DW Bodypack transmitter, (1) MKE 2 ew Gold Lavalier microphone, (1) BA 30 Rechargable battery"
Sennheiser,SL BODYPACK - MKE 40 KIT DW-3,509225,"SpeechLine Digital Wireless Bodypack kit. Includes (1) SL Bodypack DW and (1)  MKE 40 (cardioid, condenser)",,1599,931.59,,_,,615104358041,4044155258400,DE,85181000,88,0.19,367,117,177,14.45,4.61,6.97,0,0.0,0.0,0,0,0,0.00,0.00,0.00,https://images.salsify.com/image/upload/s--jGd4DHpX--/9a230c894ade303796ce9910d006c992d64d9ea4.jpg,https://images.salsify.com/image/upload/s--9A-YlG_7--/8197c0247476d9033591314ed47197e73ce74485.jpg,https://images.salsify.com/image/upload/s--jzYCL0Ja--/205681698cfc07c156a3482d009ed3c48bdb4464.jpg,https://images.salsify.com/image/upload/s--8acgYcTg--/021dd6c33388dbb8389aea19a42831a4e4116da6.jpg,,,,,Condenser,Cardioid,,,,,,"(1) SL Bodypack DW Bodypack transmitter, (1) MKE 40 ew Lavalier microphone, (1) BA 30 Rechargable battery"
Sennheiser,SL BODYPACK DW-3-EU,505883,"Speechline Digital Wireless Bodypack transmitter, including BA 30 ew jack plug, silver black, digital, 1.9GHz  DECT Operation",,999,582.03,,_,,615104243422,4044155086492,RO,85176990,88,0.19,350,73,81,13.78,2.87,3.19,4,1623.96,3.58,377,114,329,14.84,4.49,12.95,https://images.salsify.com/image/upload/s--9A-YlG_7--/8197c0247476d9033591314ed47197e73ce74485.jpg,https://images.salsify.com/image/upload/s--jzYCL0Ja--/205681698cfc07c156a3482d009ed3c48bdb4464.jpg,https://images.salsify.com/image/upload/s--hOHceZLU--/a810df5da4517f54c73375d22e106b301544afd5.jpg,,,,,,,,https://www.sennheiser.com/globalassets/digizuite/40479-en-2022_11_SpeechLine_Digital_Wireless_System_Specification_v3.2_EN.pdf,https://www.sennheiser.com/globalassets/digizuite/40479-en-2022_11_SpeechLine_Digital_Wireless_System_Specification_v3.2_EN.pdf,https://www.sennheiser.com/globalassets/digizuite/40479-en-2022_11_SpeechLine_Digital_Wireless_System_Specification_v3.2_EN.pdf,https://www.sennheiser.com/globalassets/digizuite/40479-en-2022_11_SpeechLine_Digital_Wireless_System_Specification_v3.2_EN.pdf,https://www.sennheiser.com/globalassets/digizuite/40479-en-2022_11_SpeechLine_Digital_Wireless_System_Specification_v3.2_EN.pdf,"(1) SL Bodypack DW Bodypack transmitter, (1) BA 30 Rechargable battery, (1) Pouch"
Sennheiser,SL BOUNDARY 114-S DW-3 B,506607,Speechline Digital Wireless Boundary microphone transmitter. 1.9GHz  DECT Operation.  Features MEB 114 cardioid capsule. Features the wireless Qi charging standard or charging via USB. (Use CHG QI 2 for two mobile devices). Includes rechargeable accupack (BA 40) with up to 10 hours of operating time,,1949,1135.5,,_,,615104263840,4044155098969,RO,85176200,208,0.46,85,114,"30,8",3.35,4.49,1.21,4,1901.16,4.19,324,203,244,12.76,7.99,9.61,https://images.salsify.com/image/upload/s---2I0ban8--/73f0d4ed7d012f260be5fd49a1a7b3137a996fa3.jpg,https://images.salsify.com/image/upload/s--nEOecx1j--/46d1de2e1dbf3951b23c3f1cb88d4e4b86a8b245.jpg,,,,,,,Condenser,Cardioid,https://www.sennheiser.com/globalassets/digizuite/41459-en-SP_1087_v2.2_SL_Boundary_114-S_DW_Specification_EN.pdf,https://www.sennheiser.com/globalassets/digizuite/41459-en-SP_1087_v2.2_SL_Boundary_114-S_DW_Specification_EN.pdf,https://www.sennheiser.com/globalassets/digizuite/41459-en-SP_1087_v2.2_SL_Boundary_114-S_DW_Specification_EN.pdf,https://www.sennheiser.com/globalassets/digizuite/41459-en-SP_1087_v2.2_SL_Boundary_114-S_DW_Specification_EN.pdf,https://www.sennheiser.com/globalassets/digizuite/41459-en-SP_1087_v2.2_SL_Boundary_114-S_DW_Specification_EN.pdf,"(1) SL Boundary 114-S DW Table boundary microphone, (1) BA 40 Rechargeable battery, (1) Quick guide"
Sennheiser,SL BOUNDARY SET DW-3 AU,506620,"Speechline Digital wireless Boundary Set. Includes: Half rack receiver, Wireless Boundary mic base with Mute switch, Cardioid capsule. 1.9GHz DECT Operation. With rack mount kit",,3459,2015.25,,_,,615104263994,4044155099096,RO,85176200,208,0.46,405,73,350,15.94,2.87,13.78,3,9205.41,20.29,435,258,375,17.13,10.16,14.76,https://images.salsify.com/image/upload/s--et5k6TNr--/c6999bc1281811fe1fb00f064f14a82044891dc5.jpg,https://images.salsify.com/image/upload/s--XXlmR0y7--/7c39eb8d8ce77fd279734a6b6a0d09272b825453.jpg,https://images.salsify.com/image/upload/s--GCGCiuDV--/76caf85cb6610dca51ddb4f333fd8dcf16ed8c76.jpg,https://images.salsify.com/image/upload/s--nEOecx1j--/46d1de2e1dbf3951b23c3f1cb88d4e4b86a8b245.jpg,,,,,Condenser,Cardioid,https://www.sennheiser.com/globalassets/digizuite/41464-en-SP_1088_v2.2_SL_Boundary_Set_DW_Specification_EN.pdf,https://www.sennheiser.com/globalassets/digizuite/41464-en-SP_1088_v2.2_SL_Boundary_Set_DW_Specification_EN.pdf,https://www.sennheiser.com/globalassets/digizuite/41464-en-SP_1088_v2.2_SL_Boundary_Set_DW_Specification_EN.pdf,https://www.sennheiser.com/globalassets/digizuite/41464-en-SP_1088_v2.2_SL_Boundary_Set_DW_Specification_EN.pdf,https://www.sennheiser.com/globalassets/digizuite/41464-en-SP_1088_v2.2_SL_Boundary_Set_DW_Specification_EN.pdf,"(1) SL Boundary 114-S DW Table boundary microphone, (1) SL Rack Receiver DW incl. power supply, (1) USB cable, (1) BA 40 Rechargeable battery, (1) GA 4 Rack mount kit, (1) Quick guide"
Sennheiser,SL HANDHELD 865 DW-3-EU,505885,"Speechline Digital Wireless Handheld transmitter e865 Super Cardioid condenser capsule, includes BA 10, digital, 1.9GHz  DECT Operation",,1349,785.94,,_,,615104243477,4044155086515,RO,85181000,262,0.58,"272,4","50,5","50,5",10.72,1.99,1.99,4,2569.56,5.66,377,114,329,14.84,4.49,12.95,https://images.salsify.com/image/upload/s--R78Sjtcu--/ac3508ec2646c12ade7a3a6763938d11ec6f21d9.jpg,https://images.salsify.com/image/upload/s--DCyiuQVf--/1e1b7114291204ca6746f0ffbc7747d83f694c50.jpg,https://images.salsify.com/image/upload/s--ZP-VEWOz--/431167029e8f5b332e79384ca8bf15c78d2cd54b.jpg,https://images.salsify.com/image/upload/s--qV2uCiuk--/01f44ef77585143460393ff896d39c52eaf779f6.jpg,,,,,Condenser,Supercardioid,https://www.sennheiser.com/globalassets/digizuite/40479-en-2022_11_SpeechLine_Digital_Wireless_System_Specification_v3.2_EN.pdf,https://www.sennheiser.com/globalassets/digizuite/40479-en-2022_11_SpeechLine_Digital_Wireless_System_Specification_v3.2_EN.pdf,https://www.sennheiser.com/globalassets/digizuite/40479-en-2022_11_SpeechLine_Digital_Wireless_System_Specification_v3.2_EN.pdf,https://www.sennheiser.com/globalassets/digizuite/40479-en-2022_11_SpeechLine_Digital_Wireless_System_Specification_v3.2_EN.pdf,https://www.sennheiser.com/globalassets/digizuite/40479-en-2022_11_SpeechLine_Digital_Wireless_System_Specification_v3.2_EN.pdf,"(1) SL Handheld DW Handheld transmitter, (1) MME 865 Microphone capsule, (1) BA 10 Rechargable battery, (1) Pouch"
Sennheiser,SL HANDHELD DW-3-EU,505884,"Speechline Digital Wireless Handheld transmitter without capsule, includes BA 10, without capsule, silver, digital, 1.9GHz  DECT Operation",,929,541.25,,_,,615104243453,4044155086508,RO,85176990,262,0.58,"204,6","40,3","40,3",8.06,1.59,1.59,4,2129.56,4.69,377,114,329,14.84,4.49,12.95,https://images.salsify.com/image/upload/s--ZP-VEWOz--/431167029e8f5b332e79384ca8bf15c78d2cd54b.jpg,https://images.salsify.com/image/upload/s--DCyiuQVf--/1e1b7114291204ca6746f0ffbc7747d83f694c50.jpg,,https://images.salsify.com/image/upload/s--qV2uCiuk--/01f44ef77585143460393ff896d39c52eaf779f6.jpg,,,,,Capsule Sold Separately,Capsule Sold Separately,https://www.sennheiser.com/globalassets/digizuite/40479-en-2022_11_SpeechLine_Digital_Wireless_System_Specification_v3.2_EN.pdf,https://www.sennheiser.com/globalassets/digizuite/40479-en-2022_11_SpeechLine_Digital_Wireless_System_Specification_v3.2_EN.pdf,https://www.sennheiser.com/globalassets/digizuite/40479-en-2022_11_SpeechLine_Digital_Wireless_System_Specification_v3.2_EN.pdf,https://www.sennheiser.com/globalassets/digizuite/40479-en-2022_11_SpeechLine_Digital_Wireless_System_Specification_v3.2_EN.pdf,https://www.sennheiser.com/globalassets/digizuite/40479-en-2022_11_SpeechLine_Digital_Wireless_System_Specification_v3.2_EN.pdf,"(1) SL Handheld DW Handheld transmitter, (1) BA 10 Rechargable battery, (1) Pouch"
Sennheiser,SL HANDHELD SET DW-3-AU R,506167,"Speechline Digital wireless Presentation Set. Includes: Half rack receiver, handheld transmitter with e865 Super Cardioid condenser capsule. 1.9GHz DECT Operation. With rack mount kit",,2199,1281.15,,_,,615104251953,4044155091052,RO,85181000,"2842,6",6.26,405,73,350,15.94,2.87,13.78,3,9141.36,20.15,435,258,375,17.13,10.16,14.76,https://images.salsify.com/image/upload/s--R_y1TKeY--/bf8093df81c08a801904c99ea50ef71fd670a5d8.jpg,https://images.salsify.com/image/upload/s--XXlmR0y7--/7c39eb8d8ce77fd279734a6b6a0d09272b825453.jpg,https://images.salsify.com/image/upload/s--DCyiuQVf--/1e1b7114291204ca6746f0ffbc7747d83f694c50.jpg,https://images.salsify.com/image/upload/s--ZP-VEWOz--/431167029e8f5b332e79384ca8bf15c78d2cd54b.jpg,,,,,Condenser,Supercardioid,https://www.sennheiser.com/globalassets/digizuite/40479-en-2022_11_SpeechLine_Digital_Wireless_System_Specification_v3.2_EN.pdf,https://www.sennheiser.com/globalassets/digizuite/40479-en-2022_11_SpeechLine_Digital_Wireless_System_Specification_v3.2_EN.pdf,https://www.sennheiser.com/globalassets/digizuite/40479-en-2022_11_SpeechLine_Digital_Wireless_System_Specification_v3.2_EN.pdf,https://www.sennheiser.com/globalassets/digizuite/40479-en-2022_11_SpeechLine_Digital_Wireless_System_Specification_v3.2_EN.pdf,https://www.sennheiser.com/globalassets/digizuite/40479-en-2022_11_SpeechLine_Digital_Wireless_System_Specification_v3.2_EN.pdf,"(1) SL Handheld DW Handheld transmitter, (1) MME 865 Microphone capsule, (1) BA 10 Rechargable battery, (1) Case or GA 4 rackmount kit and pouch"
Sennheiser,SL HEADMIC SET DW-3-AU R,506166,"Speechline Digital wireless Presentation Set. Includes: Half rack receiver, bodypack transmitter and SL Headmic Premium omni headset microphone. 1.9GHz DECT Operation. With rack mount kit",,2559,1490.9,,_,,615104251946,4044155091045,RO,85181000,"2636,2",5.81,405,73,350,15.94,2.87,13.78,3,8522.16,18.79,435,258,375,17.13,10.16,14.76,https://images.salsify.com/image/upload/s--J8xTHXKj--/9401c6e2e44c8be005897f8e4829a3c2d4227e72.jpg,https://images.salsify.com/image/upload/s--XXlmR0y7--/7c39eb8d8ce77fd279734a6b6a0d09272b825453.jpg,https://images.salsify.com/image/upload/s--9A-YlG_7--/8197c0247476d9033591314ed47197e73ce74485.jpg,https://images.salsify.com/image/upload/s--jzYCL0Ja--/205681698cfc07c156a3482d009ed3c48bdb4464.jpg,https://images.salsify.com/image/upload/s--JBGuV4vx--/e33677480e547426fe6e9d258c633a486ef54b63.jpg,,,,Condenser,Omnidirectional,https://www.sennheiser.com/globalassets/digizuite/40479-en-2022_11_SpeechLine_Digital_Wireless_System_Specification_v3.2_EN.pdf,https://www.sennheiser.com/globalassets/digizuite/40479-en-2022_11_SpeechLine_Digital_Wireless_System_Specification_v3.2_EN.pdf,https://www.sennheiser.com/globalassets/digizuite/40479-en-2022_11_SpeechLine_Digital_Wireless_System_Specification_v3.2_EN.pdf,https://www.sennheiser.com/globalassets/digizuite/40479-en-2022_11_SpeechLine_Digital_Wireless_System_Specification_v3.2_EN.pdf,https://www.sennheiser.com/globalassets/digizuite/40479-en-2022_11_SpeechLine_Digital_Wireless_System_Specification_v3.2_EN.pdf,"(1) SL Headmicrophone 1 Neckworn Microphone, (1) SL Bodypack DW Bodypack transmitter, (1) SL Rack Receiver DW, (1) BA 30 Rechargable battery, (1) Case or GA 4 rackmount kit and pouch"
Sennheiser,SL LAVALIER SET DW-3-AU R,506165,"Speechline Digital wireless Presentation Set. Includes: Half rack receiver, bodypack transmitter and MKE 1 Premium omni lavalier microphone. 1.9GHz DECT Operation. With rack mount kit",,2599,1514.2,,_,,615104251939,4044155091038,DE,85181000,"2356,2",5.19,405,73,350,15.94,2.87,13.78,3,7682.16,16.94,435,258,375,17.13,10.16,14.76,https://images.salsify.com/image/upload/s--vSDQfW1F--/8c433f354576570be703bcec37185701d266d074.jpg,https://images.salsify.com/image/upload/s--XXlmR0y7--/7c39eb8d8ce77fd279734a6b6a0d09272b825453.jpg,https://images.salsify.com/image/upload/s--9A-YlG_7--/8197c0247476d9033591314ed47197e73ce74485.jpg,https://images.salsify.com/image/upload/s--jzYCL0Ja--/205681698cfc07c156a3482d009ed3c48bdb4464.jpg,https://images.salsify.com/image/upload/s--4q0Tc_V8--/3ef91c918af7f1062d318edc19ef7d7ea1f89218.jpg,,,,Condenser,Omnidirectional,https://www.sennheiser.com/globalassets/digizuite/40479-en-2022_11_SpeechLine_Digital_Wireless_System_Specification_v3.2_EN.pdf,https://www.sennheiser.com/globalassets/digizuite/40479-en-2022_11_SpeechLine_Digital_Wireless_System_Specification_v3.2_EN.pdf,https://www.sennheiser.com/globalassets/digizuite/40479-en-2022_11_SpeechLine_Digital_Wireless_System_Specification_v3.2_EN.pdf,https://www.sennheiser.com/globalassets/digizuite/40479-en-2022_11_SpeechLine_Digital_Wireless_System_Specification_v3.2_EN.pdf,https://www.sennheiser.com/globalassets/digizuite/40479-en-2022_11_SpeechLine_Digital_Wireless_System_Specification_v3.2_EN.pdf,"(1) MKE 1 Lavalier microphone, (1) SL Bodypack DW Bodypack transmitter, (1) SL Rack Receiver DW, (1) BA 30 Rechargable battery, (1) Case or GA 4 rackmount kit and pouch"
Sennheiser,SL MCR 2 DW-3,508849,SpeechLine Multi-Channel Receiver with 2 SL DW RF Links. Features Analog output with (2) Dante Interfaces and PoE power supply.,,3649,2125.94,,_,,615104342958,4044155250466,DE,85176200,560,1.23,180,45,180,7.09,1.77,7.09,5,6271.56,13.83,502,288,259,19.76,11.34,10.20,https://images.salsify.com/image/upload/s--M7bw47uk--/df0227a527784340b99fe5390e75ea3b41c0bf0b.jpg,https://images.salsify.com/image/upload/s--z8RFy7J9--/e4a2b7bd9e9dff305d39cab6f72db1746db51db0.jpg,https://images.salsify.com/image/upload/s--NhbhKw4V--/4cc259a8b2ec2d2592c16a63a42e71d85f34b672.jpg,https://images.salsify.com/image/upload/s--CLakKSZk--/0be3baa56b7322d5b1c859295b965dfc1f177415.jpg,https://images.salsify.com/image/upload/s--gapU4YLT--/18aac91bf81cc089a1fdc8e9e57d16005b98b35b.jpg,,,,,,https://www.sennheiser.com/globalassets/digizuite/40479-en-2022_11_SpeechLine_Digital_Wireless_System_Specification_v3.2_EN.pdf,https://www.sennheiser.com/globalassets/digizuite/40479-en-2022_11_SpeechLine_Digital_Wireless_System_Specification_v3.2_EN.pdf,https://www.sennheiser.com/globalassets/digizuite/40479-en-2022_11_SpeechLine_Digital_Wireless_System_Specification_v3.2_EN.pdf,https://www.sennheiser.com/globalassets/digizuite/40479-en-2022_11_SpeechLine_Digital_Wireless_System_Specification_v3.2_EN.pdf,https://www.sennheiser.com/globalassets/digizuite/40479-en-2022_11_SpeechLine_Digital_Wireless_System_Specification_v3.2_EN.pdf,"(1) SL MCR DW Multichannel receiver, (1) Wall mounting plate, (1) Drilling template, (1) 3-pin Phoenix connector (3.81mm), (1) Quick guide"
Sennheiser,SL MCR 4 DW-3,508854,SpeechLine Multi-Channel Receiver with 4 SL DW RF Links. Features Analog output with (2) Dante Interfaces and PoE power supply.,,6599,3844.63,,_,,615104343030,4044155250510,DE,85176200,560,1.23,180,45,180,7.09,1.77,7.09,5,6271.56,13.83,502,288,259,19.76,11.34,10.20,https://images.salsify.com/image/upload/s--M7bw47uk--/df0227a527784340b99fe5390e75ea3b41c0bf0b.jpg,https://images.salsify.com/image/upload/s--z8RFy7J9--/e4a2b7bd9e9dff305d39cab6f72db1746db51db0.jpg,https://images.salsify.com/image/upload/s--NhbhKw4V--/4cc259a8b2ec2d2592c16a63a42e71d85f34b672.jpg,https://images.salsify.com/image/upload/s--CLakKSZk--/0be3baa56b7322d5b1c859295b965dfc1f177415.jpg,https://images.salsify.com/image/upload/s--gapU4YLT--/18aac91bf81cc089a1fdc8e9e57d16005b98b35b.jpg,,,,,,https://www.sennheiser.com/globalassets/digizuite/40479-en-2022_11_SpeechLine_Digital_Wireless_System_Specification_v3.2_EN.pdf,https://www.sennheiser.com/globalassets/digizuite/40479-en-2022_11_SpeechLine_Digital_Wireless_System_Specification_v3.2_EN.pdf,https://www.sennheiser.com/globalassets/digizuite/40479-en-2022_11_SpeechLine_Digital_Wireless_System_Specification_v3.2_EN.pdf,https://www.sennheiser.com/globalassets/digizuite/40479-en-2022_11_SpeechLine_Digital_Wireless_System_Specification_v3.2_EN.pdf,https://www.sennheiser.com/globalassets/digizuite/40479-en-2022_11_SpeechLine_Digital_Wireless_System_Specification_v3.2_EN.pdf,"(1) SL MCR DW Multichannel receiver, (1) Wall mounting plate, (1) Drilling template, (1) 3-pin Phoenix connector (3.81mm), (1) Quick guide"
Sennheiser,SL MCR WALLMOUNT ADAPTER,508891,Wall Mounting Bracket for SpeechLine Multi-Channel Receiver,,185,107.78,,_,,615104344112,4044155251142,SK,85177900,110,0.24,212,43,168,8.35,1.69,6.61,9,1313.56,2.9,394,193,244,15.51,7.60,9.61,https://images.salsify.com/image/upload/s--1GWQfqCp--/12d7d61d3f366ebfaf642636dfa3c36b35f75d7d.jpg,https://images.salsify.com/image/upload/s--eOEwT3ds--/20075aa1bcd973e373d1ebd15d79e69a76718f2a.jpg,https://images.salsify.com/image/upload/s--rsXamniZ--/53c972df96b90143e6f7e9342c83386f499fae94.jpg,https://images.salsify.com/image/upload/s--3rqlz-x---/e831c7dfa26823d8aa64003d4dbf5ba18ef9ef1f.jpg,,,,,,,https://www.sennheiser.com/globalassets/digizuite/41353-en-SL_MCR_DW_Product_Specification_v1.4_EN.pdf,https://www.sennheiser.com/globalassets/digizuite/41353-en-SL_MCR_DW_Product_Specification_v1.4_EN.pdf,https://www.sennheiser.com/globalassets/digizuite/41353-en-SL_MCR_DW_Product_Specification_v1.4_EN.pdf,https://www.sennheiser.com/globalassets/digizuite/41353-en-SL_MCR_DW_Product_Specification_v1.4_EN.pdf,https://www.sennheiser.com/globalassets/digizuite/41353-en-SL_MCR_DW_Product_Specification_v1.4_EN.pdf,(1) Wall Mount adapter
Sennheiser,SL PASC 4,390041,"Passive 4-way True Diversity antenna splitter/combiner for the SpeechLine Digital Wireless microphone series with 2 RF inputs and 8 RF outputs, DECT Range (1880 - 1930 MHz)",,1749,1018.98,,_,,615104349797,4044155253474,FR,85177100,663,1.46,350,80,280,13.78,3.15,11.02,,,,,,,,,,https://images.salsify.com/image/upload/s--IDRLtNvx--/c2808a9bb7162e53e1e1da9b7659e17cb8fef088.jpg,https://images.salsify.com/image/upload/s--8ILyVcNn--/bf7e1fbcd917a3b6f23a20aa6cd747166e2682a3.jpg,https://images.salsify.com/image/upload/s--SFK5lbCc--/e2d218196b15804216bb550708aed3a9f95ff7d8.jpg,https://images.salsify.com/image/upload/s--8a-q2QYw--/c366588fc0df5c337eeb777b991e0158de9c6619.jpg,,,,,,,https://www.sennheiser.com/globalassets/digizuite/40479-en-2022_11_SpeechLine_Digital_Wireless_System_Specification_v3.2_EN.pdf,https://www.sennheiser.com/globalassets/digizuite/40479-en-2022_11_SpeechLine_Digital_Wireless_System_Specification_v3.2_EN.pdf,https://www.sennheiser.com/globalassets/digizuite/40479-en-2022_11_SpeechLine_Digital_Wireless_System_Specification_v3.2_EN.pdf,https://www.sennheiser.com/globalassets/digizuite/40479-en-2022_11_SpeechLine_Digital_Wireless_System_Specification_v3.2_EN.pdf,https://www.sennheiser.com/globalassets/digizuite/40479-en-2022_11_SpeechLine_Digital_Wireless_System_Specification_v3.2_EN.pdf,"(1) SL PASC 4 Antenna, (8) SMA-RP cable (length 50 cm), (1) Quick guide, (1) Safety guide"
Sennheiser,SL RACK RECEIVER DW-3-AU,506164,"Speechline Digital Wireless  Single channel receiver.
Half rack - 1.9GHz DECT Operation. Includes PSU",,1349,785.94,,_,,615104251908,4044155091021,DE,85176930,828,1.82,405,73,274,15.94,2.87,10.79,3,7918.36,17.46,435,258,375,17.13,10.16,14.76,https://images.salsify.com/image/upload/s--PQkqsNMU--/d666c862c80dfa8b154fda21a2176fee34e75edd.jpg,https://images.salsify.com/image/upload/s--b68-wW28--/f1972a108812a41c37e48bc6ae2d759a49cdc6c6.jpg,https://images.salsify.com/image/upload/s--XVsXFb6N--/fe20abfd355b097fc803d87b93d9cda1df677aba.jpg,https://images.salsify.com/image/upload/s--ZsAd3ids--/47280d7c72cb7cff77531029af2b3fb999ba08df.jpg,,,,,,,https://www.sennheiser.com/globalassets/digizuite/40474-en-2022_11_SL_Rack_Receiver_DW_Specification_v2.2_EN.pdf,https://www.sennheiser.com/globalassets/digizuite/40474-en-2022_11_SL_Rack_Receiver_DW_Specification_v2.2_EN.pdf,https://www.sennheiser.com/globalassets/digizuite/40474-en-2022_11_SL_Rack_Receiver_DW_Specification_v2.2_EN.pdf,https://www.sennheiser.com/globalassets/digizuite/40474-en-2022_11_SL_Rack_Receiver_DW_Specification_v2.2_EN.pdf,https://www.sennheiser.com/globalassets/digizuite/40474-en-2022_11_SL_Rack_Receiver_DW_Specification_v2.2_EN.pdf,"(1) SL Receiver DW Rack receiver, (1) Power supply, (2) Antennas"
Sennheiser,SL TABLESTAND 133-S DW-3 B,506610,"Speechline Digital Wireless Tablestand transmitter. 1.9GHz  DECT Operation. 
Compatible with all Sennheiser XLR-3 gooseneck microphones (not included). Features the wireless Qi charging standard or charging
via USB. (Use  CHG QI 2 for two mobile devices). Includes rechargeable accupack (BA 40) with up to 10 hours of operating time.",,1829,1065.59,,,,615104263888,4044155098990,RO,85176200,650,1.43,120,"166,7","47,9",4.72,6.56,1.89,5,4788.06,10.56,502,288,259,19.76,11.34,10.20,https://images.salsify.com/image/upload/s--5XCsKvtH--/7dde6ba9969f8f343133fe91c4bf013631819cfb.jpg,,,,,,,,,,https://www.sennheiser.com/globalassets/digizuite/41468-en-SP_1089_v2.0_SL_Tablestand_133-S_DW_Specification_EN.pdf,https://www.sennheiser.com/globalassets/digizuite/41468-en-SP_1089_v2.0_SL_Tablestand_133-S_DW_Specification_EN.pdf,https://www.sennheiser.com/globalassets/digizuite/41468-en-SP_1089_v2.0_SL_Tablestand_133-S_DW_Specification_EN.pdf,https://www.sennheiser.com/globalassets/digizuite/41468-en-SP_1089_v2.0_SL_Tablestand_133-S_DW_Specification_EN.pdf,https://www.sennheiser.com/globalassets/digizuite/41468-en-SP_1089_v2.0_SL_Tablestand_133-S_DW_Specification_EN.pdf,"(1) SL Table stand 133-S DW, (1) BA 40 Rechargeable battery, (1) Quick guide, (1) Safety guide"
Sennheiser,SL TABLESTAND 153-S DW-3 B,506612,"Speechline Digital Wireless Tablestand transmitter. 1.9GHz  DECT Operation. 
Compatible with all Sennheiser XLR-3 gooseneck microphones (not included). Features the wireless Qi charging standard or charging
via USB. (Use  CHG QI 2 for two mobile devices). Includes rechargeable accupack (BA 40) with up to 10 hours of operating time.",,2099,1222.9,,_,,615104263901,4044155099010,DE,85176200,650,1.43,120,"166,7","47,9",4.72,6.56,1.89,5,4798.06,10.58,502,288,259,19.76,11.34,10.20,https://images.salsify.com/image/upload/s--oFgkVSCf--/ec65b4a7b5e930b8e2b946aace8f4efdd8ae6dfa.jpg,https://images.salsify.com/image/upload/s---PyWXr5s--/907472178a5ea425d7274f36e4d7c6b5d4b44dd5.jpg,,,,,,,,,https://www.sennheiser.com/globalassets/digizuite/41473-en-SP_1090_v2.0_SL_Tablestand_153-S_DW_Specification_EN.pdf,https://www.sennheiser.com/globalassets/digizuite/41473-en-SP_1090_v2.0_SL_Tablestand_153-S_DW_Specification_EN.pdf,https://www.sennheiser.com/globalassets/digizuite/41473-en-SP_1090_v2.0_SL_Tablestand_153-S_DW_Specification_EN.pdf,https://www.sennheiser.com/globalassets/digizuite/41473-en-SP_1090_v2.0_SL_Tablestand_153-S_DW_Specification_EN.pdf,https://www.sennheiser.com/globalassets/digizuite/41473-en-SP_1090_v2.0_SL_Tablestand_153-S_DW_Specification_EN.pdf,"(1) SL Table stand 153-S DW, (1) BA 40 Rechargeable battery, (1) Quick guide, (1) Safety guide"
Sennheiser,SL TS 133 GN SET DW-3 AU,506621,"Speechline Digital wireless Gooseneck Set. Includes:
Half rack receiver, Wireless Mic base with 3pin XLR, Mute switch and MEG 14-40 Gooseneck microphone, Cardioid capsule. 1.9GHz DECT Operation. With rack mount kit",,3599,2096.81,,_,,615104264007,4044155099102,RO,85176200,"3302,6",7.27,405,73,350,15.94,2.87,13.78,3,10521.36,23.2,435,258,375,17.13,10.16,14.76,https://images.salsify.com/image/upload/s--lsso_7Gd--/b0b769ff8c6f922983e8e434b76fa2b5a2cbc8d2.jpg,https://images.salsify.com/image/upload/s--ZV04IwsR--/6543e125a2145620ce67107dcfde1b4cc6d501e8.jpg,https://images.salsify.com/image/upload/s--9mqxc44V--/789d6f4d868fc0d148823bd9f446f402b9d7a18e.jpg,https://images.salsify.com/image/upload/s--5XCsKvtH--/7dde6ba9969f8f343133fe91c4bf013631819cfb.jpg,,,,,Condenser,Cardioid,https://www.sennheiser.com/globalassets/digizuite/41478-en-SP_1091_v2.0_SL_TS_133_GN_Set_DW_Specification_EN.pdf,https://www.sennheiser.com/globalassets/digizuite/41478-en-SP_1091_v2.0_SL_TS_133_GN_Set_DW_Specification_EN.pdf,https://www.sennheiser.com/globalassets/digizuite/41478-en-SP_1091_v2.0_SL_TS_133_GN_Set_DW_Specification_EN.pdf,https://www.sennheiser.com/globalassets/digizuite/41478-en-SP_1091_v2.0_SL_TS_133_GN_Set_DW_Specification_EN.pdf,https://www.sennheiser.com/globalassets/digizuite/41478-en-SP_1091_v2.0_SL_TS_133_GN_Set_DW_Specification_EN.pdf,"(1) SL Table stand 133-S DW, (1) MEG 14-40 B Gooseneck microphone, (1) BA 40 Rechargeable battery, (1) SL Rack Receiver DW (incl. Power supply), (1) GA 4 Rackmount kit, (1) Quick guide, (1) Safety guide"
Sennheiser,SL TS 153 GN-L SET DW-3 AU,506622,"Speechline Digital wireless Gooseneck Set. Includes:

Half rack receiver, Wireless Mic base with 5pin XLR Mute switch and MEG 14-40 Gooseneck microphone, Cardioid capsule. 1.9GHz DECT Operation. With rack mount kit",,3899,2271.59,,_,,615104264014,4044155099119,RO,85176200,"3304,6",7.28,405,73,350,15.94,2.87,13.78,3,10527.36,23.21,435,258,375,17.13,10.16,14.76,https://images.salsify.com/image/upload/s--D4zevwu4--/3dfe7ef3e40b6b84bcadae444d8c9b8772ae447b.jpg,https://images.salsify.com/image/upload/s--ao1nfcx1--/c122aea187b56a40d5b8dca5b20d0c18e928a56a.jpg,https://images.salsify.com/image/upload/s--0oGJlnza--/9d88c2a495d4e29bbf51fa3d2c8216a99c576dbf.jpg,https://images.salsify.com/image/upload/s--Vn7koAQ2--/6bbeb50438c71f4f633d88f5899a9cf784bf594d.jpg,https://images.salsify.com/image/upload/s--yX75ukDI--/e4b02756ed2e4a8ba42ab8d0cbd88d920b614598.jpg,https://images.salsify.com/image/upload/s--z-LX215W--/6d9630d4b62a062c65871204dfa1a736fd7ed412.jpg,,,Condenser,Cardioid,https://www.sennheiser.com/globalassets/digizuite/41481-en-SP_1092_v2.0_SL_TS_153_GN-L_Set_DW_Specification_EN.pdf,https://www.sennheiser.com/globalassets/digizuite/41481-en-SP_1092_v2.0_SL_TS_153_GN-L_Set_DW_Specification_EN.pdf,https://www.sennheiser.com/globalassets/digizuite/41481-en-SP_1092_v2.0_SL_TS_153_GN-L_Set_DW_Specification_EN.pdf,https://www.sennheiser.com/globalassets/digizuite/41481-en-SP_1092_v2.0_SL_TS_153_GN-L_Set_DW_Specification_EN.pdf,https://www.sennheiser.com/globalassets/digizuite/41481-en-SP_1092_v2.0_SL_TS_153_GN-L_Set_DW_Specification_EN.pdf,"(1) SL Table stand 153-S DW, (1) MEG 14-40-L-II B Gooseneck microphone with LED light ring, (1) BA 40 Rechargeable battery, (1) SL Rack Receiver DW (incl. Power supply), (1) GA 4 Rackmount kit, (1) Quick guide, (1) Safety guide"
Sennheiser,SR IEM G4-A,509618,Stereo monitoring transmitter. Includes (1) GA3 rackmount kit (516-558 MHz),A (516 - 558 MHz),1349,785.94,,_,,615104365889,4044155262704,RO,85176990,980,2.16,405,73,350,15.94,2.87,13.78,3,8312.14,18.32,435,258,375,17.13,10.16,14.76,https://images.salsify.com/image/upload/s--zfy4172X--/44a0d77fa006179ce4730d85618d859ef66e1c9d.jpg,https://images.salsify.com/image/upload/s--DzPdxzGR--/0e04998e71aed3ee5181395a4f1cd67242956280.jpg,https://images.salsify.com/image/upload/s--ysnhm0kV--/e70d55f1735a9cc6de8ed2f70d8e18929d757cfd.jpg,,,,,,,,https://www.sennheiser.com/globalassets/digizuite/41537-en-SP_1130_v2.0_SR_IEM_G4_Product_Specification_EN.pdf,https://www.sennheiser.com/globalassets/digizuite/41537-en-SP_1130_v2.0_SR_IEM_G4_Product_Specification_EN.pdf,https://www.sennheiser.com/globalassets/digizuite/41537-en-SP_1130_v2.0_SR_IEM_G4_Product_Specification_EN.pdf,https://www.sennheiser.com/globalassets/digizuite/41537-en-SP_1130_v2.0_SR_IEM_G4_Product_Specification_EN.pdf,https://www.sennheiser.com/globalassets/digizuite/41537-en-SP_1130_v2.0_SR_IEM_G4_Product_Specification_EN.pdf,"(1) SR IEM G4 Stereo transmitter, (1) Rod antenna, (1) NT 2-3 Power supply, (1) GA 3 Rackmount set, (1) Quick guide, (1) Safety guide, (1) Manufacturer declaration sheet"
Sennheiser,SR IEM G4-B,509620,"Stereo monitoring transmitter. Includes (1) GA3 rackmount kit, frequency range: B (626 - 668 MHz)",B (626 - 668 MHz),1349,785.94,,_,,615104365926,4044155262728,RO,85176990,980,2.16,405,73,350,15.94,2.87,13.78,3,8372.14,18.46,435,258,375,17.13,10.16,14.76,https://images.salsify.com/image/upload/s--zfy4172X--/44a0d77fa006179ce4730d85618d859ef66e1c9d.jpg,https://images.salsify.com/image/upload/s--DzPdxzGR--/0e04998e71aed3ee5181395a4f1cd67242956280.jpg,https://images.salsify.com/image/upload/s--ysnhm0kV--/e70d55f1735a9cc6de8ed2f70d8e18929d757cfd.jpg,,,,,,,,https://www.sennheiser.com/globalassets/digizuite/41537-en-SP_1130_v2.0_SR_IEM_G4_Product_Specification_EN.pdf,https://www.sennheiser.com/globalassets/digizuite/41537-en-SP_1130_v2.0_SR_IEM_G4_Product_Specification_EN.pdf,https://www.sennheiser.com/globalassets/digizuite/41537-en-SP_1130_v2.0_SR_IEM_G4_Product_Specification_EN.pdf,https://www.sennheiser.com/globalassets/digizuite/41537-en-SP_1130_v2.0_SR_IEM_G4_Product_Specification_EN.pdf,https://www.sennheiser.com/globalassets/digizuite/41537-en-SP_1130_v2.0_SR_IEM_G4_Product_Specification_EN.pdf,"(1) SR IEM G4 Stereo transmitter, (1) Rod antenna, (1) NT 2-3 Power supply, (1) GA 3 Rackmount set, (1) Quick guide, (1) Safety guide, (1) Manufacturer declaration sheet"
Sennheiser,SZU 1032,003744,"Carrying sling for Handheld transmitter microphones, compatible with SKM 100/300/500/2000/2020-D, black, 34mm diameter",,39,22.72,,,,615104037441,4006087037447,DE,56090000,30,0.07,,,,,,,70,2681.56,5.91,504,288,319,19.84,11.34,12.56,https://images.salsify.com/image/upload/s--LkPlQQxX--/2698b08d9b951368750ed9f2b328a7a916048ce6.jpg,,,,,,,,,,,,,,,(1) SZU 1032 Carrying sling
Sennheiser,TEMPLE PAD FOR HMD 301 PRO,508586,Replacement temple pad (1 pc.) for single sided Headset HMD 301 PRO,,24.95,14.54,,,,615104326323,4044155244618,CN,85189000,10,0.02,225,"0,2",135,8.86,0.01,5.31,15,280.56,0.62,194,178,149,7.64,7.01,5.87,https://images.salsify.com/image/upload/s--HuFuCGlA--/849d91d53db731ce3d4715fd61d87bffa1889f7a.jpg,,,,,,,,,,,,,,,(1) TEMPLE PAD FOR HMD 301 PRO
Sennheiser,TWISTED CABLE FOR IE400/500,507478,"Twisted eplacement cable for IE 400/500 Pro. 1,3m length with 3,5mm jack connector, clear",,159,92.63,,,,615104304543,4044155227307,CN,85444290,15,0.03,225,"0,2",135,8.86,0.01,5.31,20,410.56,0.91,194,178,149,7.64,7.01,5.87,https://images.salsify.com/image/upload/s--dzH1GTck--/af8a6456a300519ccdac2f9cca6bfa7d7b8e627f.jpg,,,,,,,,,,,,,,,(1) Twisted cable for IE 400/500
Sennheiser,USB-C CABLE (3M),700103,3 m USB-C Cable,,39.95,23.28,,,,615104379985,4044155271942,CN,85444290,114,0.25,110,31,109,4.33,1.22,4.29,54,7203.0,15.88,344,246,312,13.54,9.69,12.28,https://images.salsify.com/image/upload/s--mywfrSs3--/a0e9f0b94c8e3f3ef316fa3c60e4f7a9450cbb9a.jpg,,,,,,,,,,,,,,,(1) USB-C Cable (3m)
Sennheiser,XS LAV - FOAM WINDSHIELD,509296,Foam windshield for XS Lav USB-C and XS Lav Mobile,,9.95,5.8,,,,615104103177,4044155267419,CN,39269097,8,0.02,225,15,135,8.86,0.59,5.31,100,1120.0,2.47,500,150,230,19.69,5.91,9.06,https://images.salsify.com/image/upload/s--LkPlQQxX--/2698b08d9b951368750ed9f2b328a7a916048ce6.jpg,,,,,,,,,,,,,,,(1) XS Lav - Foam Windshield
Sennheiser,XS LAV Mobile,509260,"Omnidirectional lavalier microphone with 2 m (6.6') cable and 3.5 mm TRRS connector designed for use with mobile devices and computers for recording purposes. Note: TRRS connection will disable audio output on jack connector; for two-way communication needs, use XS Lav USB-C.  Includes (1) (1) Foam windshield for XS Lav, (1) Lavalier clip and (1) Pouch",,99,57.68,,,,615104359482,4044155259049,CN,85181000,19,0.04,178,35,128,7.01,1.38,5.04,20,2160.0,4.76,385,215,265,15.16,8.46,10.43,https://images.salsify.com/image/upload/s--PQUWPUOk--/ee01a806c4197b23a39c90f8bb02d8ee319f6ce7.jpg,https://images.salsify.com/image/upload/s--3cc0eaFp--/1c3f7cb091388511b1daf642926ec362410cfe26.jpg,,,,,,,Electret Condenser,Omnidirectional,https://www.sennheiser.com/globalassets/digizuite/41791-en-SP_1304_v1.0_XS_Lav_Mobile_EN.pdf,https://www.sennheiser.com/globalassets/digizuite/41791-en-SP_1304_v1.0_XS_Lav_Mobile_EN.pdf,https://www.sennheiser.com/globalassets/digizuite/41791-en-SP_1304_v1.0_XS_Lav_Mobile_EN.pdf,https://www.sennheiser.com/globalassets/digizuite/41791-en-SP_1304_v1.0_XS_Lav_Mobile_EN.pdf,https://www.sennheiser.com/globalassets/digizuite/41791-en-SP_1304_v1.0_XS_Lav_Mobile_EN.pdf,"(1) XS Lav Lavalier microphone, (1) 3.5 mm TRRS connector and 
2 m (6.6Õ) cable, (1) ME 2-II Microphone clip, (1) XS Lav Windscreen, (1) Storage pouch"
Sennheiser,XS LAV USB-C,509261,"Omnidirectional lavalier microphone with 2 m (6.6') cable and USB-C connector designed for use with mobile devices and computers with USB-C inputs. Note: Third party USB-C to USB-A adapters may be used for connectivity to USB-A devices.  Includes (1) Foam windshield for XS Lav, (1) Lavalier clip and (1) Pouch",,119,69.33,,,,615104359512,4044155259056,CN,85181000,17,0.04,178,35,128,7.01,1.38,5.04,20,2160.0,4.76,385,215,265,15.16,8.46,10.43,https://images.salsify.com/image/upload/s--y18hcZOd--/76db4a7405d5386a0183b50ee75842cd6b8f3449.jpg,https://images.salsify.com/image/upload/s--y71L4K5Q--/9205afb9fc80463f372a687c3aad51cc03ae567c.jpg,,,,,,,Electret Condenser,Omnidirectional,https://www.sennheiser.com/globalassets/digizuite/41792-en-SP_1305_v1.1_XS_Lav_USB-C_EN.pdf,https://www.sennheiser.com/globalassets/digizuite/41792-en-SP_1305_v1.1_XS_Lav_USB-C_EN.pdf,https://www.sennheiser.com/globalassets/digizuite/41792-en-SP_1305_v1.1_XS_Lav_USB-C_EN.pdf,https://www.sennheiser.com/globalassets/digizuite/41792-en-SP_1305_v1.1_XS_Lav_USB-C_EN.pdf,https://www.sennheiser.com/globalassets/digizuite/41792-en-SP_1305_v1.1_XS_Lav_USB-C_EN.pdf,"(1) XS Lav Lavalier microphone, (1) USB-C connector and 2 m (6.6Õ) cable, (1) ME 2-II Microphone clip, (1) XS Lav Windscreen, (1) Storage pouch"
Sennheiser,XS LAV USB-C MOBILE KIT,509259,"USB-C lavalier kit. Includes (1) XS Lav USB-C lavalier microphone, (1) Manfrotto PIXI Mini Tripod, (1) Smartphone clamp with cold-shoe mount, (1) Foam windshield for XS Lav, (1) Lavalier clip and (1) Pouch",,199,115.94,,,,615104359468,4044155259032,CN,85181000,17,0.04,240,70,115,9.45,2.76,4.53,20,10825.0,23.86,485,260,360,19.09,10.24,14.17,https://images.salsify.com/image/upload/s--5CJwh9sQ--/a91a55ee2584e9f7a5acce0cd333de103deaa2c9.jpg,https://images.salsify.com/image/upload/s--yxNIz-dQ--/d0ef2069bdbfc8d53f3c9a157e1d349712c111e9.jpg,https://images.salsify.com/image/upload/s--yACiwqLE--/79b064caed7f52d0352234d56aa4ab0f402755ed.jpg,https://images.salsify.com/image/upload/s--SslhDYfL--/da0463fb360ee1fa9d19a1223bed02614745c75a.jpg,https://images.salsify.com/image/upload/s--s3Pw7kBw--/090c181592e68d7862916105b1c72e5fc8221916.jpg,,,,Electret Condenser,Omnidirectional,https://www.sennheiser.com/globalassets/digizuite/41792-en-SP_1305_v1.1_XS_Lav_USB-C_EN.pdf,https://www.sennheiser.com/globalassets/digizuite/41792-en-SP_1305_v1.1_XS_Lav_USB-C_EN.pdf,https://www.sennheiser.com/globalassets/digizuite/41792-en-SP_1305_v1.1_XS_Lav_USB-C_EN.pdf,https://www.sennheiser.com/globalassets/digizuite/41792-en-SP_1305_v1.1_XS_Lav_USB-C_EN.pdf,https://www.sennheiser.com/globalassets/digizuite/41792-en-SP_1305_v1.1_XS_Lav_USB-C_EN.pdf,"(1) XS Lav Lavalier microphone, (1) USB-C connector and 2 m (6.6Õ) cable, (1) Manfrotto PIXI mini tripod, (1) Sennheiser Smartphone Clamp, (1) ME 2-II Microphone clip, (1) XS Lav Windscreen, (1) Storage pouch"
Sennheiser,XSW 1-825 DUAL-A,508263,"Wireless dual vocal set. Includes (2) SKM 825-XSW handheld transmitters with mute switch and e 825 capsules (cardioid, dynamic), (1) EM-XSW 1 DUAL stationary receiver with internal antennas, (2) MZQ 1 microphone clips, (1) NT 12-5 CW power supply and (2) pairs AA batteries, frequency range: A (548-572 MHz)",A (548 - 572 MHz),1219,710.2,,,,615104315471,4044155238242,TW,85181000,330,0.73,430,85,345,16.93,3.35,13.58,3,7430.0,16.38,300,515,385,11.81,20.28,15.16,https://images.salsify.com/image/upload/s--SF1y9vwb--/cbff6153fe8af31ac872f69c5bd9388b0c0beb0f.jpg,https://images.salsify.com/image/upload/s--EKnCOsyl--/8197c2bf101411bb60eca31249fe397895386bf8.jpg,https://images.salsify.com/image/upload/s--Gr-ppPUZ--/e5adb363c111bbecf5b980e6fc6f75540a300911.jpg,https://images.salsify.com/image/upload/s--HXG50bp8--/d9cbed0c4aa20dcb798fb94254f820f55249dfe4.jpg,,,,,Dynamic,Cardioid,,,,,,"(1) EM-XSW 1 DUAL Rack receiver, (2) SKM 825-XSW Handheld transmitter, (2) MZQ 1 Microphone clip, (1) NT 12-5CW Power supply with country adapters, (4) AA Batteries"
Sennheiser,XSW 1-825 DUAL-BC,508617,"Wireless dual vocal set. Includes (2) SKM 825-XSW handheld transmitters with mute switch and e 825 capsule (cardioid, dynamic), (1) EM-XSW 1 DUAL two-channel stationary receiver with internal antennas, (2) MZQ 1 microphone clips and (1) NT 12-5 CW power supply, frequency range: BC (670-694 MHz)",BC (670-694 MHz),1219,710.2,,,,615104331389,4044155246070,TW,85181000,330,0.73,430,345,85,16.93,13.58,3.35,3,7430.0,16.38,300,515,385,11.81,20.28,15.16,https://images.salsify.com/image/upload/s--SF1y9vwb--/cbff6153fe8af31ac872f69c5bd9388b0c0beb0f.jpg,https://images.salsify.com/image/upload/s--EKnCOsyl--/8197c2bf101411bb60eca31249fe397895386bf8.jpg,https://images.salsify.com/image/upload/s--Gr-ppPUZ--/e5adb363c111bbecf5b980e6fc6f75540a300911.jpg,https://images.salsify.com/image/upload/s--HXG50bp8--/d9cbed0c4aa20dcb798fb94254f820f55249dfe4.jpg,,,,,Dynamic,Cardioid,,,,,,"(1) EM-XSW 1 DUAL Rack receiver, (2) SKM 825-XSW Handheld transmitter, (2) MZQ 1 Microphone clip, (1) NT 12-5CW Power supply with country adapters, (4) AA Batteries"
Sennheiser,XSW 1-825-A,507108,Complete Vocal system : SKM 825 XSW handheld transmitter with 825 dynamic cardioid capsule  EM XSW1 mains powered receiver  plug pack power supply  2 antennae  2 AA batteries 548 - 572 MHz,A (548 - 572 MHz),609,354.81,,,,615104278615,4044155213348,TW,85181000,340,0.75,348,86,345,13.70,3.39,13.58,3,5047.0,11.13,300,380,400,11.81,14.96,15.75,https://images.salsify.com/image/upload/s--J-oOzy0W--/b1842dd19e4c360c6ac8058ac54e8f4ad1688f3b.jpg,https://images.salsify.com/image/upload/s--d95yFZR4--/ca93e8199856fea2d0bb32864e2d196bd5722b49.jpg,https://images.salsify.com/image/upload/s--d95yFZR4--/ca93e8199856fea2d0bb32864e2d196bd5722b49.jpg,https://images.salsify.com/image/upload/s--V69XIds8--/ea31ab85f112535eab97e9f00d896d241cee76ad.jpg,https://images.salsify.com/image/upload/s--4oVQC-rz--/3e0aa8a8820187b278714dc2cf811901bd963360.jpg,https://images.salsify.com/image/upload/s--srFEn5ut--/9df98f3b68de19fb18213ce321d0fee31b5766ed.jpg,,,Dynamic,Cardioid,,,,,,"(1) EM-XSW 1 Rack receiver, (1) SKM 825-XSW Handheld transmitter, (1) MZQ 1 Microphone clip, (1) NT 12-5CW Power supply with country adapters, (2) AA Batteries"
Sennheiser,XSW 1-825-BC,507455,"Wireless vocal set. Includes (1) SKM 825-XSW handheld transmitter with mute switch and e825 capsule (cardioid, dynamic), (1) MZQ 1 mic clip, (1) EM-XSW 1 stationary receiver with internal antennas and (1) NT 12-5 CW power supply, frequency range: BC (670-694 MHz)",BC (670-694 MHz),609,354.81,,,,615104303546,4044155226300,TW,85181000,340,0.75,348,86,345,13.70,3.39,13.58,3,5047.0,11.13,300,380,400,11.81,14.96,15.75,https://images.salsify.com/image/upload/s--J-oOzy0W--/b1842dd19e4c360c6ac8058ac54e8f4ad1688f3b.jpg,https://images.salsify.com/image/upload/s--d95yFZR4--/ca93e8199856fea2d0bb32864e2d196bd5722b49.jpg,https://images.salsify.com/image/upload/s--d95yFZR4--/ca93e8199856fea2d0bb32864e2d196bd5722b49.jpg,https://images.salsify.com/image/upload/s--V69XIds8--/ea31ab85f112535eab97e9f00d896d241cee76ad.jpg,https://images.salsify.com/image/upload/s--4oVQC-rz--/3e0aa8a8820187b278714dc2cf811901bd963360.jpg,https://images.salsify.com/image/upload/s--srFEn5ut--/9df98f3b68de19fb18213ce321d0fee31b5766ed.jpg,,,Dynamic,Cardioid,,,,,,"(1) EM-XSW 1 Rack receiver, (1) SKM 825-XSW Handheld transmitter, (1) MZQ 1 Microphone clip, (1) NT 12-5CW Power supply with country adapters, (2) AA Batteries"
Sennheiser,XSW 1-835 DUAL-A,508270,"Wireless dual vocal set. Includes (2) SKM 835-XSW handheld transmitters with mute switch and e 835 capsules (cardioid, dynamic), (1) EM-XSW 1 DUAL stationary receiver with internal antennas, (2) MZQ 1 microphone clips, (1) NT 12-5 CW power supply and (2) pairs AA batteries, frequency range: A (548-572 MHz)",A (548 - 572 MHz),1429,832.55,,,,615104315549,4044155238310,TW,85181000,330,0.73,430,85,345,16.93,3.35,13.58,3,7430.0,16.38,300,515,385,11.81,20.28,15.16,https://images.salsify.com/image/upload/s--SF1y9vwb--/cbff6153fe8af31ac872f69c5bd9388b0c0beb0f.jpg,https://images.salsify.com/image/upload/s--EKnCOsyl--/8197c2bf101411bb60eca31249fe397895386bf8.jpg,https://images.salsify.com/image/upload/s--Gr-ppPUZ--/e5adb363c111bbecf5b980e6fc6f75540a300911.jpg,https://images.salsify.com/image/upload/s--HXG50bp8--/d9cbed0c4aa20dcb798fb94254f820f55249dfe4.jpg,,,,,Dynamic,Cardioid,,,,,,"(1) EM-XSW 1 DUAL Rack receiver, (2) SKM 835-XSW Handheld transmitter, (2) MZQ 1 Microphone clip, (1) NT 12-5CW Power supply with country adapters, (4) AA Batteries"
Sennheiser,XSW 1-835 DUAL-BC,508618,"Wireless dual vocal set. Includes (2) SKM 835-XSW handheld transmitters with mute switch and e 835 capsule (cardioid, dynamic), (2) MZQ 1 microphone clips, (1) EM-XSW 1 DUAL two-channel stationary receiver with internal antennas and (1) NT 12-5 CW power supply, frequency range: BC (670-694 MHz)",BC (670-694 MHz),1429,832.55,,,,615104331396,4044155246087,TW,85181000,330,0.73,430,345,85,16.93,13.58,3.35,3,7430.0,16.38,300,515,385,11.81,20.28,15.16,https://images.salsify.com/image/upload/s--SF1y9vwb--/cbff6153fe8af31ac872f69c5bd9388b0c0beb0f.jpg,https://images.salsify.com/image/upload/s--EKnCOsyl--/8197c2bf101411bb60eca31249fe397895386bf8.jpg,https://images.salsify.com/image/upload/s--Gr-ppPUZ--/e5adb363c111bbecf5b980e6fc6f75540a300911.jpg,https://images.salsify.com/image/upload/s--HXG50bp8--/d9cbed0c4aa20dcb798fb94254f820f55249dfe4.jpg,,,,,Dynamic,Cardioid,,,,,,"(1) EM-XSW 1 DUAL Rack receiver, (2) SKM 835-XSW Handheld transmitter, (2) MZQ 1 Microphone clip, (1) NT 12-5CW Power supply with country adapters, (4) AA Batteries"
Sennheiser,XSW 1-835-A,507115,Complete Vocal system : SKM 835 XSW handheld transmitter with 835 superior cardioid dynamic capsule  EM XSW1 mains powered receiver  plug pack power supply  2 antennae  2 AA batteries 548 - 572 MHz,A (548 - 572 MHz),709,413.07,,,,615104278790,4044155213416,TW,85181000,340,0.75,348,86,345,13.70,3.39,13.58,3,5047.0,11.13,300,380,400,11.81,14.96,15.75,https://images.salsify.com/image/upload/s--J-oOzy0W--/b1842dd19e4c360c6ac8058ac54e8f4ad1688f3b.jpg,https://images.salsify.com/image/upload/s--d95yFZR4--/ca93e8199856fea2d0bb32864e2d196bd5722b49.jpg,https://images.salsify.com/image/upload/s--d95yFZR4--/ca93e8199856fea2d0bb32864e2d196bd5722b49.jpg,https://images.salsify.com/image/upload/s--V69XIds8--/ea31ab85f112535eab97e9f00d896d241cee76ad.jpg,https://images.salsify.com/image/upload/s--4oVQC-rz--/3e0aa8a8820187b278714dc2cf811901bd963360.jpg,https://images.salsify.com/image/upload/s--srFEn5ut--/9df98f3b68de19fb18213ce321d0fee31b5766ed.jpg,,,Dynamic,Cardioid,,,,,,"(1) EM-XSW 1 Rack receiver, (1) SKM 835-XSW Handheld transmitter, (1) MZQ 1 Microphone clip, (1) NT 12-5CW Power supply with country adapters, (2) AA Batteries"
Sennheiser,XSW 1-835-BC,507456,"Wireless vocal set. Includes (1) SKM 835-XSW handheld transmitter with mute switch and e835 capsule (cardioid, dynamic), (1) MZQ 1 mic clip, (1) EM-XSW 1 stationary receiver with internal antennas and (1) NT 12-5 CW power supply, frequency range: BC (670-694 MHz)",BC (670-694 MHz),709,413.07,,,,615104303553,4044155226317,TW,85181000,340,0.75,348,86,345,13.70,3.39,13.58,3,5047.0,11.13,300,380,400,11.81,14.96,15.75,https://images.salsify.com/image/upload/s--J-oOzy0W--/b1842dd19e4c360c6ac8058ac54e8f4ad1688f3b.jpg,https://images.salsify.com/image/upload/s--d95yFZR4--/ca93e8199856fea2d0bb32864e2d196bd5722b49.jpg,https://images.salsify.com/image/upload/s--d95yFZR4--/ca93e8199856fea2d0bb32864e2d196bd5722b49.jpg,https://images.salsify.com/image/upload/s--V69XIds8--/ea31ab85f112535eab97e9f00d896d241cee76ad.jpg,https://images.salsify.com/image/upload/s--4oVQC-rz--/3e0aa8a8820187b278714dc2cf811901bd963360.jpg,https://images.salsify.com/image/upload/s--srFEn5ut--/9df98f3b68de19fb18213ce321d0fee31b5766ed.jpg,,,Dynamic,Cardioid,,,,,,"(1) EM-XSW 1 Rack receiver, (1) SKM 835-XSW Handheld transmitter, (1) MZQ 1 Microphone clip, (1) NT 12-5CW Power supply with country adapters, (2) AA Batteries"
Sennheiser,XSW 1-CI1-A,506994,Complete Instrument System: includes SK XSW bodypack transmitter  6.5mm jack to mini-jack input cable  EM XSW1 mains powered receiver  plug pack power supply  2 antennae  2 AA batteries.  548 - 572 MHz,A (548 - 572 MHz),609,354.81,,,,615104278448,4044155213201,TW,85176990,340,0.75,348,86,345,13.70,3.39,13.58,3,4540.0,10.01,300,380,400,11.81,14.96,15.75,https://images.salsify.com/image/upload/s--y5zVcYRe--/e58d58fbb9a48138d9a79ec0e48219f5a89ba1db.jpg,https://images.salsify.com/image/upload/s--L9eNnZn8--/112018eee233d1b1b7c9be4cddcea0d159945610.jpg,https://images.salsify.com/image/upload/s--t-KRYhoA--/7f861dbec408c4ebf8254ba748d3557452fca1f2.jpg,https://images.salsify.com/image/upload/s--rlGhvucC--/6364e84404131887514b4acff10dd9f905506268.jpg,https://images.salsify.com/image/upload/s--WOLdtFbm--/31f4d7f1934ca8b48468474f8aa494ad3c69775b.jpg,,,,,,,,,,,"(1) EM-XSW 1 Rack receiver, (1) SK-XSW Bodypack transmitter, (1) CI 1 Instrument cable, (1) NT 12-5CW Power supply with country adapters, (2) AA Batteries"
Sennheiser,XSW 1-CI1-BC,507453,"Wireless instrument set. Includes (1) SK-XSW bodypack transmitter, (1) Ci 1 instrument cable, (1) EM-XSW 1 stationary receiver with internal antennas and (1) NT 12-5 CW power supply, frequency range: BC (670-694 MHz)",BC (670-694 MHz),609,354.81,,,,615104303522,4044155226287,TW,85176990,340,0.75,348,86,345,13.70,3.39,13.58,3,4540.0,10.01,300,380,400,11.81,14.96,15.75,https://images.salsify.com/image/upload/s--y5zVcYRe--/e58d58fbb9a48138d9a79ec0e48219f5a89ba1db.jpg,https://images.salsify.com/image/upload/s--L9eNnZn8--/112018eee233d1b1b7c9be4cddcea0d159945610.jpg,https://images.salsify.com/image/upload/s--t-KRYhoA--/7f861dbec408c4ebf8254ba748d3557452fca1f2.jpg,https://images.salsify.com/image/upload/s--rlGhvucC--/6364e84404131887514b4acff10dd9f905506268.jpg,https://images.salsify.com/image/upload/s--WOLdtFbm--/31f4d7f1934ca8b48468474f8aa494ad3c69775b.jpg,,,,,,,,,,,"(1) EM-XSW 1 Rack receiver, (1) SK-XSW Bodypack transmitter, (1) CI 1 Instrument cable, (1) NT 12-5CW Power supply with country adapters, (2) AA Batteries"
Sennheiser,XSW 1-ME2-A,506980,Complete XSW Lapel : includes ME 2 omni-directional lapel microphone with clip  SK XSW bodypack transmitter  EM XSW1 mains powered receiver  plug pack power supply  2 antennae  2 AA batteries. 548 - 572 MHz,A (548 - 572 MHz),769,448.03,,,,615104278431,4044155213195,TW,85181000,340,0.75,348,86,345,13.70,3.39,13.58,3,4300.0,9.48,300,380,400,11.81,14.96,15.75,https://images.salsify.com/image/upload/s--W4mz-aRs--/0a83e90b7603d74364207fe1e8c3e585842e1992.jpg,https://images.salsify.com/image/upload/s--L9eNnZn8--/112018eee233d1b1b7c9be4cddcea0d159945610.jpg,https://images.salsify.com/image/upload/s--t-KRYhoA--/7f861dbec408c4ebf8254ba748d3557452fca1f2.jpg,https://images.salsify.com/image/upload/s--rlGhvucC--/6364e84404131887514b4acff10dd9f905506268.jpg,https://images.salsify.com/image/upload/s--Lt66TN1l--/ddbf55fa0714c0172de118e491e9e7a0475e690b.jpg,,,,Electret Condenser,Omnidirectional,,,,,,"(1) EM-XSW 1 Rack receiver, (1) SK-XSW Bodypack transmitter, (1) ME 2 Lavalier microphone, (1) NT 12-5CW Power supply with country adapters, (2) AA Batteries"
Sennheiser,XSW 1-ME2-BC,507451,"Wireless lavalier set. Includes (1) SK-XSW bodypack transmitter, (1) ME 2-II lavalier microphone (omnidirectional, condenser), (1) EM-XSW 1 stationary receiver with internal antennas and (1) NT 12-5 CW power supply, frequency range: BC (670-694 MHz)",BC (670-694 MHz),769,448.03,,,,615104303508,4044155226263,TW,85181000,340,0.75,348,86,345,13.70,3.39,13.58,3,4300.0,9.48,300,380,400,11.81,14.96,15.75,https://images.salsify.com/image/upload/s--W4mz-aRs--/0a83e90b7603d74364207fe1e8c3e585842e1992.jpg,https://images.salsify.com/image/upload/s--L9eNnZn8--/112018eee233d1b1b7c9be4cddcea0d159945610.jpg,https://images.salsify.com/image/upload/s--t-KRYhoA--/7f861dbec408c4ebf8254ba748d3557452fca1f2.jpg,https://images.salsify.com/image/upload/s--rlGhvucC--/6364e84404131887514b4acff10dd9f905506268.jpg,https://images.salsify.com/image/upload/s--Lt66TN1l--/ddbf55fa0714c0172de118e491e9e7a0475e690b.jpg,,,,Electret Condenser,Omnidirectional,,,,,,"(1) EM-XSW 1 Rack receiver, (1) SK-XSW Bodypack transmitter, (1) ME 2 Lavalier microphone, (1) NT 12-5CW Power supply with country adapters, (2) AA Batteries"
Sennheiser,XSW 1-ME3-A,506987,Complete Headset system: includes ME 3 cardioid head microphone with clip  SK XSW bodypack transmitter  EM XSW1 mains powered receiver  plug pack power supply  2 antennae  2 AA batteries. 548 - 572 MHz,A (548 - 572 MHz),809,471.33,,,,615104278363,4044155213126,TW,85181000,340,0.75,348,86,345,13.70,3.39,13.58,3,4567.0,10.07,300,380,400,11.81,14.96,15.75,https://images.salsify.com/image/upload/s--dAxEOGXi--/a923a5a0fbd09316753fc8fca392034bd0869adb.jpg,https://images.salsify.com/image/upload/s--L9eNnZn8--/112018eee233d1b1b7c9be4cddcea0d159945610.jpg,https://images.salsify.com/image/upload/s--t-KRYhoA--/7f861dbec408c4ebf8254ba748d3557452fca1f2.jpg,https://images.salsify.com/image/upload/s--rlGhvucC--/6364e84404131887514b4acff10dd9f905506268.jpg,https://images.salsify.com/image/upload/s--cmPUNnf6--/5b733c956120e54f93ecedbbd09fe41ea84a92b5.jpg,,,,Electret Condenser,Cardioid,,,,,,"(1) EM-XSW 1 Rack receiver, (1) SK-XSW Bodypack transmitter, (1) ME 3 Headset microphone, (1) NT 12-5CW Power supply with country adapters, (2) AA Batteries"
Sennheiser,XSW 1-ME3-BC,507452,"Wireless headmic set. Includes (1) SK-XSW bodypack transmitter, (1) ME 3-II lavalier headmic (cardioid, condenser), (1) EM-XSW 1 stationary receiver with internal antennas and (1) NT 12-5 CW power supply, frequency range: BC (670-694 MHz)",BC (670-694 MHz),809,471.33,,,,615104303515,4044155226270,TW,85181000,340,0.75,348,86,345,13.70,3.39,13.58,3,4567.0,10.07,300,380,400,11.81,14.96,15.75,https://images.salsify.com/image/upload/s--dAxEOGXi--/a923a5a0fbd09316753fc8fca392034bd0869adb.jpg,https://images.salsify.com/image/upload/s--L9eNnZn8--/112018eee233d1b1b7c9be4cddcea0d159945610.jpg,https://images.salsify.com/image/upload/s--t-KRYhoA--/7f861dbec408c4ebf8254ba748d3557452fca1f2.jpg,https://images.salsify.com/image/upload/s--rlGhvucC--/6364e84404131887514b4acff10dd9f905506268.jpg,https://images.salsify.com/image/upload/s--cmPUNnf6--/5b733c956120e54f93ecedbbd09fe41ea84a92b5.jpg,,,,Electret Condenser,Cardioid,,,,,,"(1) EM-XSW 1 Rack receiver, (1) SK-XSW Bodypack transmitter, (1) ME 3 Headset microphone, (1) NT 12-5CW Power supply with country adapters, (2) AA Batteries"
Sennheiser,XSW 2-835-A,507143,Complete XSW2 Vocal system : SKM 835 XSW handheld transmitter with 835 dynamic cardioid capsule  EM XSW2 mains powered receiver  plug pack power supply  2 antennae  2 AA batteries 548 - 572 MHz,A (548 - 572 MHz),919,535.42,,,,615104279902,4044155214079,TW,85181000,680,1.50,348,86,345,13.70,3.39,13.58,3,7879.0,17.37,300,380,400,11.81,14.96,15.75,https://images.salsify.com/image/upload/s--kiV3-ZAU--/54e56e943a36640833fdc74cf7976230f6971feb.jpg,https://images.salsify.com/image/upload/s--UXuwZxij--/b13929ca069cd26b596c91f6a35c534c08181179.jpg,https://images.salsify.com/image/upload/s--jlwUBl7s--/0c4778ca5dcd0194bf4cd88019cd8b63c3fdd75c.jpg,https://images.salsify.com/image/upload/s--LEUNtUh_--/9a61019879717cf4949176261874a37fd16192a5.jpg,https://images.salsify.com/image/upload/s--qdZXbSDl--/e717f5f4539bac8f7164bb0eef0b748e75d38ffa.jpg,,,,Dynamic,Cardioid,,,,,,"(1) EM-XSW 2 Rack receiver, (1) SKM 835-XSW Handheld transmitter, (1) MZQ 1 Microphone clip, (1) GA 1-XSW 2 Rackmount kit, (1) NT 12-5CW Power supply with country adapters, (2) AA Batteries"
Sennheiser,XSW 2-835-BC,507460,"Wireless vocal  set. Includes (1) SKM 835-XSW handheld transmitter with mute switch and e835 capsule (cardioid, dynamic), (1) MZQ 1 mic clip, (1) EM-XSW 2 true diversity receiver, (1) NT 12-5 CW power supply and (1) GA 1 XSW 2 rackmount, frequency range: BC (670-694 MHz)",BC (670-694 MHz),919,535.42,,,,615104303591,4044155226355,TW,85181000,680,1.50,348,86,345,13.70,3.39,13.58,3,7879.0,17.37,300,380,400,11.81,14.96,15.75,https://images.salsify.com/image/upload/s--kiV3-ZAU--/54e56e943a36640833fdc74cf7976230f6971feb.jpg,https://images.salsify.com/image/upload/s--UXuwZxij--/b13929ca069cd26b596c91f6a35c534c08181179.jpg,https://images.salsify.com/image/upload/s--jlwUBl7s--/0c4778ca5dcd0194bf4cd88019cd8b63c3fdd75c.jpg,https://images.salsify.com/image/upload/s--LEUNtUh_--/9a61019879717cf4949176261874a37fd16192a5.jpg,https://images.salsify.com/image/upload/s--qdZXbSDl--/e717f5f4539bac8f7164bb0eef0b748e75d38ffa.jpg,,,,Dynamic,Cardioid,,,,,,"(1) EM-XSW 2 Rack receiver, (1) SKM 835-XSW Handheld transmitter, (1) MZQ 1 Microphone clip, (1) GA 1-XSW 2 Rackmount kit, (1) NT 12-5CW Power supply with country adapters, (2) AA Batteries"
Sennheiser,XSW 2-865-A,507150,Complete XSW2 Condensor Vocal system : SKM 865 XSW handheld transmitter with 865 condensor super-cardioid capsule  EM XSW2 mains powered receiver  plug pack power supply  2 antennae  2 AA batteries 548 - 572 MHz,A (548 - 572 MHz),1019,593.68,,,,615104279971,4044155214147,TW,85181000,680,1.50,348,86,345,13.70,3.39,13.58,3,7879.0,17.37,300,380,400,11.81,14.96,15.75,https://images.salsify.com/image/upload/s--kiV3-ZAU--/54e56e943a36640833fdc74cf7976230f6971feb.jpg,https://images.salsify.com/image/upload/s--UXuwZxij--/b13929ca069cd26b596c91f6a35c534c08181179.jpg,https://images.salsify.com/image/upload/s--jlwUBl7s--/0c4778ca5dcd0194bf4cd88019cd8b63c3fdd75c.jpg,https://images.salsify.com/image/upload/s--LEUNtUh_--/9a61019879717cf4949176261874a37fd16192a5.jpg,https://images.salsify.com/image/upload/s--qdZXbSDl--/e717f5f4539bac8f7164bb0eef0b748e75d38ffa.jpg,,,,Condenser,Supercardioid,,,,,,"(1) EM-XSW 2 Rack receiver, (1) SKM 865-XSW Handheld transmitter, (1) MZQ 1 Microphone clip, (1) GA 1-XSW 2 Rackmount kit, (1) NT 12-5CW Power supply with country adapters, (2) AA Batteries"
Sennheiser,XSW 2-865-BC,507461,"Wireless vocal  set. Includes (1) SKM 865-XSW handheld transmitter with mute switch and e865 capsule (supercardioid, pre-polarized condenser), (1) MZQ 1 mic clip, (1) EM-XSW 2 true diversity receiver, (1) NT 12-5 CW power supply and (1) GA 1 XSW 2 rackmount, frequency range: BC (670-694 MHz)",BC (670-694 MHz),1019,593.68,,,,615104303607,4044155226362,TW,85181000,680,1.50,348,86,345,13.70,3.39,13.58,3,7879.0,17.37,300,380,400,11.81,14.96,15.75,https://images.salsify.com/image/upload/s--kiV3-ZAU--/54e56e943a36640833fdc74cf7976230f6971feb.jpg,https://images.salsify.com/image/upload/s--UXuwZxij--/b13929ca069cd26b596c91f6a35c534c08181179.jpg,https://images.salsify.com/image/upload/s--jlwUBl7s--/0c4778ca5dcd0194bf4cd88019cd8b63c3fdd75c.jpg,https://images.salsify.com/image/upload/s--LEUNtUh_--/9a61019879717cf4949176261874a37fd16192a5.jpg,https://images.salsify.com/image/upload/s--qdZXbSDl--/e717f5f4539bac8f7164bb0eef0b748e75d38ffa.jpg,,,,Electret Condenser,Supercardioid,,,,,,"(1) EM-XSW 2 Rack receiver, (1) SKM 865-XSW Handheld transmitter, (1) MZQ 1 Microphone clip, (1) GA 1-XSW 2 Rackmount kit, (1) NT 12-5CW Power supply with country adapters, (2) AA Batteries"
Sennheiser,XSW 2-CI1-A,507136,Complete XSW2 Instrument System: includes SK XSW bodypack transmitter  6.5mm jack to mini-jack input cable  EM XSW2 mains powered receiver  plug pack power supply  2 antennae  2 AA batteries.  548 - 572 MHz,A (548 - 572 MHz),809,471.33,,,,615104279759,4044155214000,TW,85176990,680,1.50,348,86,345,13.70,3.39,13.58,3,7372.0,16.25,300,380,400,11.81,14.96,15.75,https://images.salsify.com/image/upload/s--mVioSr1F--/3789271d3d777a60d4c8ce5c12ec8bc7f3dc1149.jpg,https://images.salsify.com/image/upload/s--jlwUBl7s--/0c4778ca5dcd0194bf4cd88019cd8b63c3fdd75c.jpg,https://images.salsify.com/image/upload/s--LEUNtUh_--/9a61019879717cf4949176261874a37fd16192a5.jpg,https://images.salsify.com/image/upload/s--qdZXbSDl--/e717f5f4539bac8f7164bb0eef0b748e75d38ffa.jpg,https://images.salsify.com/image/upload/s--A5UOFuVv--/b5f37f9d04db17c21fa17e269e0f06f78ee77aed.jpg,https://images.salsify.com/image/upload/s--WOLdtFbm--/31f4d7f1934ca8b48468474f8aa494ad3c69775b.jpg,,,,,,,,,,"(1) EM-XSW 2 Rack receiver, (1) SK-XSW Bodypack transmitter, (1) CI 1 Instrument cable, (1) GA 1-XSW 2 Rackmount kit, (1) NT 12-5CW Power supply with country adapters, (2) AA Batteries"
Sennheiser,XSW 2-CI1-BC,507459,"Wireless instrument set. Includes (1) SK-XSW bodypack transmitter, (1) CI 1 instrument cable, (1) EM-XSW 2 true diversity receiver, (1) NT 12-5 CW power supply and (1) GA 1 XSW 2 rackmount, frequency range: BC (670-694 MHz)",BC (670-694 MHz),809,471.33,,,,615104303584,4044155226348,TW,85176990,680,1.50,348,86,345,13.70,3.39,13.58,3,7372.0,16.25,300,380,400,11.81,14.96,15.75,https://images.salsify.com/image/upload/s--mVioSr1F--/3789271d3d777a60d4c8ce5c12ec8bc7f3dc1149.jpg,https://images.salsify.com/image/upload/s--jlwUBl7s--/0c4778ca5dcd0194bf4cd88019cd8b63c3fdd75c.jpg,https://images.salsify.com/image/upload/s--LEUNtUh_--/9a61019879717cf4949176261874a37fd16192a5.jpg,https://images.salsify.com/image/upload/s--qdZXbSDl--/e717f5f4539bac8f7164bb0eef0b748e75d38ffa.jpg,https://images.salsify.com/image/upload/s--A5UOFuVv--/b5f37f9d04db17c21fa17e269e0f06f78ee77aed.jpg,https://images.salsify.com/image/upload/s--WOLdtFbm--/31f4d7f1934ca8b48468474f8aa494ad3c69775b.jpg,,,,,,,,,,"(1) EM-XSW 2 Rack receiver, (1) SK-XSW Bodypack transmitter, (1) CI 1 Instrument cable, (1) GA 1-XSW 2 Rackmount kit, (1) NT 12-5CW Power supply with country adapters, (2) AA Batteries"
Sennheiser,XSW 2-ME2-A,507122,Complete XSW2 Lapel system : includes ME 2 omni-directional lapel microphone with clip  SK XSW bodypack transmitter  EM XSW2 mains powered receiver  plug pack power supply  2 antennae  2 AA batteries. 548 - 572 MHz,A (548 - 572 MHz),979,570.37,,,,615104279377,4044155213867,TW,85181000,680,1.50,348,86,345,13.70,3.39,13.58,3,7144.0,15.75,300,380,400,11.81,14.96,15.75,https://images.salsify.com/image/upload/s--FIgFp-D8--/3464dbde7391402fc224bb5cbcbdabbfc6bfe50a.jpg,https://images.salsify.com/image/upload/s--jlwUBl7s--/0c4778ca5dcd0194bf4cd88019cd8b63c3fdd75c.jpg,https://images.salsify.com/image/upload/s--LEUNtUh_--/9a61019879717cf4949176261874a37fd16192a5.jpg,https://images.salsify.com/image/upload/s--qdZXbSDl--/e717f5f4539bac8f7164bb0eef0b748e75d38ffa.jpg,https://images.salsify.com/image/upload/s--A5UOFuVv--/b5f37f9d04db17c21fa17e269e0f06f78ee77aed.jpg,https://images.salsify.com/image/upload/s--Lt66TN1l--/ddbf55fa0714c0172de118e491e9e7a0475e690b.jpg,,,Electret Condenser,Omnidirectional,,,,,,"(1) EM-XSW 2 Rack receiver, (1) SK-XSW Bodypack transmitter, (1) ME 2 Lavalier microphone, (1) GA 1-XSW 2 Rackmount kit, (1) NT 12-5CW Power supply with country adapters, (2) AA Batteries"
Sennheiser,XSW 2-ME2-BC,507457,"Wireless lavalier set. Includes (1) SK-XSW bodypack transmitter, (1) ME 2-II lavalier microphone (omnidirectional, condenser), (1) EM-XSW 2 true diversity receiver, (1) NT 12-5 CW power supply and (1) GA 1 XSW 2 rackmount, frequency range: BC (670-694 MHz)",BC (670-694 MHz),979,570.37,,,,615104303560,4044155226324,TW,85181000,680,1.50,348,86,345,13.70,3.39,13.58,3,7144.0,15.75,300,380,400,11.81,14.96,15.75,https://images.salsify.com/image/upload/s--FIgFp-D8--/3464dbde7391402fc224bb5cbcbdabbfc6bfe50a.jpg,https://images.salsify.com/image/upload/s--jlwUBl7s--/0c4778ca5dcd0194bf4cd88019cd8b63c3fdd75c.jpg,https://images.salsify.com/image/upload/s--LEUNtUh_--/9a61019879717cf4949176261874a37fd16192a5.jpg,https://images.salsify.com/image/upload/s--qdZXbSDl--/e717f5f4539bac8f7164bb0eef0b748e75d38ffa.jpg,https://images.salsify.com/image/upload/s--A5UOFuVv--/b5f37f9d04db17c21fa17e269e0f06f78ee77aed.jpg,https://images.salsify.com/image/upload/s--Lt66TN1l--/ddbf55fa0714c0172de118e491e9e7a0475e690b.jpg,,,Electret Condenser,Omnidirectional,,,,,,"(1) EM-XSW 2 Rack receiver, (1) SK-XSW Bodypack transmitter, (1) ME 2 Lavalier microphone, (1) GA 1-XSW 2 Rackmount kit, (1) NT 12-5CW Power supply with country adapters, (2) AA Batteries"
Sennheiser,XSW 2-ME3-A,507129,Complete XSW2 Headset system: includes ME 3 cardioid head microphone with clip  SK XSW bodypack transmitter  EM XSW2 mains powered receiver  plug pack power supply  2 antennae  2 AA batteries. 548 - 572 MHz,A (548 - 572 MHz),1019,593.68,,,,615104279513,4044155213935,TW,85181000,680,1.50,348,86,345,13.70,3.39,13.58,3,7399.0,16.31,300,380,400,11.81,14.96,15.75,https://images.salsify.com/image/upload/s--c5sZp-cC--/e624c87c5f7df6ca4b91466e26fca8f899bcb6c7.jpg,https://images.salsify.com/image/upload/s--jlwUBl7s--/0c4778ca5dcd0194bf4cd88019cd8b63c3fdd75c.jpg,https://images.salsify.com/image/upload/s--LEUNtUh_--/9a61019879717cf4949176261874a37fd16192a5.jpg,https://images.salsify.com/image/upload/s--qdZXbSDl--/e717f5f4539bac8f7164bb0eef0b748e75d38ffa.jpg,https://images.salsify.com/image/upload/s--A5UOFuVv--/b5f37f9d04db17c21fa17e269e0f06f78ee77aed.jpg,https://images.salsify.com/image/upload/s--cmPUNnf6--/5b733c956120e54f93ecedbbd09fe41ea84a92b5.jpg,,,Electret Condenser,Cardioid,,,,,,"(1) EM-XSW 2 Rack receiver, (1) SK-XSW Bodypack transmitter, (1) ME 3 Headset microphone, (1) GA 1-XSW 2 Rackmount kit, (1) NT 12-5CW Power supply with country adapters, (2) AA Batteries"
Sennheiser,XSW 2-ME3-BC,507458,"Wireless headmic set. Includes (1) SK-XSW bodypack transmitter, (1) ME 3-II lavalier headmic (cardioid, condenser), (1) EM-XSW 2 true diversity receiver, (1) NT 12-5 CW power supply and (1) GA 1 XSW 2 rackmount, frequency range: BC (670-694 MHz)",BC (670-694 MHz),1019,593.68,,,,615104303577,4044155226331,TW,85181000,680,1.50,348,86,345,13.70,3.39,13.58,3,7399.0,16.31,300,380,400,11.81,14.96,15.75,https://images.salsify.com/image/upload/s--c5sZp-cC--/e624c87c5f7df6ca4b91466e26fca8f899bcb6c7.jpg,https://images.salsify.com/image/upload/s--jlwUBl7s--/0c4778ca5dcd0194bf4cd88019cd8b63c3fdd75c.jpg,https://images.salsify.com/image/upload/s--LEUNtUh_--/9a61019879717cf4949176261874a37fd16192a5.jpg,https://images.salsify.com/image/upload/s--qdZXbSDl--/e717f5f4539bac8f7164bb0eef0b748e75d38ffa.jpg,https://images.salsify.com/image/upload/s--A5UOFuVv--/b5f37f9d04db17c21fa17e269e0f06f78ee77aed.jpg,https://images.salsify.com/image/upload/s--cmPUNnf6--/5b733c956120e54f93ecedbbd09fe41ea84a92b5.jpg,,,Electret Condenser,Cardioid,,,,,,"(1) EM-XSW 2 Rack receiver, (1) SK-XSW Bodypack transmitter, (1) ME 3 Headset microphone, (1) GA 1-XSW 2 Rackmount kit, (1) NT 12-5CW Power supply with country adapters, (2) AA Batteries"
Sennheiser,XSW IEM EK (B),509157,"Lightweight in-ear monitoring bodypack to expand existing XS Wireless IEM setups. Includes (1) XSW IEM EK Receiver, (1) IE 4 In-Ear Headphones and (2) AA Batteries, frequency range: B (572 - 596 MHz).",B (572 - 596 MHz).,779,453.85,,_,,615104356351,4044155257397,CN,85176930,110,0.24,95,70,26,3.74,2.76,1.02,10,2960.0,6.53,390,160,200,15.35,6.30,7.87,https://images.salsify.com/image/upload/s--1QpZ4zvT--/425fb917351059dbae60616f9521584d458a01e8.jpg,https://images.salsify.com/image/upload/s--diwQLkmM--/0605cf4db12b8d57c90679bd47a7dcddfac54f45.jpg,https://images.salsify.com/image/upload/s--TVSEJWvD--/152c03f28bf7322f35cfd7272ddecd3c28d0e972.jpg,,,,,,,,https://www.sennheiser.com/globalassets/digizuite/41846-en-SP_1351_v1.0_XS_Wireless_IEM_EK_EN.pdf,https://www.sennheiser.com/globalassets/digizuite/41846-en-SP_1351_v1.0_XS_Wireless_IEM_EK_EN.pdf,https://www.sennheiser.com/globalassets/digizuite/41846-en-SP_1351_v1.0_XS_Wireless_IEM_EK_EN.pdf,https://www.sennheiser.com/globalassets/digizuite/41846-en-SP_1351_v1.0_XS_Wireless_IEM_EK_EN.pdf,https://www.sennheiser.com/globalassets/digizuite/41846-en-SP_1351_v1.0_XS_Wireless_IEM_EK_EN.pdf,"(1) XSW IEM EK Stereo receiver, (1) IE 4 In-ear headphones, (2) AA Batteries, (1) Quick guide, (1) Safety guide, (1) Compliance sheet, (1) Frequency table"
Sennheiser,XSW IEM EK (C),509158,"Lightweight in-ear monitoring bodypack to expand existing XS Wireless IEM setups. Includes (1) XSW IEM EK Receiver, (1) IE 4 In-Ear Headphones and (2) AA Batteries, frequency range: C (662 - 686 MHz).",C (662 - 686 MHz).,779,453.85,,_,,615104356375,4044155257403,CN,85176930,110,0.24,95,70,26,3.74,2.76,1.02,10,2960.0,6.53,390,160,200,15.35,6.30,7.87,https://images.salsify.com/image/upload/s--1QpZ4zvT--/425fb917351059dbae60616f9521584d458a01e8.jpg,https://images.salsify.com/image/upload/s--diwQLkmM--/0605cf4db12b8d57c90679bd47a7dcddfac54f45.jpg,https://images.salsify.com/image/upload/s--TVSEJWvD--/152c03f28bf7322f35cfd7272ddecd3c28d0e972.jpg,,,,,,,,https://www.sennheiser.com/globalassets/digizuite/41846-en-SP_1351_v1.0_XS_Wireless_IEM_EK_EN.pdf,https://www.sennheiser.com/globalassets/digizuite/41846-en-SP_1351_v1.0_XS_Wireless_IEM_EK_EN.pdf,https://www.sennheiser.com/globalassets/digizuite/41846-en-SP_1351_v1.0_XS_Wireless_IEM_EK_EN.pdf,https://www.sennheiser.com/globalassets/digizuite/41846-en-SP_1351_v1.0_XS_Wireless_IEM_EK_EN.pdf,https://www.sennheiser.com/globalassets/digizuite/41846-en-SP_1351_v1.0_XS_Wireless_IEM_EK_EN.pdf,"(1) XSW IEM EK Stereo receiver, (1) IE 4 In-ear headphones, (2) AA Batteries, (1) Quick guide, (1) Safety guide, (1) Compliance sheet, (1) Frequency table"
Sennheiser,XSW IEM EK BATTERY COVER,592583,Battery Cover for XSW IEM EK Receiver,,19.95,11.62,,,,615104381407,4044155272796,CN,85177900,20,0.04,135,225,10,5.31,8.86,0.39,20,809.0,1.78,210,280,210,8.27,11.02,8.27,https://images.salsify.com/image/upload/s--t97nHaON--/557ac363bbcaba3a22f56e7264c45f82b625b87a.jpg,,,,,,,,,,,,,,,(1) XSW IEM EK BATTERY COVER
Sennheiser,XSW IEM EK BELT CLIP,592582,Belt Clip for XSW IEM EK Receiver,,19.95,11.62,,,,615104381391,4044155272789,CN,85177900,10,0.02,135,225,25,5.31,8.86,0.98,20,705.0,1.55,210,280,210,8.27,11.02,8.27,https://images.salsify.com/image/upload/s--PURWTtM0--/84c0062e7f866afa3e1b9c0278503b354b3e8d16.jpg,,,,,,,,,,,,,,,(1) XSW IEM EK BELT CLIP
Sennheiser,XSW IEM SET (B),509147,"Complete starter set for in-ear monitoring. Includes (1) XSW IEM SR transmitter, (1) XSW IEM EK Receiver, (1) IE 4 In-Ear Headphones, (1) XSW Rack Mount Kit, (1) NT 12-5 CW power supply with power adapters, (2) AA batteries, frequency range: B (572 - 596 MHz).",B (572 - 596 MHz).,1279,745.15,,_,,615104356214,4044155257298,CN,85183000,700,1.54,365,58,280,14.37,2.28,11.02,3,6610.0,14.57,385,215,265,15.16,8.46,10.43,https://images.salsify.com/image/upload/s--RKU0_aJW--/74af83653e6f95019b855fd0080e7c812a7b487f.jpg,https://images.salsify.com/image/upload/s--Uab-dtLV--/c17364ebc710a5a5517e9b8f656c28e1f9f7c7dd.jpg,https://images.salsify.com/image/upload/s--7SI2Naag--/727e01fe62792cd15e156e1ff416399fad00806b.jpg,https://images.salsify.com/image/upload/s--asyy00z7--/4753a7a2d085e40bc54d7e8620ac5af14687474e.jpg,https://images.salsify.com/image/upload/s--N5fdiOEY--/6b407b3ab0fc02cc879878aa9b98be57e50a27ef.jpg,https://images.salsify.com/image/upload/s--phYW-UpQ--/bb3b42f7ce501d9ee2fd3fdfeb7f3b2b87f17664.jpg,https://images.salsify.com/image/upload/s--uAItHNAs--/8779043e236dec11939073eee4cdf024e6307cc1.jpg,https://images.salsify.com/image/upload/s--gIZ5ui7b--/9908f0ef747b97a7932652fd191850297c617008.jpg,,,https://www.sennheiser.com/globalassets/digizuite/41846-en-SP_1351_v1.0_XS_Wireless_IEM_EK_EN.pdf,https://www.sennheiser.com/globalassets/digizuite/41846-en-SP_1351_v1.0_XS_Wireless_IEM_EK_EN.pdf,https://www.sennheiser.com/globalassets/digizuite/41846-en-SP_1351_v1.0_XS_Wireless_IEM_EK_EN.pdf,https://www.sennheiser.com/globalassets/digizuite/41846-en-SP_1351_v1.0_XS_Wireless_IEM_EK_EN.pdf,https://www.sennheiser.com/globalassets/digizuite/41846-en-SP_1351_v1.0_XS_Wireless_IEM_EK_EN.pdf,"(1) XSW IEM EK Stereo receiver, (1) XSW IEM SR Stereo transmitter, (1) XSW BNC Antenna, (1) IE 4 In-ear headphones, (2) AA Batteries, (1) XSW Rack mount kit, (1) NT 12-5CW Power supply with country adapters, (1) Quick guide, (1) Safety guide, (1) Compliance sheet, (1) Frequency table"
Sennheiser,XSW IEM SET (C),509148,"Complete starter set for in-ear monitoring. Includes (1) XSW IEM SR transmitter, (1) XSW IEM EK Receiver, (1) IE 4 In-Ear Headphones, (1) XSW Rack Mount Kit, (1) NT 12-5 CW power supply with power adapters, (2) AA batteries, frequency range: C (662 - 686 MHz).",C (662 - 686 MHz).,1279,745.15,,_,,615104356238,4044155257304,CN,85183000,700,1.54,365,58,280,14.37,2.28,11.02,3,3259.0,7.18,385,215,265,15.16,8.46,10.43,https://images.salsify.com/image/upload/s--RKU0_aJW--/74af83653e6f95019b855fd0080e7c812a7b487f.jpg,https://images.salsify.com/image/upload/s--Uab-dtLV--/c17364ebc710a5a5517e9b8f656c28e1f9f7c7dd.jpg,https://images.salsify.com/image/upload/s--7SI2Naag--/727e01fe62792cd15e156e1ff416399fad00806b.jpg,https://images.salsify.com/image/upload/s--asyy00z7--/4753a7a2d085e40bc54d7e8620ac5af14687474e.jpg,https://images.salsify.com/image/upload/s--N5fdiOEY--/6b407b3ab0fc02cc879878aa9b98be57e50a27ef.jpg,https://images.salsify.com/image/upload/s--phYW-UpQ--/bb3b42f7ce501d9ee2fd3fdfeb7f3b2b87f17664.jpg,https://images.salsify.com/image/upload/s--uAItHNAs--/8779043e236dec11939073eee4cdf024e6307cc1.jpg,https://images.salsify.com/image/upload/s--gIZ5ui7b--/9908f0ef747b97a7932652fd191850297c617008.jpg,,,https://www.sennheiser.com/globalassets/digizuite/41846-en-SP_1351_v1.0_XS_Wireless_IEM_EK_EN.pdf,https://www.sennheiser.com/globalassets/digizuite/41846-en-SP_1351_v1.0_XS_Wireless_IEM_EK_EN.pdf,https://www.sennheiser.com/globalassets/digizuite/41846-en-SP_1351_v1.0_XS_Wireless_IEM_EK_EN.pdf,https://www.sennheiser.com/globalassets/digizuite/41846-en-SP_1351_v1.0_XS_Wireless_IEM_EK_EN.pdf,https://www.sennheiser.com/globalassets/digizuite/41846-en-SP_1351_v1.0_XS_Wireless_IEM_EK_EN.pdf,"(1) XSW IEM EK Stereo receiver, (1) XSW IEM SR Stereo transmitter, (1) XSW BNC Antenna, (1) IE 4 In-ear headphones, (2) AA Batteries, (1) XSW Rack mount kit, (1) NT 12-5CW Power supply with country adapters, (1) Quick guide, (1) Safety guide, (1) Compliance sheet, (1) Frequency table"
Sennheiser,XSW IEM SR (B),509152,"Single half-rack stereo UHF transmitter, rugged metal housing Ð part of the XS Wireless IEM series. Includes (1) XSW IEM SR Transmitter, (1) Antenna and (1) NT 12-5 CW power supply with power adapters, frequency range: B (572 - 596 MHz).",B (572 - 596 MHz).,779,453.85,,_,,615104356283,4044155257342,CN,85176990,700,1.54,200,128,42,7.87,5.04,1.65,3,4138.0,9.12,385,215,265,15.16,8.46,10.43,https://images.salsify.com/image/upload/s--WeLsf7jJ--/c1c8dd1a00fe513362e82b88a024aa6faf24feaf.jpg,https://images.salsify.com/image/upload/s--asyy00z7--/4753a7a2d085e40bc54d7e8620ac5af14687474e.jpg,https://images.salsify.com/image/upload/s--N5fdiOEY--/6b407b3ab0fc02cc879878aa9b98be57e50a27ef.jpg,,,,,,,,https://www.sennheiser.com/globalassets/digizuite/41854-en-SP_1351_v1.0_XS_Wireless_IEM_SR_EN.pdf,https://www.sennheiser.com/globalassets/digizuite/41854-en-SP_1351_v1.0_XS_Wireless_IEM_SR_EN.pdf,https://www.sennheiser.com/globalassets/digizuite/41854-en-SP_1351_v1.0_XS_Wireless_IEM_SR_EN.pdf,https://www.sennheiser.com/globalassets/digizuite/41854-en-SP_1351_v1.0_XS_Wireless_IEM_SR_EN.pdf,https://www.sennheiser.com/globalassets/digizuite/41854-en-SP_1351_v1.0_XS_Wireless_IEM_SR_EN.pdf,"(1) XSW IEM SR Stereo transmitter, (1) NT 12-5CW Power supply + Country adapter, (1) XSW BNC Atenna, (1) Quick guide, (1) Safety guide, (1) Compliance sheet, (1) Frequency table"
Sennheiser,XSW IEM SR (C),509153,"Single half-rack stereo UHF transmitter, rugged metal housing Ð part of the XS Wireless IEM series. Includes (1) XSW IEM SR Transmitter, (1) Antenna and (1) NT 12-5 CW power supply with power adapters, frequency range: C (662 - 686 MHz).",C (662 - 686 MHz).,779,453.85,,_,,615104356290,4044155257359,CN,85176990,700,1.54,200,128,42,7.87,5.04,1.65,3,4138.0,9.12,385,215,265,15.16,8.46,10.43,https://images.salsify.com/image/upload/s--WeLsf7jJ--/c1c8dd1a00fe513362e82b88a024aa6faf24feaf.jpg,https://images.salsify.com/image/upload/s--asyy00z7--/4753a7a2d085e40bc54d7e8620ac5af14687474e.jpg,https://images.salsify.com/image/upload/s--N5fdiOEY--/6b407b3ab0fc02cc879878aa9b98be57e50a27ef.jpg,,,,,,,,https://www.sennheiser.com/globalassets/digizuite/41854-en-SP_1351_v1.0_XS_Wireless_IEM_SR_EN.pdf,https://www.sennheiser.com/globalassets/digizuite/41854-en-SP_1351_v1.0_XS_Wireless_IEM_SR_EN.pdf,https://www.sennheiser.com/globalassets/digizuite/41854-en-SP_1351_v1.0_XS_Wireless_IEM_SR_EN.pdf,https://www.sennheiser.com/globalassets/digizuite/41854-en-SP_1351_v1.0_XS_Wireless_IEM_SR_EN.pdf,https://www.sennheiser.com/globalassets/digizuite/41854-en-SP_1351_v1.0_XS_Wireless_IEM_SR_EN.pdf,"(1) XSW IEM SR Stereo transmitter, (1) NT 12-5CW Power supply + Country adapter, (1) XSW BNC Atenna, (1) Quick guide, (1) Safety guide, (1) Compliance sheet, (1) Frequency table"
Sennheiser,XSW RACK MOUNT KIT,507351,"Rack mount kit for installation of up to two XSW stationary devices in 19ÔÔ racks. Includes (2) rackmount ears, (1) Connecting plate, (1) rack mount front, (1) set screws and (1) set cover caps",,99,57.68,,,,615104282148,4044155215489,TW,83024200,47200,103.96,26800,5700,7000,1055.12,224.41,275.59,10,5220.0,11.51,300,170,390,11.81,6.69,15.35,https://images.salsify.com/image/upload/s--cIR4h1ZH--/141c7b2446d4b9cd6e9071472a19d2e75214397a.jpg,,,,,,,,,,,,,,,"(2) Rack mount ears, (1) Connecting plate, (1) Rack mount front, (1) Set screws, (1) Set cover caps"
Sennheiser,XSW-D INSTRUMENT BASE SET,508493,"Instrument base set with (1) XSW-D INSTRUMENT TX (6.3mm, 1/4""), (1) XSW-D INSTRUMENT RX (6.3mm, 1/4""), (1) beltpack clip, (1) extension cable (6.3mm, 1/4"") and (1) USB charging cable",,649,378.11,,,,615104317826,4044155240597,RO,85176990,315,0.69,240,70,115,9.45,2.76,4.53,8,3142.36,6.93,305,260,240,12.01,10.24,9.45,https://images.salsify.com/image/upload/s--kZiR_QK0--/c6b15d82877f83430f567930ecab93daab7e52c8.jpg,https://images.salsify.com/image/upload/s--eIsIgtqB--/b4bc4b8845be2185d0490ce0e86d1771e64931c0.jpg,https://images.salsify.com/image/upload/s--NQ-AyRW5--/5296c6ace4d032cea108a4067e36412d7cf6b591.jpg,https://images.salsify.com/image/upload/s--AFKds4Wq--/fbf7a8bcd6a1830e5f9bfc634f3b79ec1cc0a40f.jpg,https://images.salsify.com/image/upload/s--F6CaVvIJ--/585e66ed860d857d19dda7f83a245cfbe4d5d7a9.jpg,https://images.salsify.com/image/upload/s--GNSHiKs7--/a74e9f0f020b63ae2c8b758e7c0e006610f46c83.jpg,https://images.salsify.com/image/upload/s--XhV4yf4G--/02244db85e18c9c97f1ba3219be9bcb00d3c8296.jpg,,,,https://www.sennheiser.com/globalassets/digizuite/41721-en-SP_1232_v1.2_XS_Wireless_Digital_Instrument_Base_Set_Product_Specification_EN.pdf,https://www.sennheiser.com/globalassets/digizuite/41721-en-SP_1232_v1.2_XS_Wireless_Digital_Instrument_Base_Set_Product_Specification_EN.pdf,https://www.sennheiser.com/globalassets/digizuite/41721-en-SP_1232_v1.2_XS_Wireless_Digital_Instrument_Base_Set_Product_Specification_EN.pdf,https://www.sennheiser.com/globalassets/digizuite/41721-en-SP_1232_v1.2_XS_Wireless_Digital_Instrument_Base_Set_Product_Specification_EN.pdf,https://www.sennheiser.com/globalassets/digizuite/41721-en-SP_1232_v1.2_XS_Wireless_Digital_Instrument_Base_Set_Product_Specification_EN.pdf,"(1) XSW-D 6.3 mm (1/4"") transmitter, (1) XSW-D 6.3 mm (1/4"") Receiver, (1) Beltpack clip, (1) Extension cable (6,3mm, 1/4""), (1) USB-A to USB-C charging cable, (1) Colored stickers for labelling, (1) Quick guide, (1) Safety guide"
Sennheiser,XSW-D INSTRUMENT RX,508498,"XS Wireless Digital receiver with jack (6.3mm, 1/4"") output and (1) USB charging cable",,369,214.98,,,,615104317871,4044155240641,RO,85176930,265,0.58,240,70,115,9.45,2.76,4.53,8,2110.36,4.65,305,260,240,12.01,10.24,9.45,https://images.salsify.com/image/upload/s--JjRvmNTz--/b4eb3a91de868185f68791f41a977a0045b64f49.jpg,https://images.salsify.com/image/upload/s--vQhE30_V--/00a6574c188ca8eb4350f0038aaa9f4dda3a35f7.jpg,https://images.salsify.com/image/upload/s--pl0PyiP9--/c2a19121868763280d16b1a45fdae6f63761185a.jpg,,,,,,,,https://www.sennheiser.com/globalassets/digizuite/41728-en-SP_1238_v1.0_XS_Wireless_Digital_RX_63_Product_Specification_EN.pdf,https://www.sennheiser.com/globalassets/digizuite/41728-en-SP_1238_v1.0_XS_Wireless_Digital_RX_63_Product_Specification_EN.pdf,https://www.sennheiser.com/globalassets/digizuite/41728-en-SP_1238_v1.0_XS_Wireless_Digital_RX_63_Product_Specification_EN.pdf,https://www.sennheiser.com/globalassets/digizuite/41728-en-SP_1238_v1.0_XS_Wireless_Digital_RX_63_Product_Specification_EN.pdf,https://www.sennheiser.com/globalassets/digizuite/41728-en-SP_1238_v1.0_XS_Wireless_Digital_RX_63_Product_Specification_EN.pdf,"(1) XSW-D INSTRUMENT RX (6,3mm, 1/4""), (1) USB Charging cable"
Sennheiser,XSW-D INSTRUMENT TX,508496,"XS Wireless Digital transmitter with jack (6.3mm, 1/4"") input and (1) USB charging cable",,369,214.98,,,,615104317857,4044155240627,RO,85176990,265,0.58,240,70,115,9.45,2.76,4.53,8,2110.36,4.65,305,260,240,12.01,10.24,9.45,https://images.salsify.com/image/upload/s--1FnlZckL--/77f9eaacf4eff063ad3e934c3dc0a7fe226efcbb.jpg,https://images.salsify.com/image/upload/s--boD_U9u9--/eaf44cc9f850906fe1ce406fbf1805057ed1ba31.jpg,https://images.salsify.com/image/upload/s--p29KYat7--/5966e420b07f39c6995688d602a290cc1bac0ab0.jpg,,,,,,,,https://www.sennheiser.com/globalassets/digizuite/41727-en-SP_1237_v1.0_XS_Wireless_Digital_TX_63_Product_Specification_EN.pdf,https://www.sennheiser.com/globalassets/digizuite/41727-en-SP_1237_v1.0_XS_Wireless_Digital_TX_63_Product_Specification_EN.pdf,https://www.sennheiser.com/globalassets/digizuite/41727-en-SP_1237_v1.0_XS_Wireless_Digital_TX_63_Product_Specification_EN.pdf,https://www.sennheiser.com/globalassets/digizuite/41727-en-SP_1237_v1.0_XS_Wireless_Digital_TX_63_Product_Specification_EN.pdf,https://www.sennheiser.com/globalassets/digizuite/41727-en-SP_1237_v1.0_XS_Wireless_Digital_TX_63_Product_Specification_EN.pdf,"(1) XSW-D INSTRUMENT TX (6,3mm, 1/4""), (1) USB Charging cable"
Sennheiser,XSW-D LAVALIER SET,508485,"Lavalier set with (1) ME2-II clip-on lapel mic, (1) XSW-D MINI JACK TX (3.5mm), (1) XSW-D XLR MALE RX, (1) beltpack clip and (1) USB charging cable",,769,448.03,,,,615104317741,4044155240511,RO,85181000,365,0.80,240,70,115,9.45,2.76,4.53,8,3110.36,6.86,305,260,240,12.01,10.24,9.45,https://images.salsify.com/image/upload/s--7WztfcK2--/0cd0da81acdd4bfdce69e4a16896ad57364a3d37.jpg,https://images.salsify.com/image/upload/s--YNpLN0gR--/6ed0214b3d853ea8629ef0f291eded5b8e8e153f.jpg,https://images.salsify.com/image/upload/s--0tUOl4TA--/f0e656e06b04beea5a31b2dadf9247e2641122cc.jpg,https://images.salsify.com/image/upload/s--iSinAHXF--/9273048a43182a5c4f9dad6b8dc775a7435f522a.jpg,https://images.salsify.com/image/upload/s--qvSwqWDu--/bb5f224c64b15fe9cc9d9bb95f977a5374ce94cd.jpg,https://images.salsify.com/image/upload/s--at3tx1ES--/90b6003b7c037838bf99a222882d26795a74e916.jpg,https://images.salsify.com/image/upload/s--ROBRT2eG--/cfabdc0707d3bda4becdea78f9e7fec7233b4c85.jpg,https://images.salsify.com/image/upload/s--IRt0PoBj--/c26564432f83d664792595f3cfc70a9c56e0242b.jpg,,,https://www.sennheiser.com/globalassets/digizuite/41714-en-SP_1225_v1.2_XS_Wireless_Digital_Lavalier_Set_Product_Specification_EN.pdf,https://www.sennheiser.com/globalassets/digizuite/41714-en-SP_1225_v1.2_XS_Wireless_Digital_Lavalier_Set_Product_Specification_EN.pdf,https://www.sennheiser.com/globalassets/digizuite/41714-en-SP_1225_v1.2_XS_Wireless_Digital_Lavalier_Set_Product_Specification_EN.pdf,https://www.sennheiser.com/globalassets/digizuite/41714-en-SP_1225_v1.2_XS_Wireless_Digital_Lavalier_Set_Product_Specification_EN.pdf,https://www.sennheiser.com/globalassets/digizuite/41714-en-SP_1225_v1.2_XS_Wireless_Digital_Lavalier_Set_Product_Specification_EN.pdf,"(1) XSW-D 3.5 mm (1/8"") transmitter, (1) XSW-D 3.5 mm (1/8"") receiver, (1) ME 2 Lavalier microphone, (1) 3.5 mm (1/8"") coiled cable, (1) Cold shoe mount, (1) Beltpack clip, (1) USB-A to USB-C charging cable, (1) Colored stickers for labelling, (1) Quick guide, (1) Safety guide"
Sennheiser,XSW-D MINI JACK RX,508500,"XS Wireless Digital receiver with mini jack (3.5mm, 1/8"") output and (1) USB charging cable",,369,214.98,,,,615104317895,4044155240665,RO,85176930,290,0.64,240,70,115,9.45,2.76,4.53,8,2310.36,5.09,305,260,240,12.01,10.24,9.45,https://images.salsify.com/image/upload/s--CZrFolbW--/f617baa4c11315544e1d9dd283ddde4ef7e4660f.jpg,https://images.salsify.com/image/upload/s--Kz5ccF5---/1c1c8675ae6e54f556afc53a97e36a8adb77c68e.jpg,https://images.salsify.com/image/upload/s--KKMkOp_N--/383b48c54e184f027c985459a4ce6681f4707ccf.jpg,,,,,,,,https://www.sennheiser.com/globalassets/digizuite/41730-en-SP_1240_v1.0_XS_Wireless_Digital_RX_35_Product_Specification_EN.pdf,https://www.sennheiser.com/globalassets/digizuite/41730-en-SP_1240_v1.0_XS_Wireless_Digital_RX_35_Product_Specification_EN.pdf,https://www.sennheiser.com/globalassets/digizuite/41730-en-SP_1240_v1.0_XS_Wireless_Digital_RX_35_Product_Specification_EN.pdf,https://www.sennheiser.com/globalassets/digizuite/41730-en-SP_1240_v1.0_XS_Wireless_Digital_RX_35_Product_Specification_EN.pdf,https://www.sennheiser.com/globalassets/digizuite/41730-en-SP_1240_v1.0_XS_Wireless_Digital_RX_35_Product_Specification_EN.pdf,"(1) XSW-D MINI JACK RX Receiver, (1) USB charging cable"
Sennheiser,XSW-D MINI JACK TX,508495,"XS Wireless Digital transmitter with mini jack (3.5mm, 1/8"") input and (1) USB charging cable",,369,214.98,,,,615104317840,4044155240610,RO,85369095,271,0.60,240,70,115,9.45,2.76,4.53,8,2158.36,4.76,305,260,240,12.01,10.24,9.45,https://images.salsify.com/image/upload/s--If-Ga9pS--/6e9bece494dc19157e2d94a0262aca19599cd8c5.jpg,https://images.salsify.com/image/upload/s--zGglcbsN--/3f56c10bf0b3bc973ca73ad74d9941a432b04a9a.jpg,https://images.salsify.com/image/upload/s--KfuiIHW3--/d37a96807ea5673e5343cac2cb8e4543777d0402.jpg,,,,,,,,https://www.sennheiser.com/globalassets/digizuite/41729-en-SP_1239_v1.0_XS_Wireless_Digital_TX_35_Product_Specification_EN.pdf,https://www.sennheiser.com/globalassets/digizuite/41729-en-SP_1239_v1.0_XS_Wireless_Digital_TX_35_Product_Specification_EN.pdf,https://www.sennheiser.com/globalassets/digizuite/41729-en-SP_1239_v1.0_XS_Wireless_Digital_TX_35_Product_Specification_EN.pdf,https://www.sennheiser.com/globalassets/digizuite/41729-en-SP_1239_v1.0_XS_Wireless_Digital_TX_35_Product_Specification_EN.pdf,https://www.sennheiser.com/globalassets/digizuite/41729-en-SP_1239_v1.0_XS_Wireless_Digital_TX_35_Product_Specification_EN.pdf,"(1) XSW-D MINI JACK TX Receiver, (1) USB charging cable"
Sennheiser,XSW-D MOBILE CABLE,509273,Locking 3.5 mm TRS to TRRS coiled cable (with damping) optimized for XS Wireless Digital Portable receiver (RX 35),,39.95,23.28,,,,615104370234,4044155265408,CN,85444290,22,0.05,225,15,135,8.86,0.59,5.31,144,4279.0,9.43,630,210,300,24.80,8.27,11.81,https://images.salsify.com/image/upload/s--IG8FpGFj--/953fcf021d116024e5a4df65d5930332f639c08c.jpg,,,,,,,,,,,,,,,(1) XSW-D Mobile Cable
Sennheiser,XSW-D PEDALBOARD RECEIVER,508499,"XS Wireless Digital pedalboard receiver with jack (6.3mm, 1/4"") and XLR male outputs and (1) RX power supply",,569,331.5,,,,615104317888,4044155240658,RO,85176990,745,1.64,240,70,115,9.45,2.76,4.53,8,7492.36,16.52,305,260,240,12.01,10.24,9.45,https://images.salsify.com/image/upload/s--lRD637vb--/a16b2374be1078949d9e44c2fef745b7b61d48a1.jpg,https://images.salsify.com/image/upload/s--9wK13_6i--/9acc684927f59da09db5d036c8821fd3cd7630f3.jpg,,,,,,,,,https://www.sennheiser.com/globalassets/digizuite/41715-en-SP_1226_v1.0_XS_Wireless_Digital_Pedalboard_Set_Product_Specification_EN.pdf,https://www.sennheiser.com/globalassets/digizuite/41715-en-SP_1226_v1.0_XS_Wireless_Digital_Pedalboard_Set_Product_Specification_EN.pdf,https://www.sennheiser.com/globalassets/digizuite/41715-en-SP_1226_v1.0_XS_Wireless_Digital_Pedalboard_Set_Product_Specification_EN.pdf,https://www.sennheiser.com/globalassets/digizuite/41715-en-SP_1226_v1.0_XS_Wireless_Digital_Pedalboard_Set_Product_Specification_EN.pdf,https://www.sennheiser.com/globalassets/digizuite/41715-en-SP_1226_v1.0_XS_Wireless_Digital_Pedalboard_Set_Product_Specification_EN.pdf,"(1) XSW-D Pedalboard RX Receiver, (1) RX Power Supply"
Sennheiser,XSW-D PEDALBOARD SET,508486,"Pedalboard set with (1) XSW-D INSTRUMENT TX (6.3mm, 1/4""), (1) XSW-D Pedalboard RX, (1) beltpack clip,  (1) extension cable (6.3mm, 1/4""), (1) USB charging cable and (1) RX power supply",,769,448.03,,,,615104317758,4044155240528,RO,85176990,850,1.87,240,70,225,9.45,2.76,8.86,4,4373.96,9.64,305,260,240,12.01,10.24,9.45,https://images.salsify.com/image/upload/s--vpHMxbf5--/d318427e762e0dd5131b5ef9a0495871fdfae1f3.jpg,https://images.salsify.com/image/upload/s--vn6STTcj--/3508a83155dc146ad67fcebbd7c462c1a60ff02e.jpg,https://images.salsify.com/image/upload/s--M0X2uT2W--/460c545592c2cd5c1ccce05f3ac13ad27f2a36f7.jpg,https://images.salsify.com/image/upload/s--jxLHpasI--/70891a6515b2b4276ad53785a6c566cc558e9ab5.jpg,https://images.salsify.com/image/upload/s--H0GbjYU6--/b91d3c8d19e804d4cddea43d6efbc8eddbed4433.jpg,https://images.salsify.com/image/upload/s--kNx_OJSJ--/673bd8ccf3b61d600d313697817352350277eda9.jpg,https://images.salsify.com/image/upload/s--FdGawf0m--/f9b958405a1c2cdf4011016900ed3552bdf16799.jpg,https://images.salsify.com/image/upload/s--0nErICzw--/0d2b739acef955d4995b3af26d60ea67a9cea19d.jpg,,,https://www.sennheiser.com/globalassets/digizuite/41715-en-SP_1226_v1.0_XS_Wireless_Digital_Pedalboard_Set_Product_Specification_EN.pdf,https://www.sennheiser.com/globalassets/digizuite/41715-en-SP_1226_v1.0_XS_Wireless_Digital_Pedalboard_Set_Product_Specification_EN.pdf,https://www.sennheiser.com/globalassets/digizuite/41715-en-SP_1226_v1.0_XS_Wireless_Digital_Pedalboard_Set_Product_Specification_EN.pdf,https://www.sennheiser.com/globalassets/digizuite/41715-en-SP_1226_v1.0_XS_Wireless_Digital_Pedalboard_Set_Product_Specification_EN.pdf,https://www.sennheiser.com/globalassets/digizuite/41715-en-SP_1226_v1.0_XS_Wireless_Digital_Pedalboard_Set_Product_Specification_EN.pdf,"(1) XSW-D 6.3 mm (1/4"") transmitter, XSW-D Pedalboard receiver, Receiver Power supply, Extension cable 6.3mm (1/4Ó), Belt clip, USB-C to USB-C charging cable"
Sennheiser,XSW-D PRESENTATION BASE SET,508492,"Presentation base set with (1) XSW-D MINI JACK TX (3.5mm), (1) XSW-D XLR MALE RX, (1) beltpack clip and (1) USB charging cable",,649,378.11,,,,615104317819,4044155240580,RO,85176990,340,0.75,240,70,115,9.45,2.76,4.53,8,2910.36,6.42,305,260,240,12.01,10.24,9.45,https://images.salsify.com/image/upload/s--PEDrqAzo--/f91bf5a9a4ab43dbb77442be47064b0bff8ba81e.jpg,https://images.salsify.com/image/upload/s--B98aAXSo--/ab338fc065d12d39859a9b14a0473e71470a8597.jpg,https://images.salsify.com/image/upload/s---6CtG3v5--/c8b46c890a7c7bc3b70f05948452d1f5efa84569.jpg,https://images.salsify.com/image/upload/s--qOUer3r5--/e04625e74b62c1d0878d7e6cdf2200fd5c0ba2b3.jpg,https://images.salsify.com/image/upload/s--TMASCwS7--/a042c516ecc13b8a6be4fd94a5cd6814d2ef5960.jpg,https://images.salsify.com/image/upload/s--roCizDpJ--/6d2c2d1e7379b05ae856aa58fb136e15b7fa0dcc.jpg,https://images.salsify.com/image/upload/s--3qOxRp4a--/19d753b8c7620dbfca671ddb22c88193d9dc9e4d.jpg,https://images.salsify.com/image/upload/s--fSZi3tl8--/6d2d8d62920b9d623d90ff8d16909b7ab6c2224f.jpg,,,https://www.sennheiser.com/globalassets/digizuite/41720-en-SP_1231_v1.2_XS_Wireless_Digital_Presentation_Base_Set_Product_Specification_EN.pdf,https://www.sennheiser.com/globalassets/digizuite/41720-en-SP_1231_v1.2_XS_Wireless_Digital_Presentation_Base_Set_Product_Specification_EN.pdf,https://www.sennheiser.com/globalassets/digizuite/41720-en-SP_1231_v1.2_XS_Wireless_Digital_Presentation_Base_Set_Product_Specification_EN.pdf,https://www.sennheiser.com/globalassets/digizuite/41720-en-SP_1231_v1.2_XS_Wireless_Digital_Presentation_Base_Set_Product_Specification_EN.pdf,https://www.sennheiser.com/globalassets/digizuite/41720-en-SP_1231_v1.2_XS_Wireless_Digital_Presentation_Base_Set_Product_Specification_EN.pdf,"(1) XSW-D 3.5 mm (1/8"") transmitter, (1) XSW-D XLR Male receiver, (1) Beltpack clip, (1) USB-A to USB-C charging cable, (1) Colored stickers for labelling, (1) Quick guide, (1) Safety guide"
Sennheiser,XSW-D VOCAL SET,508484,"Vocal set with (1) XS1 cardioid dynamic mic, (1) XSW-D XLR FEMALE TX, (1) XSW-D XLR MALE RX, (1) mic clamp and (1) USB charging cable",,769,448.03,,,,615104317734,4044155240504,RO,85181000,740,1.63,240,70,225,9.45,2.76,8.86,4,3321.96,7.32,305,260,240,12.01,10.24,9.45,https://images.salsify.com/image/upload/s--1STUktRg--/b4577371d0f3baab8ae2baefb2f183754e103c55.jpg,https://images.salsify.com/image/upload/s--kzkfPO8p--/c109a74e91490e4094a72fdfdbcbd051f6cfd3b8.jpg,https://images.salsify.com/image/upload/s--TwGyIIhp--/1d932e3021d464a6733bce43b52e87b6b29c8ea6.jpg,https://images.salsify.com/image/upload/s--PM0HpPq_--/1d39b58ce5d14689f9bedf4700141dce3d36cf8a.jpg,https://images.salsify.com/image/upload/s--wAn72uY2--/2aba9824d00a582ad1d44f74ee3d591296e5b1f3.jpg,https://images.salsify.com/image/upload/s--bPz2If2L--/e59ffe5133387629204e053e332731cb00130931.jpg,https://images.salsify.com/image/upload/s--dmuTa2Ux--/efb0ffb7ced49615b355002ec77722079b08139d.jpg,https://images.salsify.com/image/upload/s--SXnycg9h--/2d8baaa65bbb20880fc7a097f65e25a82fa2b169.jpg,Dynamic,Cardioid,https://www.sennheiser.com/globalassets/digizuite/41713-en-SP_1224_v1.2_XS_Wireless_Digital_Vocal_Set_Product_Specification_EN.pdf,https://www.sennheiser.com/globalassets/digizuite/41713-en-SP_1224_v1.2_XS_Wireless_Digital_Vocal_Set_Product_Specification_EN.pdf,https://www.sennheiser.com/globalassets/digizuite/41713-en-SP_1224_v1.2_XS_Wireless_Digital_Vocal_Set_Product_Specification_EN.pdf,https://www.sennheiser.com/globalassets/digizuite/41713-en-SP_1224_v1.2_XS_Wireless_Digital_Vocal_Set_Product_Specification_EN.pdf,https://www.sennheiser.com/globalassets/digizuite/41713-en-SP_1224_v1.2_XS_Wireless_Digital_Vocal_Set_Product_Specification_EN.pdf,"(1) XSW-D Female XLR transmitter, (1) XSW-D XLR Male receiver, (1) XS 1 Handheld microphone, (1) Microphone clip, (1) USB-A to USB-C charging cable, (1) Colored stickers for labelling, (1) Quick guide, (1) Safety guide"
Sennheiser,XSW-D XLR BASE SET,508491,"XLR base set with (1) XSW-D XLR FEMALE TX, (1) XSW-D XLR MALE RX and (1) USB charging cable",,649,378.11,,,,615104317802,4044155240573,RO,85176990,342,0.75,240,70,115,9.45,2.76,4.53,8,2934.36,6.47,305,260,240,12.01,10.24,9.45,https://images.salsify.com/image/upload/s--Us9Y85mu--/6d3e671a557a45631998a8493c2c1cbe352f5558.jpg,https://images.salsify.com/image/upload/s--3eUciZus--/64ec811db3af31e31ec6f3f2687fbc4c7d7fdfcb.jpg,https://images.salsify.com/image/upload/s--PsPd0_37--/765a5362306f48570017fda08aa812431df4960a.jpg,https://images.salsify.com/image/upload/s--iL7uKCj6--/0b9a4c9ff6ca340c4afe5d04d4281b648ba8b6f2.jpg,https://images.salsify.com/image/upload/s--nfJ8UzVd--/7ccc031b7d2135cfde6b48353e1b63eb94757c4f.jpg,https://images.salsify.com/image/upload/s---LHFRN3S--/0deedc02683e147c28b049e9a3e86758253302db.jpg,https://images.salsify.com/image/upload/s--5gCVBygi--/db6866fee17373502781d8eecb45428b98b3c6e1.jpg,https://images.salsify.com/image/upload/s--PPnI-lih--/d6e4f30eed6b0dfcd26d29302fe4ddfbe3987b2f.jpg,,,https://www.sennheiser.com/globalassets/digizuite/41719-en-SP_1230_v1.2_XS_Wireless_Digital_XLR_Base_Set_Product_Specification_EN.pdf,https://www.sennheiser.com/globalassets/digizuite/41719-en-SP_1230_v1.2_XS_Wireless_Digital_XLR_Base_Set_Product_Specification_EN.pdf,https://www.sennheiser.com/globalassets/digizuite/41719-en-SP_1230_v1.2_XS_Wireless_Digital_XLR_Base_Set_Product_Specification_EN.pdf,https://www.sennheiser.com/globalassets/digizuite/41719-en-SP_1230_v1.2_XS_Wireless_Digital_XLR_Base_Set_Product_Specification_EN.pdf,https://www.sennheiser.com/globalassets/digizuite/41719-en-SP_1230_v1.2_XS_Wireless_Digital_XLR_Base_Set_Product_Specification_EN.pdf,"(1) XSW-D Female XLR transmitter, (1) XSW-D XLR Male receiver, (1) USB-A to USB-C charging cable, (1) Colored stickers for labelling, (1) Quick guide, (1) Safety guide"
Sennheiser,XSW-D XLR FEMALE TX,508494,XS Wireless Digital transmitter with XLR female input and (1) USB charging cable,,369,214.98,,,,615104317833,4044155240603,RO,85176990,275,0.61,240,70,115,9.45,2.76,4.53,8,2182.36,4.81,305,260,240,12.01,10.24,9.45,https://images.salsify.com/image/upload/s--QCMvTzqt--/57113b8a8745ecc0e37822505bb936e0f84da45a.jpg,https://images.salsify.com/image/upload/s--2KOW3-Nv--/d1f6b648261227832d3320bde44230022c6cd73e.jpg,https://images.salsify.com/image/upload/s--R4FEBCg4--/851cee00139803981f7e5efba743a96872d8127b.jpg,,,,,,,,https://www.sennheiser.com/globalassets/digizuite/41731-en-SP_1241_v1.0_XS_Wireless_Digital_TX_XLR_Product_Specification_EN.pdf,https://www.sennheiser.com/globalassets/digizuite/41731-en-SP_1241_v1.0_XS_Wireless_Digital_TX_XLR_Product_Specification_EN.pdf,https://www.sennheiser.com/globalassets/digizuite/41731-en-SP_1241_v1.0_XS_Wireless_Digital_TX_XLR_Product_Specification_EN.pdf,https://www.sennheiser.com/globalassets/digizuite/41731-en-SP_1241_v1.0_XS_Wireless_Digital_TX_XLR_Product_Specification_EN.pdf,https://www.sennheiser.com/globalassets/digizuite/41731-en-SP_1241_v1.0_XS_Wireless_Digital_TX_XLR_Product_Specification_EN.pdf,"(1) XSW-D XLR FEMALE TX transmitter, (1) USB charging cable"
Sennheiser,XSW-D XLR MALE RX,508497,XS Wireless Digital receiver with XLR male output and (1) USB charging cable,,369,214.98,,,,615104317864,4044155240634,RO,85176930,278,0.61,240,70,115,9.45,2.76,4.53,8,2214.36,4.88,305,260,240,12.01,10.24,9.45,https://images.salsify.com/image/upload/s--EMzR1m4w--/e3acf958f3afc18fea59ff9aa5ad1377416d09c0.jpg,https://images.salsify.com/image/upload/s--EkzFGQDS--/92684bcb38f5459010b541c3d1b425a6d9542668.jpg,https://images.salsify.com/image/upload/s--GdoZ5Lpm--/7ea9f387f05be58a7df960e323ab1b9558a4d305.jpg,,,,,,,,https://www.sennheiser.com/globalassets/digizuite/41732-en-SP_1242_v1.0_XS_Wireless_Digital_RX_XLR_Product_Specification_EN.pdf,https://www.sennheiser.com/globalassets/digizuite/41732-en-SP_1242_v1.0_XS_Wireless_Digital_RX_XLR_Product_Specification_EN.pdf,https://www.sennheiser.com/globalassets/digizuite/41732-en-SP_1242_v1.0_XS_Wireless_Digital_RX_XLR_Product_Specification_EN.pdf,https://www.sennheiser.com/globalassets/digizuite/41732-en-SP_1242_v1.0_XS_Wireless_Digital_RX_XLR_Product_Specification_EN.pdf,https://www.sennheiser.com/globalassets/digizuite/41732-en-SP_1242_v1.0_XS_Wireless_Digital_RX_XLR_Product_Specification_EN.pdf,"(1) XSW-D XLR MALE RX Receiver, (1) USB charging cable"
Sennheiser,ZH102,047957,Pin anthracite. ZH102,,9.42,5.49,,,,615104479579,4006087479575,DE,71171900,1,0.00,,,,,,,1,1.0,0.0,0,0,,0.00,0.00,,https://images.salsify.com/image/upload/s--2dQUurCe--/3fb757663a1838738775ebeab4077a1878e8cc31.jpg,,,,,,,,,,,,,,,(1) ZH102 Pin clip
Sennheiser,BA 100,506681,"Battery for TC-W Master and Satellite Wireless modules,  Li-Ion, 3.7 V / 2600 mAh",,244,142.16,,,,615104264953,4044155099904,ID,85076000,85,0.19,59,98,29,2.32,3.86,1.14,,,,0,0,0,0.00,0.00,0.00,https://images.salsify.com/image/upload/s--5qKO1v7x--/9aa87d7fe76d1bb92279a718e9e885b234757cbd.jpg,https://images.salsify.com/image/upload/s--MWkYsqHZ--/058a6d381e6f9720c2031c36f3ca4f77b2d88205.jpg,,,,,,,,,,,,,,(1) BA 100 Rechargeable battery
Sennheiser,CAMERA CAP FOR TC BAR M,700123,"Camera cap for TC Bar M, magnetic",,25,14.57,,,,615104380615,4044155272253,CN,8505 1190,,,,,,,,,150,4505.0,9.93,241,162,207,9.49,6.38,8.15,https://images.salsify.com/image/upload/s--LkPlQQxX--/2698b08d9b951368750ed9f2b328a7a916048ce6.jpg,,,,,,,,,,,,,,,
Sennheiser,CAMERA CAP FOR TC BAR S,700122,"Camera cap for TC Bar S, magnetic",,25,14.57,,,,615104380561,4044155272246,CN,8505 1190,,,,,,,,,150,3785.0,8.34,241,162,207,9.49,6.38,8.15,https://images.salsify.com/image/upload/s--LkPlQQxX--/2698b08d9b951368750ed9f2b328a7a916048ce6.jpg,,,,,,,,,,,,,,,
Sennheiser,HDMI CABLE FOR TC BAR S/M,700120,"HDMI cable for TC Bar S/M, HDMI 2.0, 1.5m",,59,34.37,,,,615104380462,4044155272222,CN,8544 4290,,,,,,,,,50,10260.0,22.62,400,170,390,15.75,6.69,15.35,https://images.salsify.com/image/upload/s--LkPlQQxX--/2698b08d9b951368750ed9f2b328a7a916048ce6.jpg,,,,,,,,,,,,,,,(1) HDMI CABLE FOR TC BAR S/M
Sennheiser,HS 2 NECKBAND BEIGE,700328,Replacement beige neckband for HS 2,,24.95,14.54,,,,615104390515,4044155279627,HK,85189000,7,0.02,225,"0,2",135,8.86,0.01,5.31,20,246.56,0.54,246,106,186,9.69,4.17,7.32,https://images.salsify.com/image/upload/s--LkPlQQxX--/2698b08d9b951368750ed9f2b328a7a916048ce6.jpg,,,,,,,,,,,,,,,
Sennheiser,HS 2 NECKBAND BLACK,700329,Replacement black neckband for HS 2,,24.95,14.54,,,,615104390546,4044155279634,HK,85189000,7,0.02,225,"0,2",135,8.86,0.01,5.31,20,246.56,0.54,246,106,186,9.69,4.17,7.32,https://images.salsify.com/image/upload/s--LkPlQQxX--/2698b08d9b951368750ed9f2b328a7a916048ce6.jpg,,,,,,,,,,,,,,,
Sennheiser,MOBILECONNECT STATION,508895,MobileConnect Connect Station with  (2) Dante Interfaces and PoE power supply,,8689,5062.29,,,,615104346864,4044155251715,DE,85176200,970,2.14,212,43,168,8.35,1.69,6.61,5,6595.0,14.54,502,288,259,19.76,11.34,10.20,https://images.salsify.com/image/upload/s--bwkNsotP--/ebccf63bdfa0d12027c8e2ab1d3096591e6eb5b6.jpg,https://images.salsify.com/image/upload/s--_VqMjk9F--/3b592c8b82d2a85dd957b33a2d03761727b6db67.jpg,https://images.salsify.com/image/upload/s--HuH8rHIg--/68213162d131f493963f2c30a36b11a8bfd0b042.jpg,,,,,,,,https://www.sennheiser.com/globalassets/digizuite/41167-en-MobileConnect_System_Specification_v1.2_EN.pdf,https://www.sennheiser.com/globalassets/digizuite/41167-en-MobileConnect_System_Specification_v1.2_EN.pdf,https://www.sennheiser.com/globalassets/digizuite/41167-en-MobileConnect_System_Specification_v1.2_EN.pdf,https://www.sennheiser.com/globalassets/digizuite/41167-en-MobileConnect_System_Specification_v1.2_EN.pdf,https://www.sennheiser.com/globalassets/digizuite/41167-en-MobileConnect_System_Specification_v1.2_EN.pdf,"(1) MobileConnect Station, (1) Housing feet, (1) Quick guide"
Sennheiser,MOUNTING KIT FOR TC BAR M,700117,"Mounting Kit for TC Bar M for wall mount, tabletop or freestanding, tiltable, screws",,199,115.94,,,,615104380424,4044155272192,CN,8302 4200,632,1.39,279,92,77,10.98,3.62,3.03,10,13120.0,28.92,405,203,293,15.94,7.99,11.54,https://images.salsify.com/image/upload/s--LkPlQQxX--/2698b08d9b951368750ed9f2b328a7a916048ce6.jpg,,,,,,,,,,,,,,,"(1) Mounting Kit for TeamConnect Bar M, (2) Screws, (1) Drilling template, (1) Quick guide, (1) Safety guide"
Sennheiser,MOUNTING KIT FOR TC BAR S,700116,"Mounting Kit for TC Bar S for wall mount, tabletop or freestanding, tiltable, screws",,199,115.94,,,,615104380417,4044155272185,CN,8302 4200,340,0.75,210,74,71,8.27,2.91,2.80,15,13260.0,29.23,375,254,224,14.76,10.00,8.82,https://images.salsify.com/image/upload/s--LkPlQQxX--/2698b08d9b951368750ed9f2b328a7a916048ce6.jpg,,,,,,,,,,,,,,,"(1) Mounting Kit for TeamConnect Bar S, (2) Screws, (1) Drilling template, (1) Quick guide, (1) Safety guide"
Sennheiser,POWER SUPPLY TC BAR M,700131,"Power Supply TC Bar M, 3 pin, 100-240 V~, 50/60 Hz, 1.5 A, 90W",,109,63.5,,,,615104380738,4044155272338,CN,8504 4083,417,0.92,90,185,40,3.54,7.28,1.57,20,17388.0,38.33,343,208,245,13.50,8.19,9.65,https://images.salsify.com/image/upload/s--LkPlQQxX--/2698b08d9b951368750ed9f2b328a7a916048ce6.jpg,,,,,,,,,,,,,,,"(1) Power Cord for TeamConnect Bar M (5.9'), (1) Quick guide, (1) Safety guide"
Sennheiser,POWER SUPPLY TC BAR S,700130,"Power Supply TC Bar S, 2 pin, 100-240 V~, 50/60 Hz, 1.5 A, 45W",,109,63.5,,,,615104380721,4044155272321,CN,8504 4083,300,0.66,80,108,40,3.15,4.25,1.57,30,15136.0,33.37,425,175,290,16.73,6.89,11.42,https://images.salsify.com/image/upload/s--LkPlQQxX--/2698b08d9b951368750ed9f2b328a7a916048ce6.jpg,,,,,,,,,,,,,,,"(1) Power Cord for TeamConnect Bar S (5.9'), (1) Quick guide, (1) Safety guide"
Sennheiser,Power Cord AUS/NZS TC Bar M,700262,"Power Cord AUS/NZS TC Bar M, 1.8m",,35,20.39,,,,615104386822,4044155277456,CN,8544 4290,,,,,,,,,50,20400.0,44.97,470,180,370,18.50,7.09,14.57,https://images.salsify.com/image/upload/s--mAc-_LwQ--/b58131d7d18d2366d8faa3bd1af0f9bea364e0b3.svg,,,,,,,,,,,,,,,"(1) Power Cord for TeamConnect Bar M (5.9'), (1) Quick guide, (1) Safety guide"
Sennheiser,Power Cord AUS/NZS for TC Bar S,700127,"Power Cord AUS/NZS for TC Bar S, 1.8m",,35,20.39,,,,615104380691,4044155272291,CN,8544 4290,,,,,,,,,50,10410.0,22.95,470,110,370,18.50,4.33,14.57,https://images.salsify.com/image/upload/s--mAc-_LwQ--/b58131d7d18d2366d8faa3bd1af0f9bea364e0b3.svg,,,,,,,,,,,,,,,"(1) Power Cord for TeamConnect Bar S (5.9'), (1) Quick guide, (1) Safety guide"
Sennheiser,REMOTE CONTROL FOR TC BAR S/M,700121,"Remote Control for TC Bar S/M, infrared, 2 AAA batteries",,119,69.33,,,,615104380516,4044155272239,CN,8543 7090,60,0.13,50,126,25,1.97,4.96,0.98,20,11876.0,26.18,330,180,252,12.99,7.09,9.92,https://images.salsify.com/image/upload/s--LkPlQQxX--/2698b08d9b951368750ed9f2b328a7a916048ce6.jpg,https://images.salsify.com/raw/upload/s--2zDQYYuZ--/1f5fd52b6f337e814389a32778b521584c2d2be4,https://images.salsify.com/raw/upload/s--BcGdmXzi--/317826d840adc1547e9cbbe49c3de84cdc1df30c,,,,,,,,,,,,,(1) REMOTE CONTROL FOR TC BAR S/M
Sennheiser,Replacement Set Table Mount,700173,"Table Mount Set for TeamConnect Intelligent Speaker. Includes (1) Knurled nut, (1) Collar washer and (1) stud",,42,24.47,,,,615104382145,4044155273373,CN,83014090,50,0.11,38,58,37,1.50,2.28,1.46,100,5900.0,13.01,205,260,205,8.07,10.24,8.07,https://images.salsify.com/image/upload/s--PrI1CUuU--/e9335bb2feb009235e5faeabeacb95b6b801b498.jpg,,,,,,,,,,,,,,,(1) REPLACEMENT SET TABLE MOUNT
Sennheiser,SL CM EB 625,508290,Ceiling Mic Extension brackets 625,,169,98.46,,,,615104316515,4044155239287,DE,85181000,1996,4.40,639,84,118,25.16,3.31,4.65,,,,0,0,0,0.00,0.00,0.00,https://images.salsify.com/image/upload/s--wV6RLQ7a--/0b906879442548554d4847bffc3591e800a73527.jpg,https://images.salsify.com/image/upload/s--mSMkhsmd--/2aff7000a829957a8cfe451b760c9a3e7ee57e66.jpg,,,,,,,,,https://www.sennheiser.com/globalassets/digizuite/41625-en-SP_1183_v1.0_TeamConnect_Ceiling_2_Specification_EN.pdf,https://www.sennheiser.com/globalassets/digizuite/41625-en-SP_1183_v1.0_TeamConnect_Ceiling_2_Specification_EN.pdf,https://www.sennheiser.com/globalassets/digizuite/41625-en-SP_1183_v1.0_TeamConnect_Ceiling_2_Specification_EN.pdf,https://www.sennheiser.com/globalassets/digizuite/41625-en-SP_1183_v1.0_TeamConnect_Ceiling_2_Specification_EN.pdf,https://www.sennheiser.com/globalassets/digizuite/41625-en-SP_1183_v1.0_TeamConnect_Ceiling_2_Specification_EN.pdf,"(1) SL CM EB 625 Extension Brackets, (4) Metal angle brackets, (4) Housing Screws (M3X8 Torx T10), (1) Quick guide, (1) Safety guide"
Sennheiser,SL CM EB US,508528,Ceiling Mic Extension brackets US,,169,98.46,,,,615104319950,4044155242720,DE,85181000,1791,3.94,639,84,118,25.16,3.31,4.65,,,,0,0,0,0.00,0.00,0.00,https://images.salsify.com/image/upload/s--16zHyClo--/dea340e8d2fc6d07644e81502140074f8c989ffc.jpg,https://images.salsify.com/image/upload/s--17Z6vqZY--/87c507d2c90fbdb72882e05eeea27b4ffeba1979.jpg,,,,,,,,,https://www.sennheiser.com/globalassets/digizuite/41625-en-SP_1183_v1.0_TeamConnect_Ceiling_2_Specification_EN.pdf,https://www.sennheiser.com/globalassets/digizuite/41625-en-SP_1183_v1.0_TeamConnect_Ceiling_2_Specification_EN.pdf,https://www.sennheiser.com/globalassets/digizuite/41625-en-SP_1183_v1.0_TeamConnect_Ceiling_2_Specification_EN.pdf,https://www.sennheiser.com/globalassets/digizuite/41625-en-SP_1183_v1.0_TeamConnect_Ceiling_2_Specification_EN.pdf,https://www.sennheiser.com/globalassets/digizuite/41625-en-SP_1183_v1.0_TeamConnect_Ceiling_2_Specification_EN.pdf,"(1) SL CM EB US Extension Brackets, (4) Metal angle brackets, (4) Housing Screws (M3X8 Torx T10), (1) Quick guide, (1) Safety guide"
Sennheiser,SL CM FB,506846,Surface mount fixation bracket to suit SL Ceiling Mic,,509,296.55,,,,615104271364,4044155207866,DE,85189000,2390,5.26,600,66,510,23.62,2.60,20.08,,,,0,0,0,0.00,0.00,0.00,https://images.salsify.com/image/upload/s--ZU202lIH--/5e44b4cd3d1f08c5c9139783e5e5c4a39cffb71a.jpg,https://images.salsify.com/image/upload/s--NRj33lAJ--/49782c49f2ef4a31d391bf18037217ddde4d7c93.jpg,,,,,,,,,https://www.sennheiser.com/globalassets/digizuite/41625-en-SP_1183_v1.0_TeamConnect_Ceiling_2_Specification_EN.pdf,https://www.sennheiser.com/globalassets/digizuite/41625-en-SP_1183_v1.0_TeamConnect_Ceiling_2_Specification_EN.pdf,https://www.sennheiser.com/globalassets/digizuite/41625-en-SP_1183_v1.0_TeamConnect_Ceiling_2_Specification_EN.pdf,https://www.sennheiser.com/globalassets/digizuite/41625-en-SP_1183_v1.0_TeamConnect_Ceiling_2_Specification_EN.pdf,https://www.sennheiser.com/globalassets/digizuite/41625-en-SP_1183_v1.0_TeamConnect_Ceiling_2_Specification_EN.pdf,"(1) SL CM FB TeamConnect Ceiling surface mounting bracket, (4) Metal angle pieces for housing attachment, (8) M4X8 Torx-T20 Screws, (4) M4x12 Torx-T20 Screws, (1) Quick guide"
Sennheiser,SL CM SK,508291,Ceiling Mic Suspension Kit,,249,145.07,,,,615104316522,4044155239294,DE,85181000,,,,,,,,,33,9471.0,20.88,504,288,319,19.84,11.34,12.56,https://images.salsify.com/image/upload/s--iumH7LAY--/97241d0c61ef4a13f1de11dd9114681528b663c0.jpg,https://images.salsify.com/image/upload/s--W4AoMqBO--/ead52dacb4d729384709c9fdbfcc48bb32b6b91b.jpg,,,,,,,,,https://www.sennheiser.com/globalassets/digizuite/41625-en-SP_1183_v1.0_TeamConnect_Ceiling_2_Specification_EN.pdf,https://www.sennheiser.com/globalassets/digizuite/41625-en-SP_1183_v1.0_TeamConnect_Ceiling_2_Specification_EN.pdf,https://www.sennheiser.com/globalassets/digizuite/41625-en-SP_1183_v1.0_TeamConnect_Ceiling_2_Specification_EN.pdf,https://www.sennheiser.com/globalassets/digizuite/41625-en-SP_1183_v1.0_TeamConnect_Ceiling_2_Specification_EN.pdf,https://www.sennheiser.com/globalassets/digizuite/41625-en-SP_1183_v1.0_TeamConnect_Ceiling_2_Specification_EN.pdf,"(1) SL CM SK Ceiling microphone suspension kit, (4) Ceiling installations threads, (4) Steel Cables with 16.4' Lengths, (4) Ceiling Housing Threads, (1) Quick guide"
Sennheiser,SL CM VB,508620,Ceiling Mic VESA Bracket,,249,145.07,,,,615104331426,4044155246100,DE,85181000,2433,5.36,650,8,540,25.59,0.31,21.26,,,,0,0,0,0.00,0.00,0.00,https://images.salsify.com/image/upload/s--bZS1rsQM--/381c99985f52275a86f2b1ff5bc0ec579e7158d5.jpg,https://images.salsify.com/image/upload/s--Lu_5dMA4--/ca5868f0aaf6098be11ae8e8c547b6ce3d40c9bc.jpg,https://images.salsify.com/image/upload/s---pJAvryt--/e75db9c8806c68ca3d29b111a045c92610e8b4c6.jpg,,,,,,,,https://www.sennheiser.com/globalassets/digizuite/41625-en-SP_1183_v1.0_TeamConnect_Ceiling_2_Specification_EN.pdf,https://www.sennheiser.com/globalassets/digizuite/41625-en-SP_1183_v1.0_TeamConnect_Ceiling_2_Specification_EN.pdf,https://www.sennheiser.com/globalassets/digizuite/41625-en-SP_1183_v1.0_TeamConnect_Ceiling_2_Specification_EN.pdf,https://www.sennheiser.com/globalassets/digizuite/41625-en-SP_1183_v1.0_TeamConnect_Ceiling_2_Specification_EN.pdf,https://www.sennheiser.com/globalassets/digizuite/41625-en-SP_1183_v1.0_TeamConnect_Ceiling_2_Specification_EN.pdf,"(1) SL CM VB VESA Bracket, (1) VESA Mounting Plate, (4) Housing Screws, (1) Quick guide, (1) Safety guide"
Sennheiser,Sennheiser Security Cable Lock,700172,Cable Lock for table mount for TeamConnect Intelligent Speaker,,52,30.3,,,,615104382121,4044155273366,CN,83014090,75,0.17,108,43,80,4.25,1.69,3.15,40,3883.0,8.56,425,215,235,16.73,8.46,9.25,https://images.salsify.com/image/upload/s--j0CYz45a--/8c79b6bffe63e2eecd010fa0aa8186d47ba4652b.jpg,https://images.salsify.com/image/upload/s--BeUudMS5--/2330a573dd21dc53aebabc5849c9955a81d3946c.jpg,,,,,,,,,,,,,,(1) SENNHEISER SECURITY CABLE LOCK
Sennheiser,TC BAR M AUS/NZS,700113,"TeamConnect Bar M all-in-one audio and video conferencing device for mid-sized meeting rooms and collaboration spaces.  Includes (1) TeamConnect Bar M, (1) Mounting Bracket, (1) PSU or POE Power Supply, (1) IR  Remote Control with batteries, mounting bracket & storage, (1) Magnetic Lens Cap, (1) HDMI Cable, (1) USB-C to USB-A cable, Dante audio input and output",,3999,2329.85,,,,615104380363,4044155272154,CN,8517 6990,2500,5.51,750,95,71,29.53,3.74,2.80,1,5699.0,12.56,0,0,0,0.00,0.00,0.00,https://images.salsify.com/image/upload/s--tmpMnwXO--/e72bd2e23f05dd0c43768bb684fd335b63c6ac8b.jpg,https://images.salsify.com/image/upload/s--e1XZJ0Zi--/98d59375f88743815de5332997f894219245c500.jpg,https://images.salsify.com/image/upload/s--LR5WVY4s--/e09b3732f2b4e7a2b09047c9abe820e51bd76f89.jpg,,,,,,,,https://www.sennheiser.com/globalassets/digizuite/44719-en-TeamConnect_Bar_M_Specification_v2.0_EN.pdf,https://www.sennheiser.com/globalassets/digizuite/44719-en-TeamConnect_Bar_M_Specification_v2.0_EN.pdf,https://www.sennheiser.com/globalassets/digizuite/44719-en-TeamConnect_Bar_M_Specification_v2.0_EN.pdf,https://www.sennheiser.com/globalassets/digizuite/44719-en-TeamConnect_Bar_M_Specification_v2.0_EN.pdf,https://www.sennheiser.com/globalassets/digizuite/44719-en-TeamConnect_Bar_M_Specification_v2.0_EN.pdf,"(1) TC Bar M Conferencing microphone, (1) Mounting bracket + drilling template, (1) Power supply unit (S050-1A150300M2), (1) RC TC Bar, (1) Bracket and storage, (1) Magnetic lens cap, (1) HDMI Cable, (1) Screws, (2) AAA 1.5 V Batteries, (1) USB-C 3.1 Cable, (1) Manual"
Sennheiser,TC BAR S AUS/NZS,700107,"TeamConnect Bar S all-in-one audio and video conferencing device for small meeting rooms and collaboration spaces.  Includes (1) TeamConnect Bar S, (1) Mounting Bracket, (1) PSU or POE+ Power Supply, (1) IR  Remote Control with batteries, mounting bracket & storage, (1) Magnetic Lens Cap, (1) HDMI Cable, (1) USB-C 3.1 cable, Dante audio input and output",,1449,844,,_,Ask for promotion price,615104380301,4044155272093,CN,8517 6990,1500,3.30,450,76,71,17.72,2.99,2.80,1,3364.0,7.42,0,0,0,0.00,0.00,0.00,https://images.salsify.com/image/upload/s--jjK2tzv5--/b620e3ea8643e0d5934adb33cf61870cababaae5.jpg,https://images.salsify.com/image/upload/s--4Nsolg23--/3e6814b33113144490443c7268fd685aaf567cd1.jpg,,,,,,,,,https://www.sennheiser.com/globalassets/digizuite/44723-en-TeamConnect_Bar_S_Specification_v2.0_EN.pdf,https://www.sennheiser.com/globalassets/digizuite/44723-en-TeamConnect_Bar_S_Specification_v2.0_EN.pdf,https://www.sennheiser.com/globalassets/digizuite/44723-en-TeamConnect_Bar_S_Specification_v2.0_EN.pdf,https://www.sennheiser.com/globalassets/digizuite/44723-en-TeamConnect_Bar_S_Specification_v2.0_EN.pdf,https://www.sennheiser.com/globalassets/digizuite/44723-en-TeamConnect_Bar_S_Specification_v2.0_EN.pdf,"(1) TC Bar S Conferencing microphone, (1) Mounting bracket + drilling template, (1) Power supply unit (S050-1A150300M2), (1) RC TC Bar, (1) Bracket and storage, (1) Magnetic lens cap, (1) HDMI Cable, (1) Screws, (2) AAA 1.5 V Batteries, (1) USB-C 3.1 Cable, (1) Manual"
Sennheiser,TCC M AT,700695,TCCM Spare Adhesive Tape (for Logo plate base),,14.95,8.71,,,,615104402942,4044155287080,DE,8518 9000,,,,,,,,,0,0.0,0.0,0,0,0,0.00,0.00,0.00,https://images.salsify.com/image/upload/s--LkPlQQxX--/2698b08d9b951368750ed9f2b328a7a916048ce6.jpg,,,,,,,,,,,,,,,(1) TCC M AT Adhesive tape
Sennheiser,TCC M H-B,700239,The TCC M H is the design housing for the TeamConnect Ceiling Medium in black color,,409,238.29,,,,615104372665,4044155274547,CN,85189000,1710,3.77,436,55,422,17.17,2.17,16.61,5,8630.0,19.03,430,450,290,16.93,17.72,11.42,https://images.salsify.com/image/upload/s--_sHuDasP--/1463abc3ceae1636ae89890b68d71e9db6becb97.jpg,,,,,,,,,,,,,,,"(1) Design housing (Black), (1) Quick guide, (1) Safety guide"
Sennheiser,TCC M H-W,700238,The TCC M H is the design housing for the TeamConnect Ceiling Medium in white color,,409,238.29,,,,615104372658,4044155274530,CN,85189000,1710,3.77,436,55,422,17.17,2.17,16.61,5,8630.0,19.03,430,450,290,16.93,17.72,11.42,https://images.salsify.com/image/upload/s--uRe1Cd9u--/0fb4504036b7aac8ef79c6cdee4e72cb6eaeec6a.jpg,,,,,,,,,,,,,,,"(1) Design housing (White), (1) Quick guide, (1) Safety guide"
Sennheiser,TCC M Plus CT-W,700519,"The TCC M Plus CT-W Kit (EU Version) for flush-mounting of ceiling microphone in the ceiling consists of 1x Ceiling Microphone TeamConnect Ceiling Medium, 1x TCCM CTFP-W square plate (white), 1x Phoenix connector, 1x Safety rope, 1x Suspension kit.",,5990,3490,NEW,,,615104398238,4044155284225,DE,85181000,4100,9.03,"590,8","45,8","590,8",23.26,1.80,23.26,0,0.0,0.0,0,0,0,0.00,0.00,0.00,https://images.salsify.com/image/upload/s--H6p2Ae4r--/2a027fb567acade3efaaa7649dc88380eceb1b9f.jpg,,,,,,,,,,,,,,,"(1) TCC M Plus ,  (1) Ceiling Tile Plate ,  (1) Flush Mount Kit ,  (1) Phoenix connector ,  (1) Safety Rope ,  (1) Suspension Kit"
Sennheiser,TCC M Plus CT-W 2ft,700520,"The TCC M Plus CT-W 2FT Kit (US Version) for flush-mounting of ceiling microphone in the ceiling consists of 1x Ceiling Microphone TeamConnect Ceiling Medium, 1x TCCM CTFP-W 2FT square plate (approx. 23.88 _ 23.88 in, white), 1x Phoenix connector, 1x Safety rope, 1x Suspension kit.",,5990,3490,NEW,,,615104398252,4044155284232,DE,85181000,4300,9.47,"606,5","45,8","606,5",23.88,1.80,23.88,0,0.0,0.0,0,0,0,0.00,0.00,0.00,https://images.salsify.com/image/upload/s--H6p2Ae4r--/2a027fb567acade3efaaa7649dc88380eceb1b9f.jpg,,,,,,,,,,,,,,,"(1) TCC M Plus ,  (1) Ceiling Tile Plate ,  (1) Flush Mount Kit ,  (1) Phoenix connector ,  (1) Safety Rope ,  (1) Suspension Kit"
Sennheiser,TCC M Plus F-B,700508,"The TCC M Plus-F Kit for flush-mounting of ceiling microphone in the ceiling consists of 1x Ceiling Microphone TeamConnect Ceiling Medium, 1x front plate (white or black), 1x Flush-mount kit, 1x Chicago plenum connection box cover plate, Drilling templates, 1x Phoenix connector, 1x Safety rope, 1x Suspension kit.",,5990,3490,NEW,,,615104397958,4044155284119,DE,85181000,4100,9.03,"590,8","45,8","590,8",23.26,1.80,23.26,0,0.0,0.0,0,0,0,0.00,0.00,0.00,https://images.salsify.com/image/upload/s--Rh-6YJ1P--/cc3617e1731d445d250a241bb607c4ea39b9a14c.jpg,,,,,,,,,,,,,,,"(1) TCC M Plus Conferencing microphone  ,  (1) Front plate black  ,  (1) Flush mount kit  ,  (1) Chicago plenum connection box cover plate  ,  (1) Drilling templates  ,  (1) Phoenix connector  ,  (1) Safety rope  ,  (1) Suspension kit"
Sennheiser,TCC M Plus F-W,700507,"The TCC M Plus-F Kit for flush-mounting of ceiling microphone in the ceiling consists of 1x Ceiling Microphone TeamConnect Ceiling Medium, 1x front plate (white or black), 1x Flush-mount kit, 1x Chicago plenum connection box cover plate, Drilling templates, 1x Phoenix connector, 1x Safety rope, 1x Suspension kit.",,5990,3490,NEW,,,615104397941,4044155284102,DE,85181000,4100,9.03,"590,8","45,8","590,8",23.26,1.80,23.26,0,0.0,0.0,0,0,0,0.00,0.00,0.00,https://images.salsify.com/image/upload/s--nZenTvp_--/a85b1b4295ccc260aefe723c98f25e441ec289ce.jpg,,,,,,,,,,,,,,,"(1) TCC M Plus Conferencing microphone   ,  (1) Front plate white  ,  (1) Flush mount kit  ,  (1) Chicago plenum connection box cover plate  ,  (1) Drilling templates  ,  (1) Phoenix connector  ,  (1) Safety rope  ,  (1) Suspension kit"
Sennheiser,TCC M Plus S-B,700510,"TCC M Plus-S Kit for surface-mounted of ceiling microphone or suspended mounting contains 1x Ceiling Microphone TeamConnect Ceiling Medium, 1 black front plate, 1x black housing,  1x Chicago plenum connection box cover plate, Drilling templates, 1x Phoenix connector, 1x Safety rope, 1x Suspension kit.",,5990,3490,NEW,,,615104397996,4044155284133,DE,85181000,4100,9.03,"590,8","45,8","590,8",23.26,1.80,23.26,0,0.0,0.0,0,0,0,0.00,0.00,0.00,https://images.salsify.com/image/upload/s--5STFEXgy--/34969ee7f18779afa9fbc5255bc9905bea45f31c.jpg,,,,,,,,,,,,,,,"(1) TCC M Plus Conferencing microphone ,  (1) Front plate black ,  (1) Design housing black ,  (1) Chicago plenum connection box cover plate ,  (1) Drilling templates ,  (1) Phoenix connector ,  (1) Safety rope ,  (1) Suspension kit"
Sennheiser,TCC M Plus S-W,700509,"TCC M Plus-S Kit for surface-mounted of ceiling microphone or suspended mounting contains 1x Ceiling Microphone TeamConnect Ceiling Medium, 1 white front plate, 1x white housing,  1x Chicago plenum connection box cover plate, Drilling templates, 1x Phoenix connector, 1x Safety rope, 1x Suspension kit.",,5990,3490,NEW,,,615104397972,4044155284126,DE,85181000,4100,9.03,"590,8","45,8","590,8",23.26,1.80,23.26,0,0.0,0.0,0,0,0,0.00,0.00,0.00,https://images.salsify.com/image/upload/s--OL_lbZA2--/de5a3e5fe319f448d3aea5df592142306a62da66.jpg,,,,,,,,,,,,,,,"(1) TCC M Plus Conferencing microphone ,  (1) Front plate white ,  (1) Design housing white ,  (1) Chicago plenum connection box cover plate ,  (1) Drilling templates ,  (1) Phoenix connector ,  (1) Safety rope ,  (1) Suspension kit"
Sennheiser,TCC M SFP-B,700236,The TCC M SFP is a spare front plate for the TeamConnect Ceiling Medium in black color,,229,133.42,,,,615104372634,4044155274516,CN,85189000,810,1.78,415,27,410,16.34,1.06,16.14,10,8840.0,19.49,430,445,310,16.93,17.52,12.20,https://images.salsify.com/image/upload/s--aaSfoWnU--/144f444fc22982d1d756b6d926a8160c735f32c4.jpg,,,,,,,,,,,,,,,"(1) Front plate (Black), (1) Quick guide, (1) Safety guide"
Sennheiser,TCC M SFP-W,700235,The TCC M SFP is a spare front plate for the TeamConnect Ceiling Medium in white color,,229,133.42,,,,615104360235,4044155274509,CN,85189000,810,1.78,415,27,410,16.34,1.06,16.14,10,8840.0,19.49,430,445,310,16.93,17.52,12.20,https://images.salsify.com/image/upload/s--hjuXyKNn--/1464860f5cdeaa49c0bff227e3f77a271c22417b.jpg,,,,,,,,,,,,,,,"(1) Front plate (White), (1) Quick guide, (1) Safety guide"
Sennheiser,TCC M SK,700237,The TCC M SK ceiling mic suspension kit is made to be used for an installation of the TeamConnect Ceiling Medium from higher ceilings. It consists of 3 steel cables with 16.4ft (5m) length that can be adjusted to an individual installation height.,,179,104.29,,,,615104372641,4044155274523,IN,85189000,205,0.45,141,19,141,5.55,0.75,5.55,40,10540.0,23.24,415,280,415,16.34,11.02,16.34,https://images.salsify.com/image/upload/s--Vf_hUzP1--/fbf5604292979f444dc3eba35c47564d6f9c774f.jpg,,,,,,,,,,,,,,,"(3) Ceiling installation threads, (3) 16.4ft / 5m length steel cables, (3) Ceiling housing threads"
Sennheiser,TCC M-F-B,700234,"The TCC M-F Kit for flush-mounting of ceiling microphone in the ceiling consists of 1x Ceiling Microphone TeamConnect Ceiling Medium, 1x front plate (white or black), 1x Flush-mount kit, 1x Chicago plenum connection box cover plate, Drilling templates, 1x Phoenix connector, 1x Safety rope, 1x Suspension kit.",,5990,3490,,,,615104360211,4044155274493,DE,85189000,4900,10.79,407,92,407,16.02,3.62,16.02,0,0.0,0.0,0,0,0,0.00,0.00,0.00,https://images.salsify.com/image/upload/s--Rh-6YJ1P--/cc3617e1731d445d250a241bb607c4ea39b9a14c.jpg,,,,,,,,,,https://www.sennheiser.com/globalassets/digizuite/41908-en-TeamConnect_Ceiling_Medium_Specification_v.1.3_EN.pdf,https://www.sennheiser.com/globalassets/digizuite/41908-en-TeamConnect_Ceiling_Medium_Specification_v.1.3_EN.pdf,https://www.sennheiser.com/globalassets/digizuite/41908-en-TeamConnect_Ceiling_Medium_Specification_v.1.3_EN.pdf,https://www.sennheiser.com/globalassets/digizuite/41908-en-TeamConnect_Ceiling_Medium_Specification_v.1.3_EN.pdf,https://www.sennheiser.com/globalassets/digizuite/41908-en-TeamConnect_Ceiling_Medium_Specification_v.1.3_EN.pdf,"(1) TCC M Conferencing microphone, (1) Front plate black, (1) Flush mount kit, (1) Chicago plenum connection box cover plate, (1) Drilling templates, (1) Phoenix connector, (1) Safety rope, (1) Suspension kit"
Sennheiser,TCC M-F-W,700170,"The TCC M-F Kit for flush-mounting of ceiling microphone in the ceiling consists of 1x Ceiling Microphone TeamConnect Ceiling Medium, 1x front plate (white or black), 1x Flush-mount kit, 1x Chicago plenum connection box cover plate, Drilling templates, 1x Phoenix connector, 1x Safety rope, 1x Suspension kit.",,5990,3490,,,,615104381957,4044155273274,DE,85189000,4900,10.79,407,46,407,16.02,1.81,16.02,0,0.0,0.0,0,0,0,0.00,0.00,0.00,https://images.salsify.com/image/upload/s--nZenTvp_--/a85b1b4295ccc260aefe723c98f25e441ec289ce.jpg,,,,,,,,,,https://www.sennheiser.com/globalassets/digizuite/41908-en-TeamConnect_Ceiling_Medium_Specification_v.1.3_EN.pdf,https://www.sennheiser.com/globalassets/digizuite/41908-en-TeamConnect_Ceiling_Medium_Specification_v.1.3_EN.pdf,https://www.sennheiser.com/globalassets/digizuite/41908-en-TeamConnect_Ceiling_Medium_Specification_v.1.3_EN.pdf,https://www.sennheiser.com/globalassets/digizuite/41908-en-TeamConnect_Ceiling_Medium_Specification_v.1.3_EN.pdf,https://www.sennheiser.com/globalassets/digizuite/41908-en-TeamConnect_Ceiling_Medium_Specification_v.1.3_EN.pdf,"(1) TCC M Conferencing microphone, (1) Front plate white, (1) Flush mount kit, (1) Chicago plenum connection box cover plate, (1) Drilling templates, (1) Phoenix connector, (1) Safety rope, (1) Suspension kit"
Sennheiser,TCC M-S-B,700295,"TCC M-S Kit for surface-mounted of ceiling microphone or suspended mounting contains 1x Ceiling Microphone TeamConnect Ceiling Medium, 1 black front plate, 1x black housing,  1x Chicago plenum connection box cover plate, Drilling templates, 1x Phoenix connector, 1x Safety rope, 1x Suspension kit.",,5990,3490,,,,615104387898,4044155278040,DE,85189000,4900,10.79,407,27,407,16.02,1.06,16.02,0,0.0,0.0,0,0,0,0.00,0.00,0.00,https://images.salsify.com/image/upload/s--5STFEXgy--/34969ee7f18779afa9fbc5255bc9905bea45f31c.jpg,,,,,,,,,,https://www.sennheiser.com/globalassets/digizuite/41908-en-TeamConnect_Ceiling_Medium_Specification_v.1.3_EN.pdf,https://www.sennheiser.com/globalassets/digizuite/41908-en-TeamConnect_Ceiling_Medium_Specification_v.1.3_EN.pdf,https://www.sennheiser.com/globalassets/digizuite/41908-en-TeamConnect_Ceiling_Medium_Specification_v.1.3_EN.pdf,https://www.sennheiser.com/globalassets/digizuite/41908-en-TeamConnect_Ceiling_Medium_Specification_v.1.3_EN.pdf,https://www.sennheiser.com/globalassets/digizuite/41908-en-TeamConnect_Ceiling_Medium_Specification_v.1.3_EN.pdf,"(1) TCC M Conferencing microphone, (1) Front plate black, (1) Design housing black, (1) Chicago plenum connection box cover plate, (1) Drilling templates, (1) Phoenix connector, (1) Safety rope, (1) Suspension kit"
Sennheiser,TCC M-S-W,700294,"TCC M-S Kit for surface-mounted of ceiling microphone or suspended mounting contains 1x Ceiling Microphone TeamConnect Ceiling Medium, 1 white front plate, 1x  white housing,  1x Chicago plenum connection box cover plate, Drilling templates, 1x Phoenix connector, 1x Safety rope, 1x Suspension kit.",,5990,3490,,,,615104387874,4044155278033,DE,85189000,4900,10.79,407,27,407,16.02,1.06,16.02,0,0.0,0.0,0,0,0,0.00,0.00,0.00,https://images.salsify.com/image/upload/s--OL_lbZA2--/de5a3e5fe319f448d3aea5df592142306a62da66.jpg,,,,,,,,,,https://www.sennheiser.com/globalassets/digizuite/41908-en-TeamConnect_Ceiling_Medium_Specification_v.1.3_EN.pdf,https://www.sennheiser.com/globalassets/digizuite/41908-en-TeamConnect_Ceiling_Medium_Specification_v.1.3_EN.pdf,https://www.sennheiser.com/globalassets/digizuite/41908-en-TeamConnect_Ceiling_Medium_Specification_v.1.3_EN.pdf,https://www.sennheiser.com/globalassets/digizuite/41908-en-TeamConnect_Ceiling_Medium_Specification_v.1.3_EN.pdf,https://www.sennheiser.com/globalassets/digizuite/41908-en-TeamConnect_Ceiling_Medium_Specification_v.1.3_EN.pdf,"(1) TCC M Conferencing microphone, (1) Front plate white, (1) Design housing white, (1) Chicago plenum connection box cover plate, (1) Drilling templates, (1) Phoenix connector, (1) Safety rope, (1) Suspension kit"
Sennheiser,TCCM - SLP-B,700672,TCCM Spare Logo Plate black,,14.95,8.71,,,,615104402690,4044155286823,CN,8518 9000,,,,,,,,,0,0.0,0.0,0,0,0,0.00,0.00,0.00,https://images.salsify.com/image/upload/s--KD6bvLRp--/glcqrh5ihifqv8nszwrq.png,,,,,,,,,,,,,,,(1) TCCM SLP B Logo plate (black)
Sennheiser,TCCM - SLP-W,700673,TCCM Spare Logo Plate white,,14.95,8.71,,,,615104402706,4044155286830,CN,8518 9000,,,,,,,,,0,0.0,0.0,0,0,0,0.00,0.00,0.00,https://images.salsify.com/image/upload/s--hoz6IjbX--/lc5p7pmwmk8ongagon5f.png,,,,,,,,,,,,,,,(1) TCCM SLP W Logo plate (white)
Sennheiser,TCCM CT-W,700517,"The TCCM CT-W Kit for flush-mounting of ceiling microphone in the ceiling consists of 1x Ceiling Microphone TeamConnect Ceiling Medium, 1x TCCM CTFP-W square plate (white), 1x Phoenix connector, 1x Safety rope, 1x Suspension kit.",,5990,3490,,,,615104398160,4044155284201,DE,85181000,4100,9.03,"590,8","45,8","590,8",23.26,1.80,23.26,0,0.0,0.0,0,0,0,0.00,0.00,0.00,https://images.salsify.com/image/upload/s--H6p2Ae4r--/2a027fb567acade3efaaa7649dc88380eceb1b9f.jpg,https://images.salsify.com/image/upload/s--ztIo6Nu5--/e70a278c75ae79fc0f10abe2a4e8f5b2bbb14180.jpg,https://images.salsify.com/image/upload/s--5KtDlKAw--/f88612078f692791515671ad1b41c0296398bdd3.jpg,https://images.salsify.com/image/upload/s--vbBJyAn2--/a3d15b82e2ebff50fcd2062c82350e5d42e5ace2.jpg,https://images.salsify.com/image/upload/s--TYIcAoH6--/bf9a25d988c5532c00f6c6a0c70e97ffff0968cd.jpg,,,,Condenser,Omnidirectional,,,,,,"TCC M, Ceiling Tile Plate, Flush Mount Kit, Phoenix connector, Safety Rope, Suspension Kit"
Sennheiser,TCCM CT-W 2FT,700518,"The TCCM CT-W 2FT Kit for flush-mounting of ceiling microphone in the ceiling consists of 1x Ceiling Microphone TeamConnect Ceiling Medium, 1x TCCM CTFP-W 2FT square plate (606.5 _ 606.5 mm in white), 1x Phoenix connector, 1x Safety rope, 1x Suspension kit.",,5990,3490,,,,615104398214,4044155284218,DE,85181000,4300,9.47,"606,5","45,8","606,5",23.88,1.80,23.88,0,0.0,0.0,0,0,0,0.00,0.00,0.00,https://images.salsify.com/image/upload/s--H6p2Ae4r--/2a027fb567acade3efaaa7649dc88380eceb1b9f.jpg,https://images.salsify.com/image/upload/s--ztIo6Nu5--/e70a278c75ae79fc0f10abe2a4e8f5b2bbb14180.jpg,https://images.salsify.com/image/upload/s--5KtDlKAw--/f88612078f692791515671ad1b41c0296398bdd3.jpg,https://images.salsify.com/image/upload/s--vbBJyAn2--/a3d15b82e2ebff50fcd2062c82350e5d42e5ace2.jpg,https://images.salsify.com/image/upload/s--TYIcAoH6--/bf9a25d988c5532c00f6c6a0c70e97ffff0968cd.jpg,,,,Condenser,Omnidirectional,,,,,,"TCC M, Ceiling Tile Plate, Flush Mount Kit, Phoenix connector, Safety Rope, Suspension Kit"
Sennheiser,TCCM CTFP-W,700515,"Replacement (590.8 _ 590.88 mm, white) Tile for the TeamConnect Ceiling Medium Ceiling Tile.",,409,238.29,,,,615104398108,4044155284188,CN,85181000,1034,2.28,"590,8",26,"590,8",23.26,1.02,23.26,0,0.0,0.0,0,0,0,0.00,0.00,0.00,https://images.salsify.com/image/upload/s--5uyWfgDe--/052a7edb80e8a2a7ba246605d21b9cc17d605609.jpg,,,,,,,,,,,,,,,(1) TCCM CTFP-W
Sennheiser,TEAMCONNECT CEILING 2,507488,"TeamConnect Ceiling 2 (white), a beamforming ceiling array mic with two Dante and one analog audio output, PoE powered",,9809,5715,,,,615104311893,4044155234664,DE,85181000,5670,12.49,700,130,700,27.56,5.12,27.56,0,0.0,0.0,0,0,0,0.00,0.00,0.00,https://images.salsify.com/image/upload/s--sbnWtxjr--/c919905f6b05277a1dbdd3833848786f93f46436.jpg,,,,,,,,,,https://www.sennheiser.com/globalassets/digizuite/41625-en-SP_1183_v1.0_TeamConnect_Ceiling_2_Specification_EN.pdf,https://www.sennheiser.com/globalassets/digizuite/41625-en-SP_1183_v1.0_TeamConnect_Ceiling_2_Specification_EN.pdf,https://www.sennheiser.com/globalassets/digizuite/41625-en-SP_1183_v1.0_TeamConnect_Ceiling_2_Specification_EN.pdf,https://www.sennheiser.com/globalassets/digizuite/41625-en-SP_1183_v1.0_TeamConnect_Ceiling_2_Specification_EN.pdf,https://www.sennheiser.com/globalassets/digizuite/41625-en-SP_1183_v1.0_TeamConnect_Ceiling_2_Specification_EN.pdf,"(1) TeamConnect SL Ceiling 2 Microphone Array, (1) 3-pin Phoenix connector (3.81 mm), (8) Self-adhesive rubber feet, (1) Instruction manual, (1) Supplement sheet with manufacturer declarations"
Sennheiser,TEAMCONNECT CEILING 2 BLACK,509161,"TeamConnect Ceiling 2 (black), a beamforming ceiling array mic with two Dante and one analog audio output, PoE powered",,9809,5715,,,,615104356436,4044155257434,DE,85181000,5670,12.49,700,130,700,27.56,5.12,27.56,0,0.0,0.0,0,0,0,0.00,0.00,0.00,https://images.salsify.com/image/upload/s--BLDEv2V6--/ec0a10156c681ead27a139c702fd90b454ab6c26.jpg,,,,,,,,,,https://www.sennheiser.com/globalassets/digizuite/41625-en-SP_1183_v1.0_TeamConnect_Ceiling_2_Specification_EN.pdf,https://www.sennheiser.com/globalassets/digizuite/41625-en-SP_1183_v1.0_TeamConnect_Ceiling_2_Specification_EN.pdf,https://www.sennheiser.com/globalassets/digizuite/41625-en-SP_1183_v1.0_TeamConnect_Ceiling_2_Specification_EN.pdf,https://www.sennheiser.com/globalassets/digizuite/41625-en-SP_1183_v1.0_TeamConnect_Ceiling_2_Specification_EN.pdf,https://www.sennheiser.com/globalassets/digizuite/41625-en-SP_1183_v1.0_TeamConnect_Ceiling_2_Specification_EN.pdf,"(1) TeamConnect SL Ceiling 2 Microphone Array, (1) 3-pin Phoenix connector (3.81 mm), (8) Self-adhesive rubber feet, (1) Instruction manual, (1) Supplement sheet with manufacturer declarations"
Sennheiser,USB3.1 CABLE 3M FOR TC BAR S/M,700312,"USB cable for TC Bar S/M, USB 3.1, 3m",,69,40.2,,,,615104390188,4044155279368,CN,8544 4290,,,,,,,,,50,12450.0,27.45,380,280,380,14.96,11.02,14.96,https://images.salsify.com/image/upload/s--LkPlQQxX--/2698b08d9b951368750ed9f2b328a7a916048ce6.jpg,,,,,,,,,,,,,,,"(1) USB-C Cable for TC Bar Small and Medium (9.8'), (1) Quick guide, (1) Safety guide"
Sennheiser,VESA MOUNT KIT FOR TC BAR S/M,700118,"VESA Mount Kit for TC Bar S/M, mounting set, M6 and M8 screw set",,299,174.2,,,,615104380431,4044155272208,CN,8302 4200,2600,5.73,488,56,188,19.21,2.20,7.40,4,24920.0,54.94,506,206,248,19.92,8.11,9.76,https://images.salsify.com/image/upload/s--LkPlQQxX--/2698b08d9b951368750ed9f2b328a7a916048ce6.jpg,,,,,,,,,,,,,,,"(1) VESA Mount Kit for TC BAR S/M, (1) M6 Screw set, (1) M8 Screw set, (1) Quick guide, (1) Safety guide"